ax,ay,az,gx,gy,gz,thr,as,vz,alt,roll,pitch,label
0.0000,0.0000,-9.8198,0.0000,0.0000,0.0000,0.0000,0.4414,-0.0100,0.0930,0.0546,0.0430,0
0.0000,0.0000,-9.8198,0.0000,0.0000,0.0000,0.0000,0.3124,-0.0100,0.0340,0.0557,0.0428,0
0.0000,0.0000,-9.8198,0.0000,0.0000,0.0000,0.0000,0.3640,-0.0100,0.0070,0.0563,0.0431,0
0.0000,0.0000,-9.8198,0.0000,0.0000,0.0000,0.0000,0.6765,-0.0100,0.0020,0.0570,0.0432,0
0.0000,0.0000,-9.8198,0.0000,0.0000,0.0000,0.0000,0.4928,-0.0100,-0.0010,0.0577,0.0434,0
0.0000,0.0000,-9.8198,0.0000,0.0000,0.0000,0.0000,0.7658,-0.0100,-0.0020,0.0579,0.0435,0
0.0000,0.0000,-9.8198,0.0000,0.0000,0.0000,0.0000,0.7355,-0.0100,0.0000,0.0584,0.0436,0
0.0000,0.0000,-9.8198,0.0000,0.0000,0.0000,0.0000,0.6187,-0.0100,0.0010,0.0586,0.0439,0
0.0000,0.0000,-9.8198,0.0000,0.0000,0.0000,0.0000,0.8456,-0.0100,0.0060,0.0588,0.0440,0
0.0000,0.0000,-9.8198,0.0000,0.0000,0.0000,0.0000,0.7499,-0.0100,0.0100,0.0594,0.0445,0
0.0000,0.0000,-9.8198,0.0000,0.0000,0.0000,0.0000,0.6570,-0.0100,0.0190,0.0600,0.0445,0
0.0000,0.0000,-9.8198,0.0000,0.0000,0.0000,0.0000,0.7633,-0.0100,0.0260,0.0604,0.0453,0
0.0000,0.0000,-9.8198,0.0000,0.0000,0.0000,0.0000,0.6693,-0.0100,0.0340,0.0608,0.0458,0
0.0000,0.0000,-9.8198,0.0000,0.0000,0.0000,0.0000,0.6829,-0.0100,0.0370,0.0611,0.0462,0
0.0000,0.0000,-9.8198,0.0000,0.0000,0.0000,0.0000,0.6587,-0.0100,0.0400,0.0610,0.0463,0
0.0000,0.0000,-9.8198,0.0000,0.0000,0.0000,0.0000,0.6006,-0.0100,0.0410,0.0612,0.0462,0
0.0000,0.0000,-9.8198,0.0000,0.0000,0.0000,0.0000,0.6012,-0.0100,0.0420,0.0615,0.0459,0
0.0000,0.0000,-9.8198,0.0000,0.0000,0.0000,0.0000,0.6491,-0.0100,0.0420,0.0620,0.0464,0
0.0000,0.0000,-9.8198,0.0000,0.0000,0.0000,0.0000,0.1790,0.0000,0.0370,0.0621,0.0469,0
0.0000,0.0000,-9.8198,0.0000,0.0000,0.0000,0.0000,0.5011,0.0000,0.0340,0.0627,0.0474,0
0.0000,0.0000,-9.8198,0.0000,0.0000,0.0000,0.0000,0.8168,0.0000,0.0330,0.0627,0.0476,0
0.0000,0.0000,-9.8198,0.0000,0.0000,0.0000,0.0000,0.5054,0.0000,0.0380,0.0628,0.0481,0
0.0000,0.0000,-9.8198,0.0000,0.0000,0.0000,0.0000,0.9640,0.0000,0.0450,0.0630,0.0482,0
0.0000,0.0000,-9.8198,0.0000,0.0000,0.0000,0.0000,0.5804,0.0000,0.0440,0.0631,0.0482,0
0.0000,0.0000,-9.8198,0.0000,0.0000,0.0000,0.0000,0.8213,0.0000,0.0340,0.0631,0.0484,0
0.0000,0.0000,-9.8198,0.0000,0.0000,0.0000,0.0000,0.2226,0.0000,0.0070,0.0634,0.0483,0
0.0000,0.0000,-9.8198,0.0000,0.0000,0.0000,0.0000,0.3289,0.0000,-0.0040,0.0637,0.0483,0
0.0000,0.0000,-9.8198,0.0000,0.0000,0.0000,0.0000,0.7236,0.0000,-0.0030,0.0639,0.0487,0
0.0000,0.0000,-9.8198,0.0000,0.0000,0.0000,0.0000,0.7101,0.0000,0.0050,0.0642,0.0492,0
0.0000,0.0000,-9.8198,0.0000,0.0000,0.0000,0.0000,0.3905,0.0000,0.0150,0.0647,0.0495,0
0.0000,0.0000,-9.8198,0.0000,0.0000,0.0000,0.0000,0.3943,-0.0100,0.0310,0.0649,0.0496,0
0.0000,0.0000,-9.8198,0.0000,0.0000,0.0000,0.0000,0.2877,-0.0100,0.0340,0.0646,0.0495,0
0.0000,0.0000,-9.8198,0.0000,0.0000,0.0000,0.0000,0.7400,-0.0100,0.0380,0.0646,0.0496,0
0.0000,0.0000,-9.8198,0.0000,0.0000,0.0000,0.0000,0.3727,-0.0100,0.0470,0.0642,0.0502,0
0.0000,0.0000,-9.8198,0.0000,0.0000,0.0000,0.0000,0.2309,-0.0100,0.0580,0.0638,0.0499,0
0.0000,0.0000,-9.8198,0.0000,0.0000,0.0000,0.0000,0.7468,-0.0100,0.0690,0.0638,0.0502,0
0.0000,0.0000,-9.8198,0.0000,0.0000,0.0000,0.0000,0.3646,-0.0100,0.0830,0.0641,0.0507,0
0.0000,0.0000,-9.8198,0.0000,0.0000,0.0000,0.0000,0.4149,-0.0100,0.0900,0.0645,0.0508,0
0.0000,0.0000,-9.8198,0.0000,0.0000,0.0000,0.0000,0.3137,-0.0100,0.0980,0.0646,0.0510,0
0.0000,0.0000,-9.8198,0.0000,0.0000,0.0000,0.0000,0.8657,-0.0100,0.1020,0.0649,0.0514,0
0.0000,0.0000,-9.8198,0.0000,0.0000,0.0000,0.0000,0.5990,-0.0100,0.1070,0.0650,0.0517,0
0.0000,0.0000,-9.8198,0.0000,0.0000,0.0000,0.0000,0.1248,-0.0100,0.1080,0.0653,0.0520,0
0.0000,0.0000,-9.8198,0.0000,0.0000,0.0000,0.0000,0.7523,-0.0100,0.1100,0.0646,0.0521,0
0.0000,0.0000,-9.8198,0.0000,0.0000,0.0000,0.0000,0.8969,-0.0100,0.1110,0.0647,0.0522,0
0.0000,0.0000,-9.8198,0.0000,0.0000,0.0000,0.0000,0.2473,-0.0100,0.1140,0.0651,0.0530,0
0.0000,0.0000,-9.8198,0.0000,0.0000,0.0000,0.0000,0.7320,-0.0100,0.1180,0.0653,0.0532,0
0.0000,0.0000,-9.8198,0.0000,0.0000,0.0000,0.0000,0.5558,-0.0100,0.1240,0.0655,0.0532,0
0.0000,0.0000,-9.8198,0.0000,0.0000,0.0000,0.0000,0.8796,-0.0100,0.1250,0.0657,0.0532,0
0.0000,0.0000,-9.8198,0.0000,0.0000,0.0000,0.0000,0.6939,-0.0100,0.1040,0.0661,0.0533,0
0.0000,0.0000,-9.8198,0.0000,0.0000,0.0000,0.0000,0.9266,-0.0100,0.0420,0.0663,0.0532,0
0.0000,0.0000,-9.8198,0.0000,0.0000,0.0000,0.0000,0.2053,0.0000,0.0000,0.0665,0.0529,0
0.0000,0.0000,-9.8100,0.0000,0.0000,0.0000,0.0000,0.2754,0.0000,-0.0120,0.0664,0.0527,0
0.0000,0.0000,-9.8198,0.0000,0.0000,0.0000,0.0000,0.4648,0.0000,-0.0240,0.0667,0.0529,0
0.0000,0.0000,-9.8198,0.0000,0.0000,0.0000,0.0000,0.7416,0.0000,-0.0330,0.0669,0.0535,0
0.0000,0.0000,-9.8198,0.0000,0.0000,0.0000,0.0000,0.9228,0.0000,-0.0440,0.0672,0.0538,0
0.0000,0.0000,-9.8198,0.0000,0.0000,0.0000,0.0000,1.1831,0.0000,-0.0430,0.0671,0.0540,0
0.0000,0.0000,-9.8198,0.0000,0.0000,0.0000,0.0000,0.8248,0.0000,-0.0430,0.0671,0.0545,0
0.0000,0.0000,-9.8198,0.0000,0.0000,0.0000,0.0000,0.7588,0.0000,-0.0480,0.0673,0.0547,0
0.0000,0.0000,-9.8198,0.0000,0.0000,0.0000,0.0000,0.5749,0.0000,-0.0560,0.0671,0.0548,0
0.0000,0.0000,-9.8198,0.0000,0.0000,0.0000,0.0000,0.2065,0.0000,-0.0630,0.0672,0.0547,0
0.0000,0.0000,-9.8198,0.0000,0.0000,0.0000,0.0000,0.6529,0.0000,-0.0710,0.0673,0.0551,0
0.0000,0.0000,-9.8198,0.0000,0.0000,0.0000,0.0000,0.6049,0.0000,-0.0710,0.0678,0.0556,0
0.0000,0.0000,-9.8198,0.0000,0.0000,0.0000,0.0000,0.5290,0.0000,-0.0700,0.0676,0.0558,0
0.0000,0.0000,-9.8198,0.0000,0.0000,0.0000,0.0000,0.7463,0.0000,-0.0730,0.0675,0.0559,0
0.0000,0.0000,-9.8198,0.0000,0.0000,0.0000,0.0000,0.5867,0.0000,-0.0780,0.0674,0.0563,0
0.0000,0.0000,-9.8198,0.0000,0.0000,0.0000,0.0000,0.5765,0.0000,-0.0810,0.0678,0.0569,0
0.0000,0.0000,-9.8198,0.0000,0.0000,0.0000,0.0000,0.6988,0.0000,-0.0830,0.0679,0.0568,0
0.0000,0.0000,-9.8198,0.0000,0.0000,0.0000,0.0000,0.5265,0.0000,-0.0840,0.0682,0.0570,0
0.0000,0.0000,-9.8198,0.0000,0.0000,0.0000,0.0000,0.4156,0.0000,-0.0900,0.0687,0.0571,0
0.0000,0.0000,-9.8198,0.0000,0.0000,0.0000,0.0000,0.4383,0.0000,-0.0960,0.0691,0.0575,0
0.0000,0.0000,-9.8198,0.0000,0.0000,0.0000,0.0000,0.5303,0.0000,-0.1030,0.0692,0.0580,0
0.0000,0.0000,-9.8198,0.0000,0.0000,0.0000,0.0000,0.7287,0.0000,-0.1060,0.0692,0.0578,0
0.0000,0.0000,-9.8198,0.0010,0.0010,0.0000,0.0000,0.7878,0.0000,-0.0770,0.0694,0.0584,0
0.0000,0.0000,-9.8198,0.0010,0.0000,0.0000,0.0000,0.6690,0.0100,-0.0390,0.0696,0.0585,0
0.0000,0.0000,-9.8198,0.0000,0.0000,0.0000,0.0000,0.2536,0.0100,-0.0280,0.0695,0.0585,0
0.0000,0.0000,-9.8198,0.0000,0.0000,0.0000,0.0000,0.5852,0.0100,-0.0310,0.0696,0.0586,0
0.0000,0.0000,-9.8198,0.0000,0.0000,0.0000,0.0000,0.3607,0.0100,-0.0370,0.0695,0.0588,0
0.0000,0.0000,-9.8198,0.0000,0.0000,0.0000,0.0000,0.4978,0.0100,-0.0380,0.0701,0.0591,0
0.0000,0.0000,-9.8198,0.0000,0.0000,0.0000,0.0000,0.2210,0.0100,-0.0350,0.0701,0.0591,0
0.0000,0.0000,-9.8198,0.0000,0.0000,0.0000,0.0000,0.5302,0.0100,-0.0360,0.0700,0.0593,0
0.0000,0.0000,-9.8198,0.0000,0.0000,0.0000,0.0000,0.5452,0.0100,-0.0360,0.0703,0.0594,0
0.0000,0.0000,-9.8198,0.0000,0.0010,0.0000,0.0000,0.4234,0.0100,-0.0420,0.0704,0.0592,0
0.0000,0.0000,-9.8198,0.0000,0.0000,0.0010,0.0000,0.2857,0.0100,-0.0480,0.0705,0.0592,0
0.0000,0.0000,-9.8198,0.0000,0.0000,0.0010,0.0000,0.9634,0.0100,-0.0540,0.0704,0.0589,0
0.0000,0.0000,-9.8198,0.0000,0.0000,0.0000,0.0000,0.4033,0.0100,-0.0590,0.0702,0.0586,0
0.0000,0.0000,-9.8198,0.0000,0.0000,0.0000,0.0000,0.7185,0.0100,-0.0610,0.0704,0.0586,0
0.0000,0.0000,-9.8198,0.0000,0.0000,0.0000,0.0000,0.7430,0.0100,-0.0620,0.0706,0.0590,0
0.0000,0.0000,-9.8198,0.0010,0.0000,0.0000,0.0000,0.5891,0.0100,-0.0640,0.0709,0.0590,0
0.0000,0.0000,-9.8198,0.0010,0.0010,0.0010,0.0000,0.2355,0.0100,-0.0620,0.0709,0.0589,0
0.0000,0.0000,-9.8198,0.0010,0.0000,0.0010,0.0000,0.4914,0.0100,-0.0630,0.0714,0.0589,0
0.0000,0.0000,-9.8198,0.0010,0.0000,0.0010,0.0000,0.8516,0.0000,-0.0630,0.0715,0.0588,0
0.0000,0.0000,-9.8198,0.0000,0.0000,0.0010,0.0000,0.5454,0.0000,-0.0620,0.0714,0.0583,0
0.0000,0.0000,-9.8100,0.0000,0.0000,0.0000,0.0000,0.7126,0.0000,-0.0640,0.0713,0.0581,0
0.0000,0.0000,-9.8198,0.0010,0.0000,0.0010,0.0000,0.7456,0.0000,-0.0620,0.0714,0.0583,0
0.0000,0.0000,-9.8198,0.0010,0.0010,0.0000,0.0000,0.2951,0.0000,-0.0620,0.0717,0.0588,0
0.0000,0.0000,-9.8198,0.0000,0.0010,0.0010,0.0000,0.7009,0.0000,-0.0620,0.0716,0.0587,0
0.0000,0.0000,-9.8198,0.0000,0.0010,0.0010,0.0000,0.6771,0.0000,-0.0460,0.0715,0.0585,0
0.0000,0.0000,-9.8198,0.0010,0.0010,0.0010,0.0000,0.3163,0.0000,-0.0240,0.0718,0.0586,0
0.0000,0.0000,-9.8198,0.0010,0.0000,0.0010,0.0000,0.6521,0.0000,-0.0050,0.0714,0.0587,0
0.0000,0.0000,-9.8198,0.0010,0.0010,0.0000,0.0000,0.6014,0.0000,0.0110,0.0713,0.0588,0
0.0000,0.0000,-9.8198,0.0010,0.0010,0.0010,0.0000,0.7250,0.0000,0.0250,0.0714,0.0587,0
0.0000,0.0000,-9.8100,0.0010,0.0010,0.0000,0.0000,0.1756,0.0000,0.0380,0.0715,0.0590,0
0.0000,0.0000,-9.8198,0.0010,0.0000,0.0010,0.0000,0.1677,0.0000,0.0450,0.0718,0.0592,0
0.0000,0.0000,-9.8198,0.0010,0.0010,0.0010,0.0000,0.2839,0.0000,0.0490,0.0721,0.0595,0
0.0000,0.0000,-9.8198,0.0010,0.0010,0.0010,0.0000,0.3413,0.0000,0.0500,0.0721,0.0593,0
0.0000,0.0000,-9.8198,0.0010,0.0010,0.0010,0.0000,0.3861,0.0000,0.0540,0.0725,0.0597,0
0.0000,0.0000,-9.8198,0.0000,0.0010,0.0010,0.0000,0.4152,0.0000,0.0600,0.0720,0.0591,0
0.0000,0.0000,-9.8198,0.0010,0.0010,0.0000,0.0000,0.1578,0.0000,0.0660,0.0719,0.0593,0
0.0000,0.0000,-9.8198,0.0010,0.0010,0.0010,0.0000,0.8796,0.0000,0.0710,0.0716,0.0594,0
0.0000,0.0000,-9.8198,0.0010,0.0010,0.0010,0.0000,0.6021,0.0000,0.0730,0.0717,0.0596,0
0.0000,0.0000,-9.8198,0.0010,0.0010,0.0010,0.0000,0.8610,0.0000,0.0710,0.0717,0.0596,0
0.0000,0.0000,-9.8198,0.0010,0.0010,0.0010,0.0000,0.7461,0.0000,0.0760,0.0719,0.0598,0
0.0000,0.0000,-9.8198,0.0010,0.0010,0.0010,0.0000,0.4225,0.0000,0.0830,0.0720,0.0599,0
0.0000,0.0000,-9.8198,0.0010,0.0010,0.0010,0.0000,0.8106,0.0000,0.0850,0.0723,0.0598,0
0.0000,0.0000,-9.8198,0.0010,0.0010,0.0010,0.0000,0.8693,0.0000,0.0880,0.0720,0.0599,0
0.0000,0.0000,-9.8198,0.0010,0.0010,0.0010,0.0000,0.8677,0.0000,0.0950,0.0721,0.0600,0
0.0000,0.0000,-9.8198,0.0000,0.0010,0.0010,0.0000,1.0081,0.0000,0.0990,0.0721,0.0602,0
0.0000,0.0000,-9.8100,0.0010,0.0010,0.0010,0.0000,1.0093,0.0000,0.1010,0.0724,0.0602,0
0.0000,0.0000,-9.8198,0.0010,0.0010,0.0010,0.0000,0.7727,0.0000,0.1050,0.0728,0.0601,0
0.0000,0.0000,-9.8198,0.0010,0.0010,0.0010,0.0000,0.6281,0.0000,0.1070,0.0733,0.0602,0
0.0000,0.0000,-9.8198,0.0010,0.0010,0.0010,0.0000,0.4500,0.0000,0.0700,0.0731,0.0603,0
0.0000,0.0000,-9.8198,0.0010,0.0010,0.0010,0.0000,0.6605,0.0000,0.0190,0.0726,0.0607,0
0.0000,0.0000,-9.8198,0.0010,0.0010,0.0010,0.0000,1.0782,0.0000,-0.0050,0.0727,0.0608,0
0.0000,0.0000,-9.8100,0.0010,0.0010,0.0010,0.0000,0.4048,0.0000,-0.0180,0.0725,0.0607,0
0.0000,0.0000,-9.8198,0.0010,0.0010,0.0010,0.0000,0.7800,0.0000,-0.0300,0.0723,0.0610,0
0.0000,0.0000,-9.8198,0.0010,0.0010,0.0010,0.0000,0.8230,0.0000,-0.0370,0.0724,0.0612,0
0.0000,0.0000,-9.8198,0.0010,0.0010,0.0010,0.0000,0.7829,0.0000,-0.0460,0.0722,0.0611,0
0.0000,0.0000,-9.8198,0.0010,0.0010,0.0010,0.0000,0.3484,0.0000,-0.0530,0.0724,0.0611,0
0.0000,0.0000,-9.8198,0.0010,0.0010,0.0010,0.0000,0.5473,0.0000,-0.0520,0.0732,0.0613,0
0.0000,0.0000,-9.8198,0.0010,0.0010,0.0010,0.0000,0.4829,0.0000,-0.0460,0.0733,0.0613,0
0.0000,0.0000,-9.8198,0.0010,0.0010,0.0010,0.0000,0.0881,0.0000,-0.0430,0.0739,0.0610,0
0.0000,0.0000,-9.8198,0.0010,0.0010,0.0010,0.0000,0.2923,0.0000,-0.0410,0.0737,0.0607,0
0.0000,0.0000,-9.8198,0.0010,0.0010,0.0010,0.0000,0.7844,0.0000,-0.0420,0.0742,0.0608,0
0.0000,0.0000,-9.8198,0.0010,0.0010,0.0010,0.0000,0.8786,0.0000,-0.0470,0.0740,0.0605,0
0.0000,0.0000,-9.8198,0.0010,0.0010,0.0010,0.0000,0.6885,0.0000,-0.0510,0.0737,0.0602,0
0.0000,0.0000,-9.8198,0.0010,0.0010,0.0010,0.0000,0.3929,0.0000,-0.0540,0.0739,0.0601,0
0.0000,0.0000,-9.8198,0.0010,0.0010,0.0010,0.0000,0.7852,0.0000,-0.0590,0.0740,0.0606,0
0.0000,0.0000,-9.8198,0.0010,0.0010,0.0010,0.0000,0.2819,0.0000,-0.0640,0.0742,0.0610,0
0.0000,0.0000,-9.8198,0.0010,0.0010,0.0010,0.0000,0.6155,0.0000,-0.0630,0.0739,0.0608,0
0.0000,0.0000,-9.8198,0.0010,0.0010,0.0010,0.0000,0.8618,0.0000,-0.0590,0.0738,0.0606,0
0.0000,0.0000,-9.8198,0.0010,0.0010,0.0010,0.0000,0.1101,0.0000,-0.0580,0.0741,0.0606,0
0.0000,0.0000,-9.8198,0.0010,0.0010,0.0010,0.0000,0.1414,0.0000,-0.0580,0.0740,0.0606,0
0.0000,0.0000,-9.8198,0.0010,0.0010,0.0010,0.0000,0.1053,0.0000,-0.0640,0.0738,0.0606,0
0.0000,0.0000,-9.8198,0.0010,0.0010,0.0010,0.0000,0.0922,0.0000,-0.0640,0.0740,0.0608,0
0.0000,0.0000,-9.8198,0.0010,0.0010,0.0010,0.0000,0.3956,0.0000,-0.0470,0.0742,0.0613,0
0.0000,0.0000,-9.8198,0.0010,0.0010,0.0010,0.0000,0.8034,0.0000,-0.0250,0.0745,0.0616,0
0.0000,0.0000,-9.8198,0.0010,0.0010,0.0010,0.0000,0.3756,0.0000,-0.0180,0.0745,0.0616,0
0.0000,0.0000,-9.8198,0.0010,0.0010,0.0010,0.0000,0.3720,0.0000,-0.0210,0.0743,0.0615,0
0.0000,0.0000,-9.8198,0.0010,0.0010,0.0010,0.0000,0.4936,0.0000,-0.0270,0.0743,0.0616,0
0.0000,0.0000,-9.8198,0.0010,0.0010,0.0010,0.0000,0.7217,0.0000,-0.0370,0.0747,0.0617,0
0.0000,0.0000,-9.8198,0.0010,0.0010,0.0010,0.0000,0.7170,0.0000,-0.0520,0.0745,0.0615,0
0.0000,0.0000,-9.8198,0.0010,0.0010,0.0010,0.0000,0.3117,0.0100,-0.0580,0.0748,0.0615,0
0.0000,0.0000,-9.8198,0.0010,0.0010,0.0010,0.0000,0.6551,0.0100,-0.0660,0.0754,0.0618,0
0.0000,0.0000,-9.8198,0.0010,0.0010,0.0010,0.0000,0.6895,0.0100,-0.0760,0.0759,0.0617,0
0.0000,0.0000,-9.8198,0.0010,0.0010,0.0010,0.0000,0.8775,0.0100,-0.0870,0.0760,0.0619,0
0.0000,0.0000,-9.8198,0.0010,0.0010,0.0010,0.0000,0.3127,0.0100,-0.0910,0.0761,0.0620,0
0.0000,0.0000,-9.8198,0.0010,0.0010,0.0010,0.0000,0.8486,0.0100,-0.0970,0.0761,0.0619,0
0.0000,0.0000,-9.8198,0.0010,0.0010,0.0010,0.0000,0.8594,0.0100,-0.1050,0.0763,0.0621,0
0.0000,0.0000,-9.8198,0.0010,0.0010,0.0010,0.0000,0.2684,0.0100,-0.1100,0.0763,0.0619,0
0.0000,0.0000,-9.8198,0.0010,0.0010,0.0010,0.0000,0.4774,0.0100,-0.1180,0.0762,0.0618,0
0.0000,0.0000,-9.8198,0.0010,0.0010,0.0010,0.0000,0.5673,0.0100,-0.1230,0.0760,0.0620,0
0.0000,0.0000,-9.8198,0.0010,0.0010,0.0010,0.0000,0.2810,0.0100,-0.1230,0.0763,0.0627,0
0.0000,0.0000,-9.8198,0.0010,0.0010,0.0010,0.0000,0.6055,0.0100,-0.1230,0.0761,0.0626,0
0.0000,0.0000,-9.8198,0.0010,0.0010,0.0010,0.0000,0.5147,0.0100,-0.1190,0.0759,0.0625,0
0.0000,0.0000,-9.8198,0.0010,0.0010,0.0010,0.0000,0.8803,0.0000,-0.1100,0.0760,0.0624,0
0.0000,0.0000,-9.8198,0.0010,0.0010,0.0010,0.0000,0.8560,0.0000,-0.1040,0.0758,0.0624,0
0.0000,0.0000,-9.8198,0.0010,0.0010,0.0010,0.0000,0.4459,0.0000,-0.0970,0.0758,0.0623,0
0.0000,0.0000,-9.8198,0.0010,0.0010,0.0010,0.0000,0.3351,0.0000,-0.0950,0.0762,0.0625,0
0.0000,0.0000,-9.8198,0.0010,0.0010,0.0010,0.0000,0.1520,0.0000,-0.0660,0.0761,0.0626,0
0.0000,0.0000,-9.8198,0.0010,0.0010,0.0010,0.0000,0.9899,0.0000,-0.0300,0.0763,0.0629,0
0.0000,0.0000,-9.8198,0.0010,0.0010,0.0010,0.0000,0.5107,0.0000,-0.0290,0.0767,0.0631,0
0.0000,0.0000,-9.8198,0.0010,0.0010,0.0010,0.0000,0.2816,0.0100,-0.0370,0.0766,0.0632,0
0.0000,0.0000,-9.8198,0.0010,0.0010,0.0010,0.0000,0.5570,0.0100,-0.0520,0.0764,0.0635,0
0.0000,0.0000,-9.8198,0.0010,0.0010,0.0010,0.0000,0.4755,0.0100,-0.0650,0.0764,0.0636,0
0.0000,0.0000,-9.8198,0.0010,0.0010,0.0010,0.0000,0.8858,0.0100,-0.0740,0.0761,0.0630,0
0.0000,0.0000,-9.8198,0.0010,0.0010,0.0010,0.0000,0.6159,0.0100,-0.0840,0.0759,0.0627,0
0.0000,0.0000,-9.8198,0.0010,0.0010,0.0010,0.0000,0.7625,0.0100,-0.0940,0.0757,0.0625,0
0.0000,0.0000,-9.8198,0.0010,0.0010,0.0010,0.0000,0.4050,0.0100,-0.1050,0.0762,0.0628,0
0.0000,0.0000,-9.8198,0.0010,0.0010,0.0010,0.0000,0.7905,0.0100,-0.1060,0.0759,0.0631,0
0.0000,0.0000,-9.8198,0.0010,0.0010,0.0010,0.0000,0.9735,0.0100,-0.1070,0.0758,0.0631,0
0.0000,0.0000,-9.8198,0.0010,0.0010,0.0010,0.0000,1.0898,0.0100,-0.1090,0.0759,0.0632,0
0.0000,0.0000,-9.8100,0.0010,0.0010,0.0010,0.0000,0.6722,0.0100,-0.1110,0.0756,0.0634,0
0.0000,0.0000,-9.8198,0.0010,0.0010,0.0010,0.0000,0.7663,0.0100,-0.1090,0.0755,0.0635,0
0.0000,0.0000,-9.8198,0.0010,0.0010,0.0010,0.0000,0.2304,0.0100,-0.1080,0.0753,0.0634,0
0.0000,0.0000,-9.8198,0.0010,0.0010,0.0010,0.0000,0.1584,0.0100,-0.1130,0.0752,0.0634,0
0.0000,0.0000,-9.8198,0.0010,0.0010,0.0010,0.0000,0.2608,0.0100,-0.1180,0.0754,0.0636,0
0.0000,0.0000,-9.8198,0.0010,0.0010,0.0010,0.0000,0.5787,0.0100,-0.1270,0.0754,0.0638,0
0.0000,0.0000,-9.8198,0.0010,0.0010,0.0010,0.0000,0.8636,0.0100,-0.1380,0.0755,0.0640,0
0.0000,0.0000,-9.8198,0.0010,0.0010,0.0010,0.0000,0.6431,0.0100,-0.1470,0.0759,0.0636,0
0.0000,0.0000,-9.8198,0.0010,0.0010,0.0010,0.0000,0.5572,0.0100,-0.1540,0.0761,0.0636,0
0.0000,0.0000,-9.8198,0.0010,0.0010,0.0010,0.0000,0.2963,0.0100,-0.1610,0.0762,0.0639,0
0.0000,0.0000,-9.8198,0.0010,0.0010,0.0010,0.0000,0.6589,0.0100,-0.1670,0.0757,0.0638,0
0.0000,0.0000,-9.8198,0.0010,0.0010,0.0010,0.0000,0.3613,0.0100,-0.1180,0.0754,0.0639,0
0.0000,0.0000,-9.8198,0.0010,0.0010,0.0010,0.0000,0.5278,0.0100,-0.0530,0.0756,0.0638,0
0.0000,0.0000,-9.8198,0.0010,0.0010,0.0010,0.0000,0.3541,0.0100,-0.0200,0.0754,0.0637,0
0.0000,0.0000,-9.8198,0.0010,0.0010,0.0010,0.0000,0.5414,0.0100,-0.0030,0.0757,0.0638,0
0.0000,0.0000,-9.8198,0.0010,0.0010,0.0010,0.0000,0.7126,0.0100,0.0050,0.0756,0.0639,0
0.0000,0.0000,-9.8198,0.0010,0.0010,0.0010,0.0000,0.4140,0.0000,0.0110,0.0757,0.0636,0
0.0000,0.0000,-9.8198,0.0010,0.0010,0.0010,0.0000,0.6180,0.0000,0.0150,0.0758,0.0637,0
0.0000,0.0000,-9.8198,0.0010,0.0010,0.0010,0.0000,0.6632,0.0000,0.0200,0.0757,0.0633,0
0.0000,0.0000,-9.8198,0.0010,0.0010,0.0010,0.0000,0.9416,0.0000,0.0240,0.0757,0.0630,0
0.0000,0.0000,-9.8198,0.0010,0.0010,0.0010,0.0000,0.7247,0.0000,0.0290,0.0759,0.0631,0
0.0000,0.0000,-9.8198,0.0010,0.0010,0.0010,0.0000,0.8612,0.0000,0.0420,0.0759,0.0635,0
0.0000,0.0000,-9.8198,0.0010,0.0010,0.0010,0.0000,0.9973,0.0000,0.0560,0.0760,0.0636,0
0.0000,0.0000,-9.8100,0.0010,0.0010,0.0010,0.0000,0.6961,0.0000,0.0670,0.0759,0.0634,0
0.0000,0.0000,-9.8198,0.0010,0.0010,0.0010,0.0000,0.7354,0.0000,0.0770,0.0757,0.0634,0
0.0000,0.0000,-9.8198,0.0010,0.0010,0.0010,0.0000,0.8661,0.0000,0.0820,0.0755,0.0633,0
0.0000,0.0000,-9.8198,0.0010,0.0010,0.0010,0.0000,0.3442,0.0000,0.0860,0.0753,0.0636,0
0.0000,0.0000,-9.8198,0.0010,0.0010,0.0010,0.0000,0.5604,0.0000,0.0960,0.0751,0.0637,0
0.0000,0.0000,-9.8198,0.0010,0.0010,0.0010,0.0000,0.4002,0.0000,0.1010,0.0753,0.0642,0
0.0000,0.0000,-9.8198,0.0010,0.0010,0.0010,0.0000,0.4120,0.0000,0.1040,0.0756,0.0640,0
0.0000,0.0000,-9.8198,0.0010,0.0010,0.0010,0.0000,0.6166,0.0000,0.1020,0.0756,0.0643,0
0.0000,0.0000,-9.8198,0.0010,0.0010,0.0010,0.0000,0.8781,0.0000,0.0990,0.0757,0.0646,0
0.0000,0.0000,-9.8198,0.0010,0.0010,0.0010,0.0000,0.9945,0.0000,0.1030,0.0759,0.0649,0
0.0000,0.0000,-9.8198,0.0010,0.0010,0.0010,0.0000,0.3853,0.0000,0.1080,0.0760,0.0646,0
0.0000,0.0000,-9.8198,0.0010,0.0010,0.0010,0.0000,0.4080,0.0000,0.1110,0.0758,0.0647,0
0.0000,0.0000,-9.8198,0.0010,0.0010,0.0010,0.0000,0.4744,0.0000,0.0730,0.0755,0.0645,0
0.0000,0.0000,-9.8198,0.0010,0.0010,0.0010,0.0000,0.1637,-0.0100,0.0260,0.0755,0.0644,0
0.0000,0.0000,-9.8198,0.0010,0.0010,0.0010,0.0000,0.4405,0.0000,0.0020,0.0753,0.0641,0
0.0000,0.0000,-9.8198,0.0010,0.0010,0.0010,0.0000,0.5048,0.0000,-0.0080,0.0756,0.0645,0
0.0000,0.0000,-9.8198,0.0010,0.0010,0.0010,0.0000,0.5378,0.0000,-0.0160,0.0754,0.0645,0
0.0000,0.0000,-9.8198,0.0010,0.0010,0.0010,0.0000,0.8493,0.0000,-0.0170,0.0754,0.0645,0
0.0000,0.0000,-9.8198,0.0010,0.0010,0.0010,0.0000,0.5840,0.0000,-0.0170,0.0753,0.0642,0
0.0000,0.0000,-9.8198,0.0010,0.0010,0.0010,0.0000,0.5182,0.0000,-0.0160,0.0755,0.0643,0
0.0000,0.0000,-9.8198,0.0010,0.0010,0.0010,0.0000,0.7788,0.0000,-0.0150,0.0754,0.0642,0
0.0000,0.0000,-9.8198,0.0010,0.0010,0.0010,0.0000,0.4978,0.0000,-0.0210,0.0755,0.0645,0
0.0000,0.0000,-9.8198,0.0010,0.0010,0.0010,0.0000,0.5749,0.0000,-0.0270,0.0754,0.0640,0
0.0000,0.0000,-9.8198,0.0010,0.0010,0.0010,0.0000,0.4420,0.0000,-0.0320,0.0751,0.0638,0
0.0000,0.0000,-9.8198,0.0010,0.0010,0.0010,0.0000,0.3871,0.0000,-0.0320,0.0752,0.0640,0
0.0000,0.0000,-9.8100,0.0010,0.0010,0.0010,0.0000,0.4659,0.0000,-0.0310,0.0757,0.0642,0
0.0000,0.0000,-9.8198,0.0010,0.0010,0.0010,0.0000,0.7164,0.0000,-0.0280,0.0757,0.0641,0
0.0000,0.0000,-9.8198,0.0010,0.0010,0.0010,0.0000,0.3894,0.0000,-0.0300,0.0758,0.0636,0
0.0000,0.0000,-9.8198,0.0010,0.0010,0.0010,0.0000,0.4389,0.0000,-0.0360,0.0757,0.0634,0
0.0000,0.0000,-9.8198,0.0010,0.0010,0.0010,0.0000,0.2919,0.0000,-0.0410,0.0755,0.0633,0
0.0000,0.0000,-9.8198,0.0010,0.0010,0.0010,0.0000,0.1193,0.0000,-0.0450,0.0753,0.0627,0
0.0000,0.0000,-9.8198,0.0010,0.0010,0.0010,0.0000,0.6222,0.0000,-0.0470,0.0752,0.0624,0
0.0000,0.0000,-9.8198,0.0010,0.0010,0.0010,0.0000,0.2238,0.0000,-0.0460,0.0756,0.0627,0
0.0000,0.0000,-9.8198,0.0010,0.0010,0.0010,0.0000,0.4343,0.0000,-0.0440,0.0757,0.0628,0
0.0000,0.0000,-9.8198,0.0010,0.0010,0.0010,0.0000,0.5512,0.0000,-0.0420,0.0757,0.0626,0
0.0000,0.0000,-9.8198,0.0010,0.0010,0.0010,0.0000,0.6855,0.0000,-0.0400,0.0758,0.0625,0
0.0000,0.0000,-9.8198,0.0010,0.0010,0.0010,0.0000,0.5682,0.0000,-0.0290,0.0756,0.0628,0
0.0000,0.0000,-9.8198,0.0010,0.0010,0.0010,0.0000,0.4253,0.0000,-0.0200,0.0756,0.0630,0
0.0000,0.0000,-9.8198,0.0010,0.0010,0.0010,0.0000,0.5190,0.0000,-0.0220,0.0754,0.0628,0
0.0000,0.0000,-9.8198,0.0010,0.0010,0.0010,0.0000,0.2059,0.0000,-0.0290,0.0756,0.0628,0
0.0000,0.0000,-9.8198,0.0010,0.0010,0.0010,0.0000,0.7860,0.0000,-0.0400,0.0758,0.0633,0
0.0000,0.0000,-9.8198,0.0010,0.0010,0.0010,0.0000,0.8356,0.0000,-0.0500,0.0763,0.0636,0
0.0000,0.0000,-9.8198,0.0010,0.0010,0.0010,0.0000,0.2151,0.0000,-0.0640,0.0763,0.0636,0
0.0000,0.0000,-9.8198,0.0010,0.0010,0.0010,0.0000,0.7392,0.0000,-0.0760,0.0755,0.0634,0
0.0000,0.0000,-9.8198,0.0010,0.0010,0.0010,0.0000,0.6400,0.0000,-0.0840,0.0752,0.0636,0
0.0000,0.0000,-9.8198,0.0010,0.0010,0.0010,0.0000,0.2847,0.0000,-0.0870,0.0753,0.0637,0
0.0000,0.0000,-9.8198,0.0010,0.0010,0.0010,0.0000,0.2152,0.0100,-0.0940,0.0751,0.0635,0
0.0000,0.0000,-9.8198,0.0010,0.0010,0.0010,0.0000,0.3861,0.0100,-0.0970,0.0750,0.0636,0
0.0000,0.0000,-9.8198,0.0010,0.0010,0.0010,0.0000,0.5795,0.0000,-0.0950,0.0752,0.0639,0
0.0000,0.0000,-9.8198,0.0010,0.0010,0.0010,0.0000,0.1048,0.0000,-0.0980,0.0755,0.0641,0
0.0000,0.0000,-9.8198,0.0010,0.0010,0.0010,0.0000,0.8689,0.0000,-0.1010,0.0756,0.0640,0
0.0000,0.0000,-9.8198,0.0010,0.0010,0.0010,0.0000,0.1183,0.0000,-0.1080,0.0757,0.0638,0
0.0000,0.0000,-9.8198,0.0010,0.0010,0.0010,0.0000,0.0754,0.0100,-0.1160,0.0757,0.0636,0
0.0000,0.0000,-9.8100,0.0010,0.0010,0.0010,0.0000,0.4163,0.0100,-0.1170,0.0758,0.0637,0
0.0000,0.0000,-9.8198,0.0010,0.0010,0.0010,0.0000,0.5595,0.0100,-0.1220,0.0756,0.0634,0
0.0000,0.0000,-9.8198,0.0010,0.0010,0.0010,0.0000,0.6983,0.0100,-0.1300,0.0755,0.0632,0
0.0000,0.0000,-9.8198,0.0010,0.0010,0.0010,0.0000,0.6110,0.0100,-0.1340,0.0755,0.0633,0
0.0000,0.0000,-9.8198,0.0010,0.0010,0.0010,0.0000,0.4871,0.0100,-0.1380,0.0760,0.0636,0
0.0000,0.0000,-9.8198,0.0010,0.0010,0.0010,0.0000,0.7711,0.0100,-0.1410,0.0760,0.0632,0
0.0000,0.0000,-9.8198,0.0010,0.0010,0.0010,0.0000,0.3894,0.0100,-0.1400,0.0758,0.0630,0
0.0000,0.0000,-9.8198,0.0010,0.0010,0.0010,0.0000,0.9006,0.0000,-0.0940,0.0759,0.0629,0
0.0000,0.0000,-9.8198,0.0010,0.0010,0.0010,0.0000,0.6026,0.0000,-0.0420,0.0757,0.0629,0
0.0000,0.0000,-9.8198,0.0010,0.0010,0.0010,0.0000,0.3516,0.0000,-0.0140,0.0754,0.0626,0
0.0000,0.0000,-9.8198,0.0010,0.0010,0.0010,0.0000,0.4285,0.0000,0.0000,0.0752,0.0623,0
0.0000,0.0000,-9.8198,0.0010,0.0010,0.0010,0.0000,0.9452,0.0000,0.0060,0.0755,0.0624,0
0.0000,0.0000,-9.8198,0.0010,0.0010,0.0010,0.0000,0.6979,0.0000,0.0110,0.0758,0.0629,0
0.0000,0.0000,-9.8198,0.0010,0.0010,0.0010,0.0000,0.6663,0.0000,0.0140,0.0758,0.0626,0
0.0000,0.0000,-9.8198,0.0010,0.0010,0.0010,0.0000,0.8509,0.0000,0.0160,0.0756,0.0623,0
0.0000,0.0000,-9.8198,0.0010,0.0010,0.0010,0.0000,0.8096,0.0000,0.0160,0.0756,0.0622,0
0.0000,0.0000,-9.8198,0.0010,0.0010,0.0010,0.0000,0.3939,0.0000,-0.0020,0.0757,0.0623,0
0.0000,0.0000,-9.8100,0.0010,0.0010,0.0010,0.0000,0.6561,0.0000,-0.0090,0.0754,0.0618,0
0.0000,0.0000,-9.8198,0.0010,0.0010,0.0010,0.0000,0.2375,0.0000,-0.0060,0.0751,0.0617,0
0.0000,0.0000,-9.8198,0.0010,0.0010,0.0010,0.0000,0.2981,0.0000,0.0010,0.0758,0.0623,0
0.0000,0.0000,-9.8198,0.0010,0.0010,0.0010,0.0000,0.7041,0.0000,0.0120,0.0765,0.0634,0
0.0000,0.0000,-9.8198,0.0010,0.0010,0.0010,0.0000,0.4953,0.0000,0.0280,0.0786,0.0652,0
0.0000,0.0000,-9.8198,0.0010,0.0010,0.0010,0.0000,0.8635,0.0000,0.0440,0.0807,0.0674,0
0.0000,0.0000,-9.8198,0.0010,0.0010,0.0010,0.0000,0.4361,-0.0100,0.0570,0.0835,0.0707,0
0.0000,0.0000,-9.8198,0.0010,0.0010,0.0010,0.0000,0.3889,-0.0100,0.0620,0.0873,0.0740,0
0.0000,0.0000,-9.8198,0.0010,0.0010,0.0010,0.0000,0.5259,-0.0100,0.0700,0.0912,0.0780,0
0.0000,0.0000,-9.8198,0.0010,0.0010,0.0010,0.0000,0.7486,-0.0100,0.0810,0.0953,0.0820,0
0.0000,0.0000,-9.8198,0.0010,0.0010,0.0010,0.0000,0.3597,-0.0100,0.0880,0.0993,0.0866,0
0.0000,0.0000,-9.8198,0.0010,0.0010,0.0010,0.0000,0.8311,-0.0100,0.0940,0.1035,0.0904,0
0.0000,0.0000,-9.8198,0.0010,0.0010,0.0010,0.0000,0.6703,-0.0100,0.0990,0.1079,0.0951,0
0.0000,0.0000,-9.8198,0.0010,0.0010,0.0010,0.0000,0.7962,-0.0100,0.1040,0.1122,0.0993,0
0.0000,0.0000,-9.8198,0.0010,0.0010,0.0010,0.0000,1.0104,-0.0100,0.1060,0.1166,0.1040,0
0.0000,0.0000,-9.8198,0.0010,0.0010,0.0010,0.0000,0.6895,-0.0100,0.1140,0.1212,0.1083,0
0.2551,0.0000,-9.8198,0.0010,0.0010,0.0010,10.0000,0.5679,-0.0100,0.1180,0.1259,0.1132,0
2.5997,-0.0196,-9.8100,0.0010,0.0010,0.0010,34.0000,0.6718,-0.0100,0.1230,0.1304,0.1174,0
5.7585,0.0000,-9.8198,0.0010,0.0010,0.0010,60.0000,0.3254,-0.0100,0.1260,0.1352,0.1200,0
8.4268,-0.0098,-9.8198,0.0010,0.0010,0.0010,84.0000,1.5921,-0.0200,0.1280,0.1396,0.1188,0
10.7616,-0.0981,-9.8198,0.0010,0.0020,0.0010,100.0000,3.7887,-0.0200,0.1320,0.1438,0.1133,0
10.4378,0.1275,-9.8100,0.0010,0.0030,0.0010,100.0000,5.4724,-0.0200,0.1360,0.1468,0.1219,0
9.1429,0.0392,-9.8100,0.0010,0.0040,0.0010,100.0000,8.3384,-0.0300,0.1400,0.1492,0.1463,2
7.9461,0.0490,-10.5457,0.0010,0.0050,0.0010,100.0000,10.1230,-0.1000,0.1480,0.1515,0.1866,2
6.5825,0.0883,-9.5746,0.0010,0.0070,0.0010,100.0000,12.3786,-0.1600,0.1860,0.1548,0.2582,2
5.5034,-0.0589,-9.7315,0.0010,0.0090,0.0010,100.0000,13.6522,-0.1200,0.2210,0.1583,0.3542,2
4.4243,-0.0687,-9.7511,0.0010,0.0110,0.0010,100.0000,15.3367,-0.1100,0.2570,0.1627,0.4837,2
3.8063,0.1079,-9.7708,0.0010,0.0130,0.0010,100.0000,16.2496,-0.1000,0.2870,0.1668,0.6210,2
3.0215,-0.0392,-9.8885,0.0010,0.0140,0.0010,100.0000,17.4087,-0.1000,0.3160,0.1712,0.7964,2
9.0448,0.0785,-38.0530,-0.0030,1.4010,0.0010,100.0000,18.2410,-2.6100,0.4740,0.1079,8.9995,2
6.9749,0.0000,-23.0241,-0.0470,0.3660,-0.0150,100.0000,19.6431,-9.5400,2.2460,-0.3760,23.7535,2
7.5537,0.0000,0.3826,-0.0080,-0.5490,0.0040,100.0000,20.4203,-9.8000,4.7290,-0.6743,20.9381,2
7.0534,0.0392,-0.9810,0.0040,-0.2920,0.0060,100.0000,21.5144,-7.3700,6.9340,-0.6923,13.7037,2
5.8271,-0.0392,-12.2036,-0.0050,0.1680,-0.0220,100.0000,22.2436,-7.1000,8.5960,-0.5733,13.4808,2
5.1404,0.1373,-15.2545,0.0180,0.2150,-0.0060,100.0000,23.3065,-8.7500,10.6560,-0.4906,17.0376,2
4.9737,0.0392,-10.5261,0.0130,-0.0010,-0.0330,100.0000,23.8487,-9.7300,12.9180,-0.2843,18.3347,2
4.8363,0.1177,-7.8088,0.0200,-0.0480,0.0210,100.0000,24.5248,-9.6000,15.4520,-0.2486,17.3630,2
4.5028,-0.0294,-8.6917,0.0220,-0.0170,-0.0200,100.0000,24.9217,-9.4500,17.7360,-0.0366,16.7065,2
4.0908,0.0490,-10.1632,0.0110,0.0230,0.0200,100.0000,25.3960,-9.6300,20.2200,0.0325,16.9233,2
3.9534,-0.0589,-10.5359,0.0220,0.0410,-0.0060,100.0000,25.6588,-9.8700,22.5750,0.1514,17.2597,2
3.9534,0.1079,-9.2901,0.0150,0.0020,0.0120,100.0000,26.0133,-10.0400,25.1850,0.3058,17.3191,2
3.7572,-0.1079,-9.2116,-0.0070,-0.0190,-0.0190,100.0000,26.2175,-10.1400,27.6090,0.1493,17.3749,2
3.5512,-0.0785,-9.0350,-0.0060,-0.0010,0.0090,100.0000,26.4761,-10.1400,30.2480,-0.0953,17.2119,2
3.4041,-0.0490,-10.0356,-0.0030,0.0220,-0.0140,100.0000,26.6163,-10.2100,32.6730,-0.0183,17.2914,2
3.3060,0.1079,-9.3980,0.0080,-0.0100,-0.0100,100.0000,26.7566,-10.3200,35.3330,0.1386,17.3368,2
3.3452,-0.1275,-9.1331,-0.0110,-0.0150,-0.0220,100.0000,26.8976,-10.2900,37.7990,-0.0099,17.1694,2
3.1784,0.1275,-9.3685,0.0280,0.0010,0.0140,100.0000,27.0056,-10.3200,40.4720,0.1975,17.2096,2
3.0607,0.1373,-9.7609,0.0090,0.0170,0.0170,100.0000,27.0928,-10.3400,42.9420,0.4624,17.2558,2
3.0411,-0.0294,-9.0742,-0.0060,0.0040,0.0040,100.0000,27.1562,-10.3700,45.6320,0.3134,17.2348,2
3.1000,0.0785,-9.6825,-0.0080,0.0010,0.0310,100.0000,27.1960,-10.4100,48.1150,0.1186,17.3221,2
3.0607,-0.0883,-9.5157,-0.0010,0.0000,-0.0080,100.0000,27.2391,-10.4300,50.8210,0.0815,17.3300,2
3.0607,-0.2649,-8.3777,-0.0240,-0.0480,-0.0160,100.0000,27.2631,-10.3500,53.3040,-0.1976,17.0261,2
3.1882,0.2551,-7.7205,0.0290,-0.0730,0.0230,100.0000,27.3403,-10.0800,55.9440,-0.0345,16.3580,2
3.0215,0.2551,-6.9160,0.0170,-0.0760,-0.0250,100.0000,27.3877,-9.5400,58.2770,0.4044,15.0954,2
3.0411,-0.1766,-7.6027,-0.0130,-0.0640,-0.0110,100.0000,27.5041,-9.0300,60.6590,0.0819,14.0164,2
2.3152,-0.8142,-6.5727,0.4830,-0.1230,0.1040,85.0000,27.5438,-8.5800,62.7560,1.4265,12.9943,2
-0.1570,1.6775,-3.2471,1.5290,-0.2720,0.0410,59.0000,27.4716,-7.3100,64.8280,19.4416,9.9338,2
-2.6879,0.7161,-1.0693,1.5720,-0.2520,0.0890,35.0000,27.1688,-5.1100,66.2990,40.7984,6.1610,3
-5.6211,-0.0785,-4.4832,0.9010,0.0330,0.0770,10.0000,26.1156,-2.7600,67.2700,60.5115,3.9030,3
-5.2876,-2.1582,-9.0742,-0.1070,0.2340,0.1650,31.0000,25.1451,-1.3000,67.6840,64.9747,3.4452,3
-2.0895,-2.8449,-8.4464,-0.3960,0.1060,0.2730,53.0000,23.7986,-0.4300,67.8450,60.1278,1.6572,3
-1.0889,-2.5212,-5.8664,-0.1800,0.0300,0.3010,39.0000,23.2465,0.5400,67.7930,56.0003,-1.5470,3
-2.3740,-2.0503,-12.6058,0.0460,0.3670,0.2700,37.0000,22.7677,1.2800,67.4980,55.2210,-3.3237,1
-1.9816,-1.8835,-15.8824,0.0680,0.4370,0.2510,45.0000,22.5435,1.1700,67.1750,55.8199,-2.8177,1
-1.0202,-1.9620,-13.3416,0.0140,0.3260,0.2430,49.0000,22.2683,1.1800,66.8550,56.1098,-2.8562,1
-0.6671,-2.0797,-14.1362,0.0020,0.3840,0.2550,50.0000,22.1814,1.3000,66.5300,55.7112,-3.0596,1
-0.5886,-1.9718,-16.0492,0.0350,0.4440,0.2640,51.0000,22.2619,1.1400,66.1910,55.5762,-2.6801,1
-0.4709,-2.0503,-16.5397,0.0370,0.4580,0.2540,54.0000,22.3591,0.8700,65.9390,55.8868,-2.0052,1
-0.2649,-2.0601,-16.0590,0.0420,0.4390,0.2570,55.0000,22.4962,0.6200,65.7500,56.2017,-1.4265,3
-0.2943,-2.0699,-15.8431,0.0440,0.4360,0.2460,56.0000,22.6090,0.4700,65.6300,56.6017,-1.1104,3
-0.2551,-2.0209,-16.1080,-0.0030,0.4390,0.2550,56.0000,22.7104,0.2800,65.5460,56.5974,-0.6660,3
-0.4022,-2.1484,-15.9118,-0.0290,0.4190,0.2580,54.0000,22.8222,0.0800,65.5260,56.1835,-0.2111,3
-0.5592,-2.1778,-14.2735,-0.0790,0.3440,0.2440,53.0000,22.9076,-0.0600,65.5650,55.2534,-0.0005,3
-0.8437,-2.0601,-12.7628,-0.0950,0.2710,0.2570,49.0000,22.9257,-0.0200,65.6130,53.9110,-0.3758,3
-1.1674,-2.1190,-11.4090,-0.1250,0.2120,0.2400,47.0000,22.8741,0.1900,65.6260,52.1582,-1.0634,3
-1.3440,-1.9914,-11.0755,-0.1420,0.2050,0.2420,44.0000,22.7781,0.4600,65.5690,50.1914,-1.9471,3
-1.5009,-1.9718,-11.2325,-0.1290,0.1960,0.2290,44.0000,22.6796,0.6900,65.4310,48.0101,-2.6686,3
-1.5009,-2.0209,-11.0755,-0.1420,0.1820,0.2260,43.0000,22.5829,0.8600,65.2490,45.9413,-3.2293,1
-1.4715,-1.9031,-11.2226,-0.1510,0.1790,0.2170,43.0000,22.4172,0.9700,65.0150,43.4430,-3.6629,1
-1.4224,-1.7756,-11.3207,-0.1670,0.1620,0.2120,43.0000,22.3463,0.9700,64.7920,40.8892,-3.9186,1
-1.3145,-1.7266,-11.5366,-0.1880,0.1630,0.1930,43.0000,22.2013,0.9000,64.5620,37.8325,-3.8914,1
-1.2164,-1.6481,-11.0166,-0.2000,0.1150,0.1870,44.0000,22.0965,0.7700,64.3790,34.8152,-3.8591,3
-1.0987,-1.5009,-10.6144,-0.2010,0.0930,0.1780,44.0000,21.9992,0.7300,64.1930,31.4695,-4.0393,3
-1.0399,-1.3734,-10.3299,-0.1810,0.0750,0.1620,45.0000,21.9542,0.7200,64.0230,28.6114,-4.2787,3
-0.9516,-1.2262,-10.9676,-0.1760,0.0990,0.1480,45.0000,21.8870,0.6500,63.8300,25.7715,-4.2169,3
-0.7750,-1.1968,-11.2815,-0.1670,0.0910,0.1270,47.0000,21.8449,0.4300,63.6880,23.2920,-3.7888,2
-0.6573,-1.0791,-11.0853,-0.1710,0.0770,0.1210,48.0000,21.8199,0.1600,63.6010,20.6310,-3.2947,2
-0.5101,-0.9516,-10.3986,-0.1590,0.0400,0.1050,48.0000,21.8711,0.0000,63.5810,18.2828,-3.0797,2
-0.5199,-0.8829,-10.0651,-0.1380,0.0260,0.1000,48.0000,21.9249,-0.0500,63.5830,15.9132,-3.0774,2
-0.5101,-0.6769,-10.4575,-0.0990,0.0440,0.0850,48.0000,21.9249,-0.1500,63.5960,14.2695,-2.8672,2
-0.4316,-0.5984,-10.5850,-0.0970,0.0410,0.0810,49.0000,21.9397,-0.3200,63.6450,12.7222,-2.4763,2
-0.3826,-0.6180,-10.0062,-0.0980,0.0200,0.0700,49.0000,21.9386,-0.4100,63.7260,11.2655,-2.3698,2
-0.3139,-0.4709,-10.1632,-0.0880,0.0270,0.0590,50.0000,21.9523,-0.4500,63.8190,9.8050,-2.2760,2
-0.2943,-0.3924,-10.2711,-0.0640,0.0260,0.0560,50.0000,21.9827,-0.5400,63.9150,8.6743,-2.0992,2
-0.2747,-0.4022,-10.5359,-0.0770,0.0180,0.0470,50.0000,22.0289,-0.7100,64.0540,7.6709,-1.6869,2
-0.2354,-0.4611,-9.8885,-0.0610,0.0070,0.0420,50.0000,22.0307,-0.7500,64.2140,6.7301,-1.6755,2
-0.2747,-0.1962,-9.7511,-0.0360,0.0020,0.0500,50.0000,22.0040,-0.7600,64.4010,5.8547,-1.6779,2
-0.2943,-0.2551,-10.0356,-0.0370,0.0150,0.0220,50.0000,22.0054,-0.7500,64.5740,5.2764,-1.6498,2
-0.2452,-0.2158,-9.8689,-0.0390,-0.0050,0.0420,50.0000,21.9807,-0.8100,64.7690,4.6593,-1.5260,2
-0.1766,-0.1177,-9.6432,-0.0330,-0.0030,0.0290,50.0000,21.9868,-0.7700,64.9520,4.1405,-1.6367,2
-0.3041,-0.1570,-10.2613,-0.0300,0.0310,0.0160,50.0000,21.9740,-0.7900,65.1440,3.6768,-1.5002,2
-0.2452,-0.1668,-10.3397,-0.0400,0.0210,0.0320,50.0000,22.0211,-0.9100,65.3350,3.1554,-1.2079,2
-0.2256,-0.1766,-9.7021,-0.0300,-0.0070,0.0110,50.0000,22.0125,-0.9500,65.5710,2.7151,-1.2355,2
-0.2551,-0.0490,-9.1723,-0.0110,-0.0230,0.0170,50.0000,22.0393,-0.8400,65.7800,2.3685,-1.5655,2
-0.3728,-0.0196,-10.0160,-0.0060,0.0170,0.0190,49.0000,21.9836,-0.7700,65.9770,2.1245,-1.6067,2
-0.2649,-0.0687,-10.4771,-0.0310,0.0210,0.0080,50.0000,21.9613,-0.9000,66.1690,1.8495,-1.2002,2
-0.2452,-0.0883,-9.2214,-0.0190,-0.0300,0.0030,50.0000,21.9592,-0.9300,66.4110,1.4621,-1.2667,2
-0.2354,-0.0490,-9.3293,-0.0040,-0.0100,0.0130,50.0000,21.9544,-0.7700,66.6070,1.1986,-1.6099,2
-0.2747,-0.0098,-10.2613,-0.0010,0.0300,0.0070,50.0000,21.9773,-0.7500,66.7900,1.2025,-1.5541,2
-0.2354,-0.0687,-10.1828,-0.0160,0.0110,0.0000,50.0000,21.9886,-0.8700,66.9780,1.0258,-1.2784,2
-0.2845,-0.0490,-9.3489,-0.0030,-0.0250,0.0150,50.0000,21.9313,-0.8500,67.1960,0.8265,-1.4254,2
-0.2551,-0.0196,-9.2508,-0.0060,-0.0150,0.0010,50.0000,21.9177,-0.6900,67.3690,0.7888,-1.8404,2
-0.3237,-0.0294,-10.7910,-0.0120,0.0490,0.0080,50.0000,21.9174,-0.7500,67.5330,0.6819,-1.5237,2
-0.2158,-0.0196,-9.9179,-0.0050,-0.0020,0.0000,50.0000,21.9241,-0.9100,67.7280,0.6029,-1.2303,2
-0.2256,-0.0785,-9.0350,-0.0080,-0.0350,0.0100,50.0000,21.9177,-0.7800,67.9430,0.4912,-1.6069,2
-0.2551,0.0392,-9.6530,0.0050,0.0050,0.0040,49.0000,21.9375,-0.6400,68.1020,0.3661,-1.8330,2
-0.2943,-0.0687,-10.2024,0.0000,0.0080,0.0020,50.0000,21.9500,-0.7500,68.2770,0.3834,-1.5121,2
-0.2452,0.0196,-9.6825,0.0000,-0.0040,0.0110,50.0000,21.9707,-0.7600,68.4610,0.3937,-1.5547,2
-0.2845,0.0000,-9.6236,-0.0050,0.0010,-0.0100,49.0000,21.9535,-0.7200,68.6470,0.4200,-1.6852,2
-0.3041,-0.0981,-10.0062,-0.0170,0.0160,0.0070,49.0000,21.9582,-0.7000,68.8110,0.2738,-1.6939,2
-0.3237,-0.0098,-9.9179,0.0000,0.0000,0.0060,49.0000,21.9606,-0.7500,68.9980,0.1270,-1.5995,2
-0.2551,-0.0392,-9.6432,0.0130,-0.0040,-0.0010,49.0000,21.9270,-0.7200,69.1700,0.1470,-1.6881,2
-0.3728,-0.0196,-9.8198,-0.0020,0.0060,0.0000,49.0000,21.9182,-0.7100,69.3480,0.1992,-1.6591,2
-0.2354,-0.0098,-9.4568,0.0030,-0.0150,0.0010,50.0000,21.8711,-0.6700,69.5090,0.1498,-1.7759,2
-0.2452,0.0000,-9.7708,0.0070,0.0050,0.0070,49.0000,21.8801,-0.6300,69.6720,0.1748,-1.7978,2
-0.2551,-0.0589,-9.9375,0.0150,0.0130,0.0040,50.0000,21.9093,-0.6300,69.8180,0.3172,-1.7818,2
-0.2354,-0.0687,-9.7413,-0.0070,-0.0020,-0.0010,50.0000,21.8760,-0.6500,69.9760,0.2893,-1.7939,2
-0.2256,-0.0098,-9.9179,-0.0120,0.0080,0.0050,50.0000,21.8969,-0.6500,70.1260,0.1935,-1.7941,2
-0.2452,0.0490,-9.9179,0.0110,0.0110,0.0030,50.0000,21.9056,-0.6700,70.2930,0.1222,-1.7826,2
-0.3041,0.0000,-9.8885,0.0010,0.0000,-0.0010,50.0000,21.9184,-0.7000,70.4540,0.1854,-1.6694,2
-0.2452,0.0490,-9.2901,0.0020,-0.0380,0.0000,50.0000,21.9745,-0.6700,70.6340,0.0746,-1.7959,2
-0.3335,-0.0490,-9.4372,-0.0010,-0.0140,0.0050,49.0000,21.9801,-0.5500,70.7800,-0.0132,-2.0514,2
-0.3826,0.0000,-10.3888,-0.0020,0.0270,-0.0010,49.0000,21.9878,-0.5700,70.9220,-0.0701,-1.8872,2
-0.3532,0.0294,-10.0062,0.0100,0.0070,0.0090,49.0000,21.9805,-0.6700,71.0720,-0.0274,-1.6481,2
-0.2845,0.0392,-9.3980,0.0120,-0.0250,-0.0010,49.0000,21.9299,-0.6600,71.2480,0.0624,-1.7884,2
-0.3237,-0.0589,-9.5844,-0.0020,-0.0030,-0.0090,49.0000,21.9552,-0.5400,71.3890,0.0733,-2.0602,2
-0.3826,-0.0294,-10.3103,0.0020,0.0340,0.0170,49.0000,21.9807,-0.5500,71.5240,0.0142,-1.9805,2
-0.2943,0.0589,-10.2024,0.0060,0.0090,0.0000,49.0000,21.9715,-0.7100,71.6730,0.0653,-1.6388,2
-0.2845,-0.0294,-9.0546,0.0180,-0.0270,0.0060,49.0000,21.9706,-0.6300,71.8470,0.1977,-1.9115,2
-0.3826,-0.0589,-9.8100,-0.0030,0.0040,0.0060,49.0000,21.9507,-0.5600,71.9810,0.1769,-1.9546,2
-0.3139,0.0294,-9.9179,0.0000,0.0000,0.0010,49.0000,21.9395,-0.5800,72.1240,0.0498,-1.8985,2
-0.2943,-0.0098,-9.7806,0.0060,0.0020,0.0060,50.0000,21.9735,-0.5700,72.2600,0.0514,-1.9204,2
-0.2747,0.0981,-9.8100,0.0030,0.0110,0.0050,49.0000,21.9574,-0.5400,72.4020,0.1351,-1.9861,2
-0.3433,-0.0098,-10.0062,0.0010,0.0130,0.0000,49.0000,21.9633,-0.5800,72.5340,0.1185,-1.9069,2
-0.2551,0.0000,-9.7806,-0.0030,-0.0120,-0.0020,50.0000,21.9928,-0.6400,72.6880,0.1684,-1.8274,2
-0.3237,-0.0196,-10.0062,0.0010,0.0100,0.0100,49.0000,22.0033,-0.6300,72.8340,0.0505,-1.8377,2
-0.2943,0.0589,-9.6923,0.0070,-0.0060,0.0130,49.0000,22.0065,-0.6000,72.9930,0.1045,-1.9140,2
-0.3433,0.0294,-9.8492,-0.0030,-0.0010,-0.0030,49.0000,22.0109,-0.6100,73.1390,0.1358,-1.8368,2
-0.3728,-0.0490,-9.7806,-0.0080,0.0000,0.0030,49.0000,21.9527,-0.6000,73.2980,0.0930,-1.8612,2
-0.3630,0.0000,-9.4078,-0.0100,-0.0180,0.0080,49.0000,21.9400,-0.5200,73.4310,-0.0770,-2.0612,2
-0.3041,-0.0098,-10.1632,-0.0030,0.0250,0.0030,50.0000,21.9137,-0.5400,73.5680,-0.1371,-1.9311,2
-0.2747,-0.0883,-10.0651,0.0160,0.0110,-0.0040,50.0000,21.9394,-0.6200,73.7150,-0.1351,-1.7717,2
-0.3041,0.0000,-9.4372,0.0090,-0.0190,0.0030,50.0000,21.9309,-0.6000,73.8830,0.0236,-1.9474,2
-0.3041,0.0196,-9.6923,0.0090,0.0010,-0.0020,50.0000,21.9953,-0.5300,74.0180,0.0721,-2.1170,2
-0.3532,-0.0294,-9.7904,0.0060,0.0060,-0.0020,49.0000,21.9838,-0.5500,74.1600,0.1510,-2.0445,2
-0.3728,-0.0785,-9.9866,-0.0020,0.0110,0.0130,49.0000,21.9822,-0.6100,74.2960,0.0555,-1.8467,2
-0.3433,0.0000,-9.8492,-0.0050,0.0000,0.0090,49.0000,21.9850,-0.6300,74.4570,0.0340,-1.7841,2
-0.2747,-0.0490,-9.1331,-0.0040,-0.0300,0.0000,49.0000,21.9560,-0.5300,74.6010,0.0470,-2.1098,2
-0.3139,0.0687,-9.7609,0.0110,0.0100,-0.0060,49.0000,21.9937,-0.4300,74.7200,0.1185,-2.2660,2
-0.3630,0.0490,-10.5261,0.0050,0.0310,0.0090,49.0000,21.9808,-0.5200,74.8340,0.1918,-1.9624,2
-0.2649,0.0098,-9.8787,-0.0060,0.0020,0.0020,50.0000,21.9691,-0.6500,74.9950,0.1571,-1.7818,2
-0.2551,-0.0196,-9.4078,-0.0010,-0.0150,0.0090,49.0000,22.0207,-0.5800,75.1480,0.0719,-2.0220,2
-0.4022,0.0392,-9.8296,0.0000,0.0080,0.0000,49.0000,21.9964,-0.5100,75.2870,0.0160,-2.1350,2
-0.4022,0.0785,-10.0651,0.0030,0.0110,0.0020,49.0000,21.9830,-0.5700,75.4160,0.0117,-1.9351,2
-0.3335,-0.0294,-9.8689,0.0020,0.0030,0.0100,49.0000,21.9465,-0.5900,75.5690,-0.0931,-1.8748,2
-0.2747,0.0000,-9.4863,0.0060,-0.0160,-0.0030,50.0000,21.9524,-0.5700,75.7100,-0.0938,-1.9869,2
-0.3924,0.0000,-9.9473,-0.0020,0.0060,0.0130,49.0000,22.0029,-0.4900,75.8450,0.0525,-2.0978,2
-0.3335,0.0000,-9.6530,0.0120,0.0020,0.0030,49.0000,22.0143,-0.4800,75.9640,0.0768,-2.1497,2
-0.3041,0.0098,-9.9670,-0.0040,0.0110,-0.0040,49.0000,22.0141,-0.5000,76.0880,0.0787,-2.0890,2
-0.2845,0.0589,-10.0552,-0.0020,0.0130,0.0020,49.0000,21.9967,-0.5800,76.2170,0.0300,-1.9160,2
-0.3924,0.0687,-9.7708,0.0060,0.0040,0.0060,49.0000,21.9912,-0.5900,76.3710,-0.1202,-1.9332,2
-0.3826,0.0196,-9.6334,-0.0040,0.0000,0.0000,49.0000,21.9751,-0.5800,76.5100,-0.0802,-1.9373,2
-0.2747,0.0098,-9.6530,-0.0050,-0.0120,0.0070,49.0000,21.9760,-0.5400,76.6490,-0.2928,-2.0305,2
-0.2452,0.0392,-9.6236,0.0080,-0.0080,0.0110,50.0000,21.9692,-0.5000,76.7710,-0.2287,-2.1151,2
-0.2845,-0.0098,-10.0454,0.0180,0.0100,-0.0160,49.0000,22.0111,-0.5300,76.9050,0.0364,-2.0082,2
-0.3237,0.0000,-10.1337,-0.0050,0.0130,0.0000,49.0000,22.0205,-0.5700,77.0440,-0.0187,-1.8696,2
-0.3826,0.0392,-9.8590,0.0050,0.0010,0.0020,49.0000,22.0081,-0.6100,77.2050,-0.0370,-1.8582,2
-0.3335,0.0098,-9.3391,-0.0090,-0.0070,0.0040,49.0000,21.9936,-0.5200,77.3450,-0.0677,-2.1569,2
-0.2845,0.0000,-10.1730,0.0060,0.0190,0.0060,49.0000,21.9950,-0.5200,77.4780,-0.0198,-2.1046,2
-0.3237,0.0000,-10.0258,-0.0110,-0.0020,0.0010,49.0000,21.9806,-0.6200,77.6190,-0.0349,-1.8766,2
-0.3335,0.0392,-9.9375,-0.0030,0.0010,0.0080,49.0000,21.9526,-0.6100,77.7800,-0.1507,-1.8947,2
-0.3630,0.0000,-9.5942,-0.0030,-0.0060,-0.0020,49.0000,21.9746,-0.5800,77.9230,-0.1915,-1.9621,2
-0.2747,-0.0490,-9.5059,0.0150,-0.0030,0.0100,49.0000,21.9859,-0.5000,78.0660,-0.1059,-2.1537,2
-0.3630,0.0392,-9.9768,0.0080,0.0100,0.0040,49.0000,21.9710,-0.4900,78.1790,-0.0787,-2.1122,2
-0.3433,-0.0490,-10.0356,-0.0090,0.0050,-0.0120,49.0000,22.0257,-0.5800,78.3140,-0.0031,-1.9091,2
-0.3237,-0.0098,-9.6628,0.0000,-0.0020,0.0060,49.0000,22.0282,-0.5700,78.4550,-0.1328,-2.0233,2
-0.3532,-0.0098,-9.7511,0.0160,0.0120,0.0070,49.0000,22.0036,-0.5300,78.5980,-0.0680,-2.1146,2
-0.3433,0.0392,-10.0454,0.0260,0.0100,0.0000,49.0000,22.0099,-0.5600,78.7300,0.1626,-2.0037,2
-0.4611,-0.0196,-9.7315,-0.0070,-0.0060,-0.0090,49.0000,21.9811,-0.6000,78.8830,0.1882,-1.9009,2
-0.2943,-0.0294,-9.3489,-0.0090,-0.0220,0.0080,49.0000,21.9867,-0.5200,79.0180,-0.0622,-2.1159,2
-0.4022,-0.0589,-9.8492,0.0170,0.0140,-0.0010,49.0000,21.9751,-0.4300,79.1390,-0.0921,-2.2434,2
-0.3728,0.0589,-10.4084,0.0130,0.0310,0.0070,49.0000,21.9411,-0.5300,79.2560,0.1872,-1.9271,2
-0.3041,-0.0392,-9.8198,0.0160,-0.0020,0.0110,50.0000,21.9432,-0.6300,79.4110,0.3446,-1.7662,2
-0.1864,-0.0589,-8.9761,-0.0150,-0.0270,-0.0030,49.0000,21.9423,-0.4900,79.5500,0.2879,-2.2118,2
-0.3335,0.0098,-9.9179,-0.0010,0.0070,0.0100,49.0000,21.9829,-0.4200,79.6610,0.0333,-2.3346,2
-0.3335,0.0392,-10.5163,-0.0080,0.0380,0.0120,50.0000,21.9760,-0.5000,79.7650,0.0140,-2.0843,2
-0.3335,0.0000,-10.2318,0.0080,0.0070,0.0000,50.0000,21.9952,-0.6800,79.9200,-0.0449,-1.6727,2
-0.3139,-0.0196,-9.0252,0.0050,-0.0360,-0.0010,49.0000,21.9759,-0.5900,80.0740,0.0386,-1.9998,2
-0.3433,-0.0098,-9.3587,0.0010,-0.0120,0.0040,49.0000,21.9924,-0.4200,80.1990,0.1927,-2.3369,2
-0.3826,0.0098,-10.6144,0.0050,0.0360,0.0000,49.0000,22.0105,-0.5200,80.3020,0.1271,-1.9559,2
-0.2943,0.0000,-9.7511,-0.0060,-0.0100,0.0070,50.0000,22.0296,-0.6500,80.4610,0.1494,-1.7240,2
-0.2845,0.0589,-9.2214,0.0020,-0.0280,0.0060,49.0000,22.0194,-0.5600,80.6110,0.0585,-2.0653,2
-0.3728,-0.0785,-9.8492,0.0000,0.0220,0.0030,49.0000,22.0178,-0.4200,80.7320,0.0291,-2.3438,2
-0.3433,0.0196,-10.6242,0.0000,0.0340,0.0070,49.0000,22.0237,-0.6000,80.8490,-0.0001,-1.8453,2
-0.2845,0.0000,-9.6236,0.0040,-0.0160,0.0000,49.0000,21.9983,-0.6700,81.0210,-0.0121,-1.7737,2
-0.2649,-0.0392,-9.1625,0.0040,-0.0190,0.0090,49.0000,22.0102,-0.5200,81.1660,0.0783,-2.1525,2
-0.4218,0.0687,-9.8590,0.0000,0.0160,0.0080,49.0000,22.0259,-0.4500,81.2880,0.1439,-2.2140,2
-0.3826,-0.0687,-10.2907,0.0020,0.0210,-0.0050,49.0000,22.0096,-0.5600,81.4040,0.1529,-1.8739,2
-0.3237,-0.0294,-9.6236,0.0060,-0.0140,0.0060,49.0000,21.9765,-0.5900,81.5550,0.0819,-1.8753,2
-0.3041,-0.0392,-9.4470,0.0020,-0.0120,0.0150,50.0000,21.9763,-0.4900,81.6820,0.0906,-2.1459,2
-0.3433,-0.0392,-9.9375,0.0070,0.0080,-0.0120,50.0000,21.9994,-0.4500,81.8010,0.0663,-2.2129,2
-0.3826,0.0000,-10.4869,0.0000,0.0270,0.0030,50.0000,22.0202,-0.5600,81.9190,0.0800,-1.9316,2
-0.3139,0.0196,-9.8296,0.0090,0.0000,-0.0020,50.0000,22.0068,-0.6400,82.0810,0.1667,-1.7874,2
-0.3335,-0.0098,-9.5255,-0.0010,-0.0030,0.0050,49.0000,22.0145,-0.6000,82.2390,0.1188,-1.8916,2
-0.3728,0.0294,-9.2606,-0.0030,-0.0190,0.0050,49.0000,21.9945,-0.4900,82.3910,0.0804,-2.1930,2
-0.3630,-0.0490,-10.3103,0.0080,0.0280,0.0000,49.0000,21.9845,-0.5100,82.5080,0.0535,-2.0145,2
-0.3532,0.0098,-9.9375,0.0040,0.0040,0.0030,49.0000,21.9618,-0.6000,82.6590,-0.0742,-1.8284,2
-0.3433,-0.0589,-9.2901,0.0000,-0.0190,-0.0050,49.0000,21.9350,-0.5500,82.8060,-0.0121,-2.0475,2
-0.2845,-0.0589,-9.5059,0.0080,0.0020,0.0090,50.0000,21.9810,-0.4400,82.9360,0.0014,-2.3174,2
-0.3433,0.0000,-10.2122,0.0030,0.0230,-0.0030,49.0000,21.9946,-0.5000,83.0490,0.0767,-2.1203,2
-0.4120,-0.0589,-10.2416,0.0140,0.0180,0.0000,49.0000,21.9955,-0.6200,83.2030,0.0900,-1.8423,2
-0.4120,0.0392,-9.2508,0.0040,-0.0250,0.0110,49.0000,22.0116,-0.5800,83.3590,0.2212,-2.0519,2
-0.3532,-0.0785,-9.7609,0.0040,0.0050,-0.0070,49.0000,22.0217,-0.4900,83.4950,0.2742,-2.1823,2
-0.3924,0.0000,-9.8983,-0.0040,0.0100,0.0040,49.0000,21.9884,-0.5100,83.6180,0.2031,-2.0979,2
-0.3532,-0.0294,-9.9081,0.0040,-0.0100,-0.0060,49.0000,22.0163,-0.5700,83.7620,0.1902,-1.9437,2
-0.3728,-0.0098,-9.6628,-0.0110,0.0000,0.0070,49.0000,21.9942,-0.5300,83.8970,0.0992,-2.0755,2
-0.4316,0.0196,-9.6923,0.0250,0.0000,0.0050,49.0000,22.0251,-0.5000,84.0310,0.2609,-2.1680,2
-0.4120,0.0196,-9.9179,0.0020,0.0060,0.0030,49.0000,22.0148,-0.5000,84.1510,0.3810,-2.1678,2
-0.3924,-0.0589,-10.0945,-0.0140,0.0170,0.0030,49.0000,22.0055,-0.5600,84.2880,0.2415,-2.0199,2
-0.3433,0.0000,-9.6334,-0.0040,0.0010,0.0050,49.0000,21.9617,-0.5500,84.4220,0.0391,-2.0519,2
-0.3630,-0.0196,-9.8296,0.0070,0.0070,0.0000,49.0000,21.9736,-0.5200,84.5580,0.0430,-2.0630,2
-0.3433,-0.0392,-9.4765,0.0120,-0.0050,-0.0010,49.0000,21.9772,-0.5100,84.6850,0.1289,-2.1303,2
-0.3139,0.0785,-9.7904,0.0070,0.0020,0.0100,49.0000,21.9524,-0.4700,84.8080,0.1415,-2.1758,2
-0.3826,0.0000,-10.1043,-0.0020,0.0120,0.0010,49.0000,21.9568,-0.5200,84.9270,0.2067,-2.0115,2
-0.3532,-0.0589,-9.7315,-0.0030,0.0020,0.0010,50.0000,21.9827,-0.5200,85.0700,0.1214,-2.0576,2
-0.3041,-0.0098,-9.8590,0.0020,-0.0060,-0.0010,49.0000,22.0176,-0.5700,85.2090,0.1600,-1.9957,2
-0.2943,-0.0196,-9.7511,-0.0090,0.0000,0.0050,49.0000,22.0238,-0.5700,85.3590,0.0456,-2.0176,2
-0.3630,0.0294,-9.8689,0.0010,0.0030,0.0020,49.0000,22.0356,-0.5800,85.4940,-0.0235,-1.9802,2
-0.3630,-0.0392,-9.6040,0.0220,-0.0050,-0.0040,49.0000,21.9822,-0.5500,85.6400,0.1081,-2.0580,2
-0.3826,-0.0490,-9.7806,0.0020,0.0060,0.0080,49.0000,21.9556,-0.5100,85.7670,0.1695,-2.1189,2
-0.3826,0.0000,-9.8590,0.0020,0.0080,0.0050,49.0000,21.9324,-0.5000,85.9040,0.1557,-2.1113,2
-0.4120,0.0000,-10.0454,0.0040,0.0150,-0.0050,49.0000,21.9548,-0.5400,86.0300,0.1842,-1.9745,2
-0.3237,-0.0490,-9.7413,0.0070,0.0050,0.0000,49.0000,21.9754,-0.5500,86.1740,0.2017,-1.9829,2
-0.3237,-0.0490,-9.7511,0.0000,0.0040,-0.0050,49.0000,21.9750,-0.5300,86.3020,0.1956,-2.0797,2
-0.3335,0.0000,-9.6530,0.0060,-0.0030,-0.0020,49.0000,21.9620,-0.5100,86.4370,0.1846,-2.1669,2
-0.3532,-0.1079,-10.0945,-0.0060,0.0140,0.0030,49.0000,21.9709,-0.5100,86.5570,0.2064,-2.1105,2
-0.3630,0.0196,-10.0749,0.0030,0.0090,0.0080,50.0000,21.9540,-0.6000,86.7000,0.1277,-1.8749,2
-0.2551,-0.0294,-9.4470,0.0090,-0.0130,0.0060,49.0000,21.9905,-0.5700,86.8450,0.2252,-1.9925,2
-0.3630,-0.0883,-9.4765,-0.0050,-0.0030,0.0030,49.0000,21.9954,-0.4500,86.9750,0.2329,-2.2662,2
-0.4120,0.0392,-10.3397,0.0050,0.0310,0.0100,49.0000,21.9776,-0.4700,87.0790,0.1436,-2.0881,2
-0.3139,-0.0294,-10.1043,0.0060,0.0070,-0.0020,50.0000,22.0217,-0.6100,87.2250,0.1811,-1.7754,2
-0.2943,-0.0098,-9.2901,-0.0020,-0.0240,-0.0050,49.0000,22.0107,-0.5800,87.3740,0.1299,-1.9786,2
-0.3532,-0.0098,-9.5844,-0.0010,-0.0030,0.0060,49.0000,21.9771,-0.4900,87.5150,0.0468,-2.1918,2
-0.3433,0.0294,-10.1730,-0.0040,0.0200,0.0060,49.0000,22.0165,-0.5100,87.6310,0.0193,-2.1005,2
-0.3728,0.0196,-9.9866,0.0000,0.0120,0.0030,49.0000,21.9869,-0.5800,87.7770,0.0829,-1.9469,2
-0.3335,-0.0981,-9.7315,0.0030,-0.0040,0.0020,49.0000,22.0082,-0.6000,87.9260,0.1460,-1.9183,2
-0.2845,-0.0196,-9.2606,-0.0030,-0.0220,0.0000,49.0000,22.0247,-0.5100,88.0730,0.1381,-2.1636,2
-0.3728,0.0000,-9.8100,0.0050,0.0100,0.0130,49.0000,22.0055,-0.4600,88.1860,0.1212,-2.1976,2
-0.3532,-0.0392,-10.1141,-0.0020,0.0200,-0.0040,49.0000,22.0179,-0.5100,88.3110,0.0473,-2.0302,2
-0.3041,0.0000,-9.6727,0.0130,0.0000,0.0060,49.0000,21.9798,-0.5500,88.4450,0.1213,-2.0116,2
-0.2943,-0.0098,-9.7413,0.0140,-0.0100,0.0030,49.0000,22.0227,-0.5500,88.5940,0.2684,-2.0392,2
-0.3728,-0.0098,-9.7904,-0.0010,0.0120,0.0100,49.0000,21.9758,-0.5100,88.7250,0.1502,-2.1525,2
-0.3826,0.0294,-10.1239,-0.0110,0.0000,0.0040,49.0000,22.0053,-0.6000,88.8730,0.0130,-1.9080,2
-0.2845,0.0000,-9.5059,0.0000,-0.0170,0.0050,49.0000,22.0056,-0.5600,89.0210,-0.0605,-2.0621,2
-0.3924,0.0196,-9.6334,0.0090,-0.0050,-0.0010,49.0000,22.0233,-0.4700,89.1550,0.0486,-2.2121,2
-0.3924,0.0000,-10.1239,-0.0030,0.0320,0.0030,49.0000,22.0245,-0.4700,89.2650,0.1219,-2.1283,2
-0.3728,0.0098,-10.0258,0.0010,-0.0010,0.0000,49.0000,21.9569,-0.6100,89.4060,0.0998,-1.8182,2
-0.3433,-0.0392,-9.4078,-0.0090,-0.0220,0.0070,49.0000,21.9832,-0.5600,89.5560,-0.0457,-2.0385,2
-0.3532,-0.0196,-9.6334,-0.0040,0.0050,-0.0020,49.0000,22.0032,-0.4400,89.6860,-0.1463,-2.3212,2
-0.3630,-0.0687,-10.4476,0.0070,0.0280,-0.0080,49.0000,21.9756,-0.5300,89.7980,-0.0148,-2.0384,2
-0.3826,0.0000,-9.8983,0.0080,0.0010,0.0050,49.0000,21.9710,-0.6400,89.9600,0.1101,-1.8424,2
-0.2747,-0.0883,-9.2704,0.0000,-0.0270,-0.0070,49.0000,21.9665,-0.5900,90.1140,0.0884,-2.0342,2
-0.4022,-0.0785,-9.4666,0.0060,-0.0020,0.0150,49.0000,21.9855,-0.4200,90.2460,0.0770,-2.3744,2
-0.3433,0.0294,-10.3986,-0.0040,0.0220,0.0090,49.0000,21.9938,-0.4800,90.3490,0.1620,-2.1096,2
-0.3826,-0.0392,-10.1141,0.0060,0.0060,0.0090,49.0000,22.0158,-0.6000,90.4920,0.2145,-1.8402,2
-0.3041,-0.0196,-9.1135,0.0070,-0.0340,0.0020,49.0000,22.0044,-0.5400,90.6370,0.1712,-2.0964,2
-0.3335,0.0000,-9.9571,0.0080,0.0130,0.0010,49.0000,22.0186,-0.4400,90.7590,0.2401,-2.2576,2
-0.4218,-0.0589,-10.5457,-0.0020,0.0380,-0.0060,49.0000,22.0074,-0.5600,90.8790,0.2302,-1.9389,2
-0.3237,-0.0294,-9.5255,0.0040,-0.0250,0.0020,49.0000,21.9666,-0.6600,91.0440,0.1817,-1.8572,2
-0.2943,-0.0883,-9.0252,0.0000,-0.0250,0.0070,49.0000,21.9456,-0.4700,91.1770,0.0707,-2.3459,2
-0.3532,0.0883,-10.0258,0.0190,0.0280,0.0000,49.0000,21.9991,-0.3800,91.2790,0.1607,-2.4081,2
-0.3924,-0.1177,-10.6733,-0.0020,0.0410,0.0030,50.0000,21.9915,-0.5600,91.3880,0.2462,-1.8722,2
-0.2943,-0.0098,-9.8885,0.0120,-0.0080,0.0070,50.0000,21.9699,-0.7000,91.5610,0.2673,-1.6487,2
-0.2551,-0.0098,-8.8094,-0.0090,-0.0370,0.0100,49.0000,21.9932,-0.5300,91.7180,0.2119,-2.1523,2
-0.2943,-0.0589,-10.0258,-0.0080,0.0270,-0.0030,49.0000,21.9746,-0.4000,91.8340,0.0928,-2.3618,2
-0.3630,0.0000,-10.4869,-0.0050,0.0310,0.0060,49.0000,21.9946,-0.5400,91.9520,0.0444,-2.0087,2
-0.3237,-0.0196,-9.8689,0.0110,0.0010,0.0050,49.0000,21.9889,-0.6500,92.1120,0.0419,-1.8268,2
-0.2845,0.0589,-9.4176,0.0130,-0.0240,0.0000,49.0000,21.9712,-0.5900,92.2630,0.1960,-2.0197,2
-0.3139,0.0294,-9.4274,0.0010,-0.0040,0.0060,49.0000,22.0051,-0.4600,92.4010,0.2742,-2.2984,2
-0.3826,-0.0687,-10.1239,-0.0150,0.0200,-0.0060,49.0000,22.0268,-0.4800,92.5090,0.2093,-2.1550,2
-0.4316,0.0196,-10.0651,-0.0090,0.0110,0.0140,49.0000,21.9930,-0.5800,92.6470,0.0267,-1.8921,2
-0.3335,-0.0589,-9.5746,0.0030,-0.0180,0.0000,49.0000,21.9649,-0.5900,92.7940,-0.0499,-1.9271,2
-0.2747,0.0687,-9.2410,0.0190,-0.0120,-0.0080,49.0000,21.9782,-0.4500,92.9320,0.1151,-2.2949,2
-0.3630,-0.0196,-10.1141,0.0030,0.0160,0.0000,49.0000,21.9804,-0.4400,93.0330,0.2238,-2.2619,2
-0.3630,-0.0392,-10.2024,-0.0060,0.0140,-0.0020,50.0000,21.9744,-0.5400,93.1580,0.2083,-2.0470,2
-0.2845,0.0000,-9.9179,-0.0110,0.0020,0.0170,49.0000,22.0004,-0.6000,93.2990,0.0668,-1.9454,2
-0.3041,0.1373,-9.6628,0.0120,-0.0070,-0.0060,49.0000,22.0075,-0.6000,93.4560,0.1865,-1.9629,2
-0.3041,0.0098,-9.5942,-0.0020,0.0000,-0.0020,49.0000,21.9854,-0.5300,93.5880,0.2056,-2.0982,2
-0.3433,-0.0785,-9.8492,-0.0040,0.0000,0.0150,49.0000,21.9998,-0.5300,93.7210,0.0533,-2.0513,2
-0.3335,0.0000,-9.8983,0.0120,0.0000,0.0060,49.0000,22.0178,-0.5500,93.8440,0.0121,-1.9706,2
-0.2845,0.0098,-9.4666,0.0000,-0.0100,0.0050,49.0000,21.9732,-0.5100,93.9860,0.0376,-2.1090,2
-0.4022,0.0000,-10.1043,0.0100,0.0230,0.0080,49.0000,21.9955,-0.4900,94.1040,0.0509,-2.1207,2
-0.3237,0.0883,-10.0062,0.0070,0.0000,-0.0010,49.0000,22.0065,-0.6000,94.2480,0.1394,-1.9154,2
-0.3041,-0.0392,-9.6825,0.0000,-0.0050,-0.0030,49.0000,22.0225,-0.5800,94.3930,0.1005,-2.0019,2
-0.3433,0.0098,-9.9179,-0.0010,0.0150,0.0010,49.0000,22.0026,-0.5400,94.5350,0.0198,-2.0547,2
-0.3924,0.0490,-9.8492,0.0000,0.0070,0.0080,49.0000,21.9877,-0.5800,94.6720,-0.0482,-1.9386,2
-0.2747,-0.0196,-9.3784,0.0110,-0.0130,-0.0130,49.0000,22.0051,-0.5300,94.8260,0.0266,-2.0804,2
-0.3924,0.0294,-9.8002,0.0040,0.0110,0.0170,49.0000,21.9718,-0.4800,94.9440,0.1041,-2.1353,2
-0.3532,0.0392,-9.8689,0.0020,0.0040,0.0050,49.0000,22.0006,-0.5100,95.0700,0.0943,-2.0578,2
-0.3139,0.0392,-9.8100,-0.0030,0.0040,0.0110,49.0000,21.9550,-0.5100,95.1900,0.1799,-2.0670,2
-0.3433,-0.0490,-9.8983,-0.0020,0.0030,0.0090,50.0000,21.9525,-0.5300,95.3220,0.0604,-2.0280,2
-0.3237,-0.0589,-9.9670,-0.0010,0.0020,-0.0040,50.0000,21.9679,-0.6000,95.4570,0.0194,-1.8971,2
-0.2649,-0.0392,-9.2410,-0.0040,-0.0160,0.0050,50.0000,22.0119,-0.5100,95.6080,-0.0388,-2.2046,2
-0.4414,0.0000,-10.2024,0.0140,0.0210,-0.0080,49.0000,22.0096,-0.4800,95.7220,0.0037,-2.1342,2
-0.3630,0.0490,-10.2318,0.0130,0.0130,0.0100,49.0000,21.9766,-0.5900,95.8650,0.0630,-1.8537,2
-0.3630,0.0000,-9.5059,0.0020,-0.0170,-0.0040,49.0000,21.9811,-0.5700,96.0160,0.0990,-1.9953,2
-0.3139,-0.0098,-9.5059,0.0020,-0.0090,0.0130,49.0000,22.0287,-0.4700,96.1600,0.1116,-2.2183,2
-0.4022,-0.0883,-10.1141,0.0030,0.0180,-0.0080,49.0000,22.0463,-0.4800,96.2760,0.0687,-2.1431,2
-0.3630,-0.0196,-10.2809,-0.0020,0.0110,-0.0020,49.0000,21.9941,-0.5900,96.4140,0.0642,-1.9045,2
-0.3433,-0.0785,-9.7217,0.0130,-0.0050,0.0030,49.0000,21.9809,-0.6200,96.5620,0.0360,-1.9255,2
-0.3532,0.0000,-9.6040,0.0070,-0.0100,0.0050,49.0000,22.0026,-0.5500,96.7160,0.1378,-2.1348,2
-0.3924,0.0392,-9.5942,0.0110,0.0000,0.0010,49.0000,22.0127,-0.4700,96.8410,0.2265,-2.2772,2
-0.4022,0.0392,-10.2220,0.0060,0.0200,0.0120,49.0000,21.9906,-0.5100,96.9710,0.2651,-2.0969,2
-0.3335,0.0392,-9.9571,-0.0080,0.0110,0.0020,49.0000,21.9728,-0.5800,97.1050,0.2290,-1.9396,2
-0.3335,-0.0392,-9.6334,-0.0090,-0.0050,0.0000,49.0000,21.9460,-0.5500,97.2570,0.0322,-2.0326,2
-0.3335,-0.0785,-9.7806,0.0000,0.0070,0.0000,49.0000,21.9520,-0.5300,97.3920,0.0531,-2.0752,2
-0.3728,-0.0883,-9.8296,0.0030,-0.0020,0.0030,49.0000,22.0264,-0.5400,97.5370,0.1019,-2.0786,2
-0.3924,0.0196,-9.8590,0.0030,-0.0010,0.0040,49.0000,22.0126,-0.5400,97.6710,0.1524,-2.0983,2
-0.3924,0.5297,-10.4575,-0.8500,0.0360,-0.1530,49.0000,21.9912,-0.5800,97.8210,-3.5766,-1.9979,2
-0.3433,-1.1281,-11.5169,-1.5800,0.0140,-0.0850,51.0000,21.9753,-0.8200,97.9930,-22.3251,-1.9050,2
0.1864,-0.0981,-10.9185,-1.5910,0.1490,-0.1390,57.0000,22.0191,-0.4500,98.1700,-46.1656,-2.1635,3
1.4715,0.4414,-17.2558,-0.9710,0.6230,-0.1300,78.0000,22.0840,0.1200,98.2030,-64.7602,-1.1918,3
1.7854,1.7069,-33.8641,0.3200,1.3630,-0.1310,65.0000,22.5683,-0.0500,98.1560,-69.2319,2.3281,3
1.3734,3.3943,-39.5539,1.5800,1.1650,-0.1450,66.0000,22.8959,-2.5800,98.4250,-55.3487,9.2189,3
-0.3728,3.5022,-11.1245,1.6970,-0.2260,-0.1870,40.0000,23.0801,-5.2100,99.5760,-31.6543,11.5087,3
-1.6677,2.7370,8.0246,1.6460,-0.9100,-0.1710,16.0000,22.8743,-2.7600,100.6410,-8.6205,1.6814,2
-4.7480,1.7266,4.8363,1.3330,-0.5570,-0.0980,0.0000,22.0491,1.8200,100.6940,14.5740,-10.4195,1
-5.6113,-0.1766,-8.7113,0.3260,0.1420,-0.0320,11.0000,21.3609,3.4100,99.9580,25.7899,-12.0403,1
-3.5316,-1.5304,-13.5967,-0.2110,0.2160,0.1320,25.0000,20.4516,2.7200,99.1190,24.6073,-9.1325,1
-1.9326,-1.2753,-10.7027,0.0420,0.0630,0.1980,33.0000,20.0104,2.2200,98.5430,22.7069,-8.5539,1
-1.1085,-0.7357,-10.9087,0.3760,0.1390,0.1730,37.0000,19.6936,2.2000,97.9750,25.9005,-8.6738,1
-0.5886,-0.8240,-13.5476,0.4030,0.2600,0.1640,43.0000,19.6809,1.8300,97.4850,31.0606,-7.1037,1
0.0392,-1.1281,-13.7536,0.3130,0.2600,0.1730,47.0000,19.8319,1.2500,97.0930,35.9380,-5.1442,1
0.5003,-1.3930,-12.4979,0.2690,0.2240,0.2040,52.0000,19.9921,0.9700,96.8450,39.5012,-4.2907,1
0.7652,-1.4519,-13.0179,0.2680,0.2770,0.2200,55.0000,20.3538,0.8700,96.6080,43.2157,-3.8429,1
0.9025,-1.5205,-14.9602,0.2440,0.3780,0.2230,59.0000,20.6790,0.6100,96.4200,46.3735,-2.7835,3
1.0399,-1.5794,-16.2061,0.2080,0.4250,0.2380,61.0000,21.1803,0.1300,96.3180,49.4753,-1.3558,3
1.2164,-1.7854,-16.0590,0.1800,0.4370,0.2280,64.0000,21.5413,-0.2500,96.3340,52.0232,-0.1383,3
1.1968,-1.9129,-16.3827,0.1240,0.4550,0.2460,65.0000,22.0614,-0.5900,96.4540,54.2311,0.7718,3
1.0497,-1.8737,-16.9124,0.0900,0.4740,0.2540,66.0000,22.3432,-0.8900,96.6400,55.8230,1.6404,3
0.9516,-2.0012,-16.8143,0.0600,0.4640,0.2560,66.0000,22.7383,-1.2000,96.9240,57.1147,2.3356,3
0.7554,-2.1190,-16.1178,0.0000,0.4330,0.2390,64.0000,22.9909,-1.3700,97.2460,57.7161,2.7910,3
0.3532,-2.1680,-15.1761,-0.0120,0.3980,0.2470,62.0000,23.3050,-1.4400,97.6260,57.9889,2.9082,3
0.0490,-2.0503,-14.5090,-0.0150,0.3630,0.2640,59.0000,23.4304,-1.4100,97.9810,58.1900,2.7416,3
-0.3139,-2.0895,-13.9694,-0.0080,0.3540,0.2390,57.0000,23.5052,-1.2600,98.3400,58.2569,2.4362,3
-0.4807,-2.1484,-14.0185,-0.0070,0.3530,0.2400,55.0000,23.5044,-1.1200,98.6350,58.2184,2.1655,3
-0.7259,-2.1091,-13.8125,-0.0480,0.3510,0.2560,54.0000,23.4508,-0.9400,98.9140,57.9222,1.7549,3
-0.8829,-2.1974,-13.4299,-0.0590,0.3380,0.2430,51.0000,23.4078,-0.7800,99.1350,57.1723,1.4210,3
-1.2066,-2.1778,-13.4103,-0.0660,0.3170,0.2540,48.0000,23.2512,-0.6300,99.3290,56.2781,0.9815,3
-1.2459,-2.1190,-12.1840,-0.0810,0.2650,0.2470,46.0000,23.1725,-0.4100,99.4570,55.3078,0.4056,3
-1.4421,-2.0895,-12.0369,-0.0830,0.2600,0.2590,45.0000,22.9237,-0.1300,99.5190,54.0939,-0.3236,3
-1.5107,-2.0895,-12.1055,-0.0680,0.2690,0.2440,43.0000,22.7567,0.1100,99.5100,53.1014,-0.9154,3
-1.5107,-2.0601,-12.3900,-0.0740,0.2680,0.2510,43.0000,22.4907,0.2700,99.4480,51.8949,-1.3303,3
-1.4617,-2.0111,-12.2036,-0.0760,0.2610,0.2530,43.0000,22.3853,0.3900,99.3680,50.6719,-1.6793,3
-1.4421,-1.9228,-12.2233,-0.0930,0.2490,0.2340,42.0000,22.1551,0.4800,99.2490,49.1412,-1.9924,3
-1.4126,-1.9816,-12.2625,-0.1050,0.2430,0.2390,42.0000,22.0574,0.5200,99.1210,47.5354,-2.1419,3
-1.3440,-1.9228,-11.4483,-0.1090,0.1950,0.2200,41.0000,21.8662,0.5800,98.9740,45.6464,-2.4728,3
-1.3145,-1.9424,-11.4581,-0.1070,0.1820,0.2240,41.0000,21.7611,0.6500,98.8070,43.8792,-2.7688,3
-1.1968,-1.7658,-11.3404,-0.0850,0.1850,0.2240,42.0000,21.6462,0.7400,98.6020,42.2460,-3.1506,3
-1.0889,-1.6971,-11.6641,-0.0860,0.1870,0.2130,43.0000,21.5550,0.7400,98.4030,40.8332,-3.2266,3
-0.9516,-1.6971,-11.8995,-0.1020,0.1870,0.2120,44.0000,21.4609,0.6500,98.2110,39.2377,-3.0597,3
-0.8240,-1.6775,-11.6837,-0.1010,0.1680,0.1930,44.0000,21.4409,0.5400,98.0710,37.6240,-2.8658,3
-0.7848,-1.4813,-11.0951,-0.0940,0.1320,0.2100,44.0000,21.4398,0.4700,97.9440,35.8357,-2.9398,3
-0.7063,-1.4715,-10.8695,-0.0760,0.1290,0.1870,45.0000,21.4571,0.4800,97.8260,34.4648,-3.0980,3
-0.7259,-1.3734,-11.1932,-0.0570,0.1350,0.1850,45.0000,21.4712,0.4300,97.6990,33.2586,-3.0786,3
-0.6376,-1.3734,-11.3502,-0.0480,0.1370,0.1810,46.0000,21.5187,0.3300,97.5970,32.3454,-2.8620,3
-0.5886,-1.4126,-10.8989,-0.0630,0.1150,0.1670,46.0000,21.5251,0.2400,97.5060,31.3029,-2.7126,3
-0.5003,-1.2753,-10.8008,-0.0510,0.1090,0.1650,47.0000,21.5585,0.1900,97.4340,30.4535,-2.7039,3
-0.4905,-1.2459,-10.9087,-0.0150,0.1180,0.1580,47.0000,21.5663,0.1400,97.3750,29.9305,-2.6253,3
-0.4513,-1.3440,-11.0559,-0.0090,0.1060,0.1500,48.0000,21.5825,0.0000,97.3520,29.6385,-2.2753,3
-0.3924,-1.3047,-10.9381,-0.0040,0.1020,0.1670,48.0000,21.5783,-0.0900,97.3670,29.4051,-2.0896,3
-0.3630,-1.2164,-10.5457,0.0060,0.0830,0.1460,49.0000,21.6459,-0.1200,97.3970,29.3544,-2.1004,3
-0.3433,-1.2753,-10.3986,0.0150,0.0910,0.1640,49.0000,21.7155,-0.0900,97.4330,29.3231,-2.1754,3
-0.3433,-1.3047,-11.1049,0.0280,0.1160,0.1520,49.0000,21.7297,-0.1500,97.4650,29.4599,-1.9710,3
-0.3041,-1.3342,-10.8204,0.0270,0.0970,0.1640,49.0000,21.8089,-0.2600,97.5130,29.7063,-1.7619,3
-0.3433,-1.2851,-10.6733,0.0170,0.0970,0.1570,49.0000,21.8250,-0.2600,97.5700,29.9257,-1.7739,3
-0.3433,-1.1968,-10.6635,0.0490,0.0980,0.1650,49.0000,21.8906,-0.2700,97.6360,30.3312,-1.7883,3
-0.4218,-1.2557,-10.9087,0.0390,0.1110,0.1540,49.0000,21.9382,-0.3200,97.7100,30.8152,-1.6026,3
-0.3335,-1.3243,-10.7125,0.0320,0.1040,0.1610,49.0000,21.9544,-0.3400,97.8040,31.2375,-1.5221,3
-0.3924,-1.2655,-10.8204,0.0420,0.1120,0.1630,49.0000,21.9736,-0.3500,97.8880,31.5934,-1.4551,3
-0.3728,-1.2361,-10.5261,0.0330,0.0970,0.1690,49.0000,21.9608,-0.3400,97.9830,31.9978,-1.5324,3
-0.4120,-1.2851,-10.7223,0.0360,0.1030,0.1690,50.0000,21.9640,-0.3200,98.0600,32.3424,-1.5393,3
-0.3924,-1.3832,-11.1932,0.0380,0.1280,0.1700,50.0000,22.0304,-0.3500,98.1400,32.7630,-1.3363,3
-0.3826,-1.3636,-10.8204,0.0280,0.1200,0.1700,50.0000,21.9944,-0.3600,98.2220,33.2289,-1.3299,3
-0.4316,-1.3538,-10.8597,0.0410,0.1170,0.1670,50.0000,22.0405,-0.3500,98.3010,33.5427,-1.3630,3
-0.4218,-1.4421,-10.7910,0.0470,0.1230,0.1820,50.0000,22.0714,-0.3400,98.3750,34.1547,-1.4048,3
-0.4611,-1.3342,-11.5464,0.0400,0.1520,0.1780,50.0000,22.0697,-0.3900,98.4660,34.7302,-1.1972,3
-0.3237,-1.3734,-10.9480,0.0210,0.1230,0.1850,50.0000,22.0777,-0.4200,98.5720,35.1322,-1.1030,3
-0.4022,-1.4421,-10.6635,0.0210,0.1170,0.1880,49.0000,22.0803,-0.3500,98.6760,35.2707,-1.2429,3
-0.4611,-1.4028,-10.8793,0.0290,0.1340,0.1840,49.0000,22.0910,-0.2800,98.7500,35.5239,-1.4207,3
-0.5199,-1.4715,-11.2030,0.0330,0.1470,0.1860,49.0000,22.0683,-0.2700,98.8180,35.9228,-1.3299,3
-0.4022,-1.4911,-10.9381,0.0290,0.1320,0.1830,49.0000,22.0446,-0.2700,98.8810,36.2245,-1.3719,3
-0.4513,-1.3930,-11.3109,0.0500,0.1520,0.1970,50.0000,22.0941,-0.2700,98.9410,36.5807,-1.3586,3
-0.4709,-1.3734,-11.1442,0.0380,0.1420,0.1860,49.0000,22.1004,-0.2700,99.0070,37.0049,-1.3284,3
-0.4611,-1.4617,-11.5071,0.0270,0.1580,0.1930,49.0000,22.1316,-0.3100,99.0850,37.3178,-1.1744,3
-0.4709,-1.5107,-11.0951,0.0070,0.1370,0.1830,49.0000,22.1239,-0.3200,99.1660,37.5296,-1.1156,3
-0.5494,-1.4813,-10.7027,0.0050,0.1250,0.1960,49.0000,22.0842,-0.2300,99.2430,37.5072,-1.3550,3
-0.5690,-1.4813,-10.8793,0.0290,0.1360,0.1920,49.0000,22.0915,-0.1500,99.2910,37.5414,-1.5517,3
-0.5395,-1.4617,-11.1540,0.0460,0.1540,0.1920,49.0000,22.0765,-0.1100,99.3240,37.8790,-1.6292,3
-0.4807,-1.4813,-11.6935,0.0200,0.1730,0.1910,49.0000,22.0544,-0.1400,99.3460,38.1581,-1.4668,3
-0.4709,-1.5500,-11.4973,0.0120,0.1630,0.1880,49.0000,22.1149,-0.2000,99.3850,38.2468,-1.3095,3
-0.5003,-1.5402,-11.1049,0.0130,0.1440,0.1960,49.0000,22.1158,-0.2200,99.4380,38.4018,-1.3015,3
-0.5984,-1.5990,-11.0461,0.0010,0.1490,0.1870,49.0000,22.1104,-0.1600,99.4940,38.4059,-1.4643,3
-0.6278,-1.5696,-11.3011,0.0170,0.1540,0.1980,48.0000,22.1336,-0.1600,99.5410,38.4344,-1.4326,3
-0.5592,-1.5402,-10.8400,0.0150,0.1320,0.1960,49.0000,22.0811,-0.1400,99.5920,38.6423,-1.5114,3
-0.5788,-1.5794,-10.9872,0.0040,0.1460,0.2010,48.0000,22.0465,-0.0600,99.6170,38.6383,-1.6740,3
-0.6082,-1.5009,-11.7328,0.0130,0.1750,0.1990,49.0000,22.0744,-0.0400,99.6240,38.6247,-1.6786,3
-0.5788,-1.4421,-11.5169,0.0180,0.1600,0.2020,48.0000,22.0689,-0.1100,99.6470,38.6780,-1.5129,3
-0.5984,-1.5598,-11.0264,0.0030,0.1470,0.1870,48.0000,22.0616,-0.1000,99.6730,38.7363,-1.5429,3
-0.6082,-1.5892,-11.2521,-0.0100,0.1540,0.1940,48.0000,22.0609,-0.0800,99.6850,38.4852,-1.5932,3
-0.6278,-1.4911,-11.1932,0.0240,0.1540,0.2020,48.0000,22.0406,-0.0600,99.7000,38.6213,-1.6937,3
-0.5886,-1.5500,-11.4581,0.0270,0.1710,0.1930,48.0000,22.0509,-0.0500,99.7180,38.7722,-1.6684,3
-0.5984,-1.5205,-11.2325,-0.0070,0.1520,0.1930,48.0000,22.0421,-0.0600,99.7470,38.7948,-1.6332,3
-0.6082,-1.5205,-11.1736,-0.0060,0.1570,0.2000,48.0000,22.0336,-0.0400,99.7680,38.5456,-1.7176,3
-0.6082,-1.5009,-11.3600,0.0070,0.1550,0.1910,48.0000,21.9791,-0.0300,99.7820,38.5374,-1.7157,3
-0.5592,-1.5990,-11.3011,0.0080,0.1560,0.1990,48.0000,21.9887,-0.0400,99.7870,38.4591,-1.6817,3
-0.5494,-1.6088,-11.2030,0.0000,0.1560,0.2050,49.0000,22.0107,-0.0200,99.7880,38.4258,-1.7400,3
-0.5788,-1.5500,-11.1932,0.0210,0.1560,0.1970,48.0000,22.0186,-0.0100,99.7860,38.3691,-1.8092,3
-0.5395,-1.4617,-11.4090,0.0280,0.1620,0.1970,48.0000,22.0533,-0.0100,99.7840,38.5876,-1.7658,3
-0.5984,-1.5892,-11.2717,-0.0010,0.1610,0.1860,48.0000,22.0160,-0.0100,99.7910,38.6224,-1.7007,3
-0.5592,-1.5892,-11.2423,-0.0080,0.1560,0.1930,48.0000,22.0304,-0.0200,99.8010,38.4571,-1.6955,3
-0.6376,-1.5402,-11.5071,0.0060,0.1590,0.1950,48.0000,22.0090,-0.0500,99.8170,38.2960,-1.6547,3
-0.6082,-1.5205,-11.1736,0.0160,0.1450,0.1890,48.0000,21.9757,-0.0700,99.8410,38.3278,-1.6416,3
-0.6180,-1.4911,-10.8695,0.0000,0.1370,0.1930,48.0000,22.0026,0.0000,99.8540,38.2819,-1.8005,3
-0.6082,-1.5500,-11.1147,0.0040,0.1450,0.1990,48.0000,22.0304,0.0500,99.8400,38.0937,-1.9290,3
-0.5788,-1.5696,-11.4286,0.0210,0.1810,0.1970,48.0000,22.0156,0.0700,99.8140,38.1112,-1.9821,3
-0.6082,-1.4911,-11.5267,0.0280,0.1650,0.1950,48.0000,22.0147,-0.0100,99.8010,38.3612,-1.7755,3
-0.5592,-1.5402,-11.7033,0.0010,0.1650,0.1970,48.0000,21.9798,-0.0500,99.8080,38.3699,-1.6408,3
-0.5690,-1.5696,-11.0755,-0.0080,0.1450,0.1940,48.0000,22.0014,-0.0500,99.8300,38.1991,-1.6764,3
-0.5592,-1.5892,-10.8891,-0.0030,0.1430,0.1980,48.0000,21.9864,0.0000,99.8400,37.9380,-1.8464,3
-0.6278,-1.4617,-11.5660,0.0140,0.1630,0.1970,48.0000,22.0203,-0.0100,99.8450,37.8923,-1.7709,3
-0.6573,-1.5009,-11.1147,0.0120,0.1440,0.1890,48.0000,22.0166,-0.0300,99.8600,37.9141,-1.7714,3
-0.5788,-1.4715,-10.8891,0.0100,0.1460,0.1930,48.0000,21.9850,0.0300,99.8670,37.8591,-1.9605,3
-0.6278,-1.5500,-11.3992,0.0150,0.1640,0.2020,48.0000,21.9586,0.0300,99.8590,37.8114,-1.9054,3
-0.5690,-1.5304,-11.2913,0.0130,0.1460,0.1850,48.0000,21.9905,-0.0300,99.8620,37.9840,-1.7283,3
-0.5494,-1.5402,-11.0951,0.0060,0.1470,0.1990,48.0000,22.0276,-0.0300,99.8760,37.9084,-1.7363,3
-0.5690,-1.5598,-11.0559,0.0060,0.1440,0.1870,48.0000,21.9903,-0.0200,99.8950,37.8464,-1.7873,3
-0.6180,-1.4715,-11.3011,0.0180,0.1620,0.1990,48.0000,22.0083,0.0000,99.9110,37.8417,-1.8422,3
-0.6082,-1.5009,-11.1049,0.0120,0.1400,0.1810,48.0000,21.9714,0.0000,99.9280,37.8943,-1.8225,3
-0.5984,-1.5696,-11.0755,0.0080,0.1470,0.1970,48.0000,21.9359,0.0000,99.9360,37.7808,-1.8590,3
-0.5886,-1.5402,-11.1343,0.0140,0.1400,0.1920,48.0000,21.9578,0.0200,99.9380,37.7895,-1.9137,3
-0.4807,-1.5205,-11.2325,0.0180,0.1660,0.1900,48.0000,21.9644,0.0700,99.9210,37.8630,-2.0012,3
-0.5494,-1.5794,-11.6641,0.0110,0.1650,0.1920,48.0000,21.9707,-0.0100,99.9120,37.8494,-1.7715,3
-0.5395,-1.5205,-10.9381,0.0120,0.1370,0.1950,48.0000,21.9660,-0.0200,99.9240,37.8346,-1.8545,3
-0.6082,-1.5598,-11.1736,0.0070,0.1510,0.1920,48.0000,21.9339,0.0200,99.9260,37.7782,-1.8989,3
-0.5494,-1.5009,-11.0853,0.0150,0.1490,0.2000,48.0000,21.9567,0.0200,99.9220,37.7027,-1.9731,3
-0.6082,-1.5402,-11.3502,0.0140,0.1580,0.1930,48.0000,22.0064,0.0100,99.9200,37.8031,-1.8900,3
-0.6082,-1.4911,-11.4286,-0.0030,0.1490,0.1950,48.0000,21.9811,-0.0400,99.9290,37.7768,-1.7545,3
-0.5592,-1.5598,-10.9381,0.0070,0.1360,0.1860,48.0000,21.9860,-0.0100,99.9410,37.6226,-1.8801,3
-0.6180,-1.5304,-11.3404,0.0150,0.1560,0.2030,48.0000,21.9909,0.0000,99.9340,37.5994,-1.8976,3
-0.5494,-1.4617,-11.1245,0.0290,0.1460,0.2000,48.0000,21.9971,0.0100,99.9270,37.7464,-1.9827,3
-0.5494,-1.4813,-11.3305,0.0250,0.1560,0.1830,48.0000,21.9667,0.0500,99.9130,37.9951,-2.0287,3
-0.6180,-1.5598,-11.7229,0.0080,0.1790,0.1920,48.0000,21.9815,0.0100,99.9060,38.0128,-1.8838,3
-0.6082,-1.5696,-11.6837,0.0010,0.1710,0.1940,48.0000,21.9771,-0.0800,99.9280,38.0161,-1.6346,3
-0.4905,-1.5696,-10.8204,-0.0010,0.1350,0.1880,48.0000,21.9659,-0.0800,99.9650,37.8819,-1.6874,3
-0.5003,-1.6285,-10.6635,0.0050,0.1280,0.2000,48.0000,21.9547,-0.0100,99.9840,37.6569,-1.8911,3
-0.6475,-1.4911,-11.2717,0.0190,0.1530,0.1910,48.0000,21.9528,0.0300,99.9870,37.6275,-2.0094,3
-0.6376,-1.4617,-11.1442,0.0290,0.1480,0.2050,48.0000,21.9543,0.0500,99.9740,37.8435,-2.0673,3
-0.5984,-1.5598,-11.4581,0.0190,0.1660,0.1780,48.0000,21.9658,0.0600,99.9500,38.0975,-1.9988,3
-0.5788,-1.5009,-11.7818,0.0080,0.1740,0.1980,49.0000,21.9699,0.0000,99.9360,38.0524,-1.8485,3
-0.5984,-1.5990,-11.3011,-0.0100,0.1540,0.1960,48.0000,21.9834,-0.0500,99.9490,37.9627,-1.7250,3
-0.5592,-1.4715,-11.1343,0.0180,0.1520,0.2060,48.0000,21.9536,-0.0500,99.9710,37.8719,-1.7842,3
-0.5984,-1.5009,-10.9381,0.0000,0.1360,0.1850,48.0000,22.0221,0.0000,99.9940,37.8735,-1.9326,3
-0.5984,-1.6088,-11.0755,0.0030,0.1400,0.1870,48.0000,22.0396,0.0200,100.0020,37.7641,-1.9516,3
-0.5297,-1.5892,-11.1932,0.0190,0.1510,0.2060,48.0000,22.0276,0.0300,99.9990,37.8380,-2.0188,3
-0.6475,-1.4813,-11.3600,0.0160,0.1540,0.1940,48.0000,21.9940,0.0200,99.9940,37.9697,-1.9638,3
-0.5592,-1.5402,-11.3502,0.0090,0.1550,0.1980,48.0000,21.9992,-0.0100,99.9910,37.9056,-1.8558,3
-0.6376,-1.4813,-10.9087,0.0090,0.1290,0.2040,48.0000,21.9948,-0.0100,99.9930,37.8559,-1.9825,3
-0.6082,-1.5009,-11.1147,0.0170,0.1490,0.1930,48.0000,21.9988,0.0500,99.9790,37.8491,-2.1183,3
-0.5592,-1.4617,-11.4679,0.0240,0.1640,0.1970,48.0000,21.9726,0.0500,99.9670,37.9336,-2.0883,3
-0.5788,-1.5009,-11.7131,0.0130,0.1800,0.1990,48.0000,21.9619,-0.0300,99.9720,38.0667,-1.8031,3
-0.5494,-1.4421,-11.2521,-0.0090,0.1490,0.1900,48.0000,21.9715,-0.0800,99.9950,38.0609,-1.7425,3
-0.5690,-1.5794,-10.5850,-0.0050,0.1280,0.1920,48.0000,22.0180,-0.0300,100.0210,37.7429,-1.9193,3
-0.5886,-1.5500,-11.0657,0.0200,0.1420,0.1970,47.0000,22.0318,0.0200,100.0230,37.5389,-2.0899,3
-0.6278,-1.4813,-11.5562,0.0250,0.1650,0.2020,48.0000,21.9954,0.0300,100.0020,37.7396,-2.0608,3
-0.6082,-1.5500,-11.3305,0.0110,0.1380,0.1880,48.0000,21.9907,-0.0200,99.9890,37.8789,-1.9085,3
-0.5494,-1.5696,-11.0362,0.0020,0.1400,0.1940,48.0000,21.9963,0.0000,99.9820,37.8398,-2.0010,3
-0.5395,-1.5009,-11.3698,0.0090,0.1610,0.2020,48.0000,21.9809,0.0300,99.9740,37.7531,-2.0663,3
-0.6376,-1.5205,-11.5464,0.0250,0.1680,0.1840,48.0000,22.0024,-0.0300,99.9810,37.8137,-1.8616,3
-0.5788,-1.5990,-11.0657,0.0000,0.1360,0.1930,48.0000,21.9894,-0.0600,100.0080,37.8845,-1.8219,3
-0.5886,-1.5009,-10.9480,0.0040,0.1380,0.1950,48.0000,21.9896,-0.0200,100.0320,37.7351,-1.9418,3
-0.5690,-1.4813,-10.9381,0.0020,0.1440,0.2000,48.0000,21.9736,0.0300,100.0340,37.6312,-2.1176,3
-0.6180,-1.5696,-11.4090,0.0110,0.1570,0.1830,48.0000,21.9805,0.0100,100.0260,37.7082,-1.9932,3
-0.5592,-1.5107,-11.0853,0.0130,0.1430,0.2060,48.0000,21.9747,0.0000,100.0210,37.7189,-2.0499,3
-0.6376,-1.5009,-11.3207,0.0250,0.1570,0.1920,48.0000,21.9691,0.0300,100.0060,37.8574,-2.1072,3
-0.6671,-1.4911,-11.3404,0.0150,0.1550,0.1990,48.0000,21.9650,0.0300,99.9990,37.8658,-2.1127,3
-0.5690,-1.5990,-11.7229,0.0120,0.1860,0.1930,48.0000,21.9402,0.0200,99.9960,37.9872,-1.9916,3
-0.6278,-1.5598,-11.4483,-0.0030,0.1600,0.1880,49.0000,21.9615,-0.0500,100.0030,37.9952,-1.8164,3
-0.5199,-1.5107,-11.0559,-0.0110,0.1420,0.1890,48.0000,21.9892,-0.0500,100.0220,37.7295,-1.8522,3
-0.6376,-1.4813,-10.7419,0.0240,0.1320,0.1930,48.0000,21.9874,0.0000,100.0280,37.6977,-2.0777,3
-0.6278,-1.6285,-11.3207,0.0000,0.1600,0.1910,48.0000,21.9932,0.0300,100.0150,37.7200,-2.0244,3
-0.6180,-1.5402,-11.0853,0.0260,0.1380,0.2040,48.0000,22.0043,0.0100,100.0010,37.7988,-2.0895,3
-0.5592,-1.5402,-11.1147,0.0190,0.1480,0.1920,48.0000,21.9970,0.0400,99.9810,38.0512,-2.1239,3
-0.6082,-1.4224,-11.4679,0.0150,0.1640,0.2020,48.0000,22.0094,0.0400,99.9580,38.1527,-2.0829,3
-0.5886,-1.5009,-11.8701,0.0030,0.1790,0.1990,48.0000,21.9827,-0.0300,99.9520,38.1035,-1.8290,3
-0.5199,-1.5500,-11.1343,-0.0120,0.1410,0.1870,48.0000,21.9805,-0.0900,99.9730,37.9796,-1.7042,3
-0.6082,-1.5205,-10.8989,0.0050,0.1350,0.2050,48.0000,22.0262,-0.0600,99.9990,37.7173,-1.8910,3
-0.6180,-1.3734,-10.8106,0.0170,0.1370,0.1970,48.0000,21.9981,0.0100,100.0110,37.7970,-2.1036,3
-0.6180,-1.5696,-11.4090,0.0110,0.1670,0.1950,48.0000,22.0214,0.0200,100.0040,37.8230,-2.0230,3
-0.5788,-1.5598,-11.3305,0.0190,0.1570,0.1960,48.0000,22.0355,0.0000,99.9950,37.8268,-1.9672,3
-0.5788,-1.5304,-11.2226,0.0170,0.1560,0.1900,48.0000,22.0055,0.0100,99.9860,37.8847,-2.0304,3
-0.6475,-1.5107,-11.4679,0.0070,0.1650,0.1940,48.0000,21.9926,0.0000,99.9780,37.9360,-1.9655,3
-0.6278,-1.5892,-11.4581,-0.0040,0.1610,0.1860,48.0000,22.0236,-0.0400,99.9900,37.8736,-1.8146,3
-0.6278,-1.4421,-11.0166,0.0080,0.1410,0.1960,48.0000,22.0348,-0.0400,100.0120,37.8474,-1.8924,3
-0.5886,-1.5598,-10.9676,0.0040,0.1420,0.1930,48.0000,21.9709,0.0100,100.0220,37.7570,-2.0209,3
-0.6180,-1.5009,-11.2030,0.0170,0.1610,0.1900,48.0000,21.9657,0.0300,100.0200,37.7069,-2.0595,3
-0.5690,-1.5205,-11.3796,0.0120,0.1540,0.1900,48.0000,21.9924,0.0100,100.0150,37.8105,-1.9843,3
-0.5690,-1.6383,-11.0853,0.0060,0.1430,0.1910,48.0000,21.9835,0.0200,100.0020,37.7735,-2.0024,3
-0.6082,-1.5009,-11.0264,0.0240,0.1470,0.1980,48.0000,21.9743,0.0500,99.9810,37.8220,-2.1097,3
-0.6278,-1.4519,-11.5464,0.0130,0.1640,0.2060,48.0000,22.0048,0.0500,99.9570,37.8587,-2.0995,3
-0.6278,-1.5892,-11.8603,0.0190,0.1700,0.1870,48.0000,21.9810,-0.0400,99.9480,37.9076,-1.7812,3
-0.5199,-1.5205,-11.0068,0.0030,0.1450,0.1940,49.0000,21.9995,-0.0500,99.9650,37.8697,-1.8156,3
-0.5592,-1.5598,-10.8008,0.0090,0.1380,0.1950,48.0000,21.9913,0.0100,99.9800,37.7888,-1.9721,3
-0.5984,-1.5402,-11.3796,0.0140,0.1610,0.1930,48.0000,21.9789,0.0200,99.9800,37.8014,-1.9578,3
-0.5984,-1.4911,-11.1540,0.0140,0.1460,0.1970,48.0000,22.0274,0.0000,99.9850,37.8626,-1.9798,3
-0.5788,-1.4617,-11.3305,0.0110,0.1570,0.1870,48.0000,22.0320,0.0200,99.9760,37.9514,-2.0023,3
-0.5984,-1.5990,-11.3207,-0.0090,0.1480,0.1920,48.0000,22.0325,0.0000,99.9640,37.8790,-1.8699,3
-0.6376,-1.5205,-11.2325,0.0100,0.1500,0.2060,48.0000,22.0341,-0.0100,99.9610,37.8450,-1.9146,3
-0.6082,-1.5009,-11.3207,0.0200,0.1590,0.1990,48.0000,22.0195,0.0100,99.9560,37.9970,-1.9592,3
-0.6376,-1.5500,-11.4581,0.0050,0.1630,0.2000,48.0000,22.0541,-0.0100,99.9560,38.0529,-1.8599,3
-0.5886,-1.5304,-11.1442,0.0100,0.1440,0.1950,48.0000,22.0252,-0.0100,99.9690,38.0019,-1.8884,3
-0.6082,-1.6186,-11.1736,0.0020,0.1460,0.1880,48.0000,22.0502,0.0000,99.9740,37.9236,-1.8639,3
-0.5886,-1.5794,-11.3698,0.0140,0.1610,0.1950,48.0000,22.0216,0.0000,99.9780,37.8956,-1.8824,3
-0.6180,-1.4715,-11.2423,0.0120,0.1450,0.1980,48.0000,21.9842,-0.0200,99.9850,37.8651,-1.8814,3
-0.5592,-1.4519,-11.0461,0.0050,0.1450,0.1950,48.0000,22.0329,0.0100,99.9820,37.9444,-2.0047,3
-0.5395,-1.5107,-11.3502,0.0000,0.1590,0.1930,48.0000,22.0074,0.0200,99.9680,37.8667,-1.9726,3
-0.6082,-1.5500,-11.6052,0.0210,0.1720,0.1950,48.0000,21.9937,-0.0400,99.9650,37.8861,-1.7746,3
-0.5886,-1.4813,-10.8400,0.0010,0.1310,0.1920,48.0000,22.0273,-0.0400,99.9750,37.9441,-1.8699,3
-0.6082,-1.4813,-11.0951,0.0040,0.1490,0.1890,48.0000,22.0478,0.0300,99.9770,37.8033,-2.0389,3
-0.5886,-1.4715,-11.4777,0.0240,0.1620,0.1910,48.0000,21.9994,0.0000,99.9770,37.8864,-1.9255,3
-0.6082,-1.5205,-11.3305,0.0050,0.1500,0.1910,48.0000,22.0063,-0.0500,99.9960,37.9489,-1.7571,3
-0.5395,-1.5304,-10.9480,-0.0030,0.1300,0.1930,48.0000,22.0097,-0.0500,100.0230,37.8360,-1.7679,3
-0.5690,-1.5598,-10.7223,0.0130,0.1280,0.1960,48.0000,21.9787,0.0300,100.0290,37.6869,-2.0601,3
-0.6475,-1.5598,-11.4090,0.0280,0.1660,0.1970,48.0000,22.0069,0.0700,100.0040,37.8620,-2.1122,3
-0.5690,-1.5107,-11.6347,0.0200,0.1700,0.1970,48.0000,21.9580,0.0000,99.9800,38.0369,-1.9125,3
-0.4905,-1.5500,-11.2226,0.0070,0.1540,0.1860,48.0000,21.9627,0.0000,99.9750,38.0401,-1.8815,3
-0.5199,-1.4911,-11.5464,0.0180,0.1720,0.1920,49.0000,22.0027,-0.0200,99.9820,38.1226,-1.8158,3
-0.5984,-1.5696,-11.3305,-0.0020,0.1580,0.1940,48.0000,21.9788,-0.0600,99.9980,38.0585,-1.7017,3
-0.5886,-1.5598,-10.9283,-0.0050,0.1380,0.2040,48.0000,22.0001,-0.0600,100.0260,37.8756,-1.7866,3
-0.5984,-1.4715,-10.8204,0.0210,0.1280,0.2010,48.0000,22.0291,0.0100,100.0390,37.8310,-2.0278,3
-0.5690,-1.4715,-11.2521,0.0230,0.1520,0.1870,48.0000,22.0477,0.0800,100.0240,37.9223,-2.1483,3
-0.6180,-1.4911,-11.4483,0.0110,0.1630,0.2000,48.0000,22.0513,0.0500,100.0060,38.0110,-2.0582,3
-0.6376,-1.4715,-11.5954,0.0000,0.1680,0.1920,48.0000,22.0267,0.0000,99.9980,37.9233,-1.8840,3
-0.6573,-1.4813,-11.2521,-0.0020,0.1500,0.2080,48.0000,21.9774,-0.0500,100.0120,37.8144,-1.8272,3
-0.5592,-1.5304,-10.7714,0.0050,0.1290,0.1890,48.0000,21.9311,-0.0100,100.0280,37.7070,-1.9644,3
-0.5690,-1.6285,-11.3502,0.0120,0.1640,0.1960,48.0000,21.9619,0.0200,100.0300,37.6459,-1.9672,3
-0.5690,-1.5598,-11.2521,0.0310,0.1550,0.1990,48.0000,21.9633,0.0000,100.0320,37.8160,-1.9422,3
-0.5592,-1.4715,-11.2325,0.0110,0.1550,0.1960,48.0000,21.9847,0.0100,100.0280,37.8945,-1.9654,3
-0.5297,-1.4813,-11.0951,0.0100,0.1480,0.2010,48.0000,21.9627,0.0300,100.0220,37.9247,-2.0574,3
-0.5984,-1.4126,-11.3796,0.0090,0.1500,0.1940,48.0000,21.9685,0.0200,100.0060,37.8931,-2.0163,3
-0.5395,-1.5598,-11.3600,0.0120,0.1520,0.1920,48.0000,21.9536,0.0000,99.9930,37.8885,-1.9499,3
-0.5690,-1.4715,-11.1147,0.0270,0.1420,0.1980,49.0000,21.9945,0.0200,99.9820,37.9723,-2.0788,3
-0.6082,-1.4911,-11.6150,0.0160,0.1640,0.2020,48.0000,21.9924,0.0000,99.9780,38.0259,-1.9439,3
-0.5886,-1.5402,-11.4777,0.0140,0.1590,0.1870,48.0000,22.0438,-0.0400,99.9920,38.0743,-1.8412,3
-0.5297,-1.5402,-10.9087,-0.0120,0.1360,0.1880,48.0000,22.0287,-0.0400,100.0180,37.8966,-1.8498,3
-0.6082,-1.5009,-10.9970,0.0120,0.1330,0.1940,48.0000,22.0298,-0.0100,100.0350,37.7304,-1.9916,3
-0.6769,-1.4911,-11.0166,0.0210,0.1420,0.2010,48.0000,22.0279,0.0200,100.0360,37.8005,-2.0763,3
-0.6376,-1.5205,-11.1343,0.0180,0.1640,0.1940,48.0000,22.0103,0.0800,100.0230,37.8881,-2.1891,3
-0.6082,-1.4519,-11.8701,0.0160,0.1790,0.1950,48.0000,21.9671,0.0000,100.0080,37.9705,-1.9648,3
-0.5886,-1.4813,-11.4286,0.0060,0.1580,0.1900,48.0000,21.9813,-0.0300,100.0080,38.0495,-1.8847,3
-0.5494,-1.6383,-10.8891,-0.0170,0.1260,0.1900,48.0000,21.9869,-0.0300,100.0150,37.8124,-1.9209,3
-0.6278,-1.5794,-11.1245,0.0120,0.1470,0.2040,48.0000,21.9874,0.0100,100.0180,37.5820,-2.0469,3
-0.5788,-1.5205,-11.0951,0.0180,0.1360,0.1950,48.0000,21.9810,-0.0100,100.0250,37.8522,-1.9720,3
-0.6180,-1.5402,-11.1834,0.0230,0.1580,0.1990,48.0000,21.9767,0.0100,100.0290,37.9112,-2.0143,3
-0.5690,-1.5304,-11.3207,0.0080,0.1530,0.1930,48.0000,21.9767,-0.0100,100.0360,37.9810,-1.9255,3
-0.5788,-1.5892,-10.8302,-0.0040,0.1420,0.1850,48.0000,21.9890,0.0300,100.0370,37.9151,-2.0942,3
-0.5984,-1.5304,-11.3109,0.0000,0.1580,0.1980,48.0000,22.0032,0.0500,100.0150,37.8246,-2.1352,3
-0.5984,-1.4617,-11.6739,0.0120,0.1670,0.2060,48.0000,22.0429,0.0000,100.0030,37.8829,-2.0374,3
-0.5690,-1.5402,-11.3207,0.0110,0.1570,0.1850,48.0000,22.0055,-0.0200,99.9990,38.0713,-1.9505,3
-0.6082,-1.5696,-11.3011,0.0020,0.1600,0.1970,48.0000,22.0351,-0.0300,100.0040,38.0395,-1.9369,3
-0.6278,-1.5205,-11.0755,0.0070,0.1480,0.2000,48.0000,22.0067,-0.0300,100.0170,37.9411,-1.9435,3
-0.5886,-1.6383,-11.0951,0.0000,0.1410,0.1910,48.0000,21.9651,-0.0200,100.0280,37.8431,-1.9333,3
-0.6278,-1.4911,-10.9381,0.0140,0.1420,0.2040,48.0000,21.9954,0.0200,100.0360,37.7500,-2.1326,3
-0.5886,-1.5696,-11.4188,0.0200,0.1670,0.1940,48.0000,21.9803,0.0200,100.0340,37.8566,-2.0784,3
-0.6475,-1.5107,-11.2815,0.0250,0.1530,0.1920,48.0000,21.9768,0.0100,100.0240,38.0011,-2.0898,3
-0.5494,-1.5500,-11.2913,0.0130,0.1510,0.2020,48.0000,21.9776,0.0000,100.0090,37.9895,-2.0000,3
-0.5199,-1.6285,-11.3207,0.0030,0.1610,0.1940,48.0000,21.9968,-0.0200,100.0040,37.8736,-1.9496,3
-0.5886,-1.5009,-11.2030,0.0260,0.1490,0.1870,48.0000,21.9811,-0.0200,100.0050,37.8869,-1.9824,3
-0.5788,-1.5794,-11.0166,0.0180,0.1370,0.1940,48.0000,21.9627,-0.0200,100.0150,37.9698,-1.9821,3
-0.5788,-1.5794,-11.1736,0.0160,0.1540,0.1980,48.0000,21.9800,0.0000,100.0230,38.0355,-2.0235,3
-0.5886,-1.5598,-11.1932,0.0180,0.1530,0.2050,48.0000,21.9835,0.0200,100.0250,38.0223,-2.0989,3
-0.5984,-1.5794,-11.4777,0.0120,0.1630,0.1830,48.0000,21.9583,0.0000,100.0200,38.0350,-1.9923,3
-0.5886,-1.5598,-11.2717,-0.0010,0.1540,0.1870,48.0000,22.0060,-0.0300,100.0180,38.0097,-1.9054,3
-0.5690,-1.5500,-11.0166,-0.0130,0.1390,0.2040,48.0000,22.0068,0.0000,100.0110,37.7961,-2.0408,3
-0.6278,-1.5402,-11.0657,0.0190,0.1470,0.1960,48.0000,21.9689,0.0600,99.9910,37.7693,-2.2395,3
-0.5592,-1.5500,-11.6837,0.0260,0.1810,0.1830,48.0000,22.0044,0.0300,99.9750,38.0520,-2.0912,3
-0.5886,-1.5598,-11.5954,0.0050,0.1610,0.1960,48.0000,22.0087,-0.0900,99.9950,38.1621,-1.7435,3
-0.5297,-1.5598,-10.8204,0.0000,0.1350,0.1900,48.0000,21.9849,-0.0900,100.0300,38.0406,-1.8209,3
-0.5592,-1.6383,-10.7321,0.0000,0.1310,0.1900,48.0000,22.0067,0.0000,100.0490,37.8407,-2.0321,3
-0.6180,-1.5304,-11.0559,0.0140,0.1500,0.1930,48.0000,21.9885,0.0500,100.0430,37.7528,-2.1977,3
-0.6376,-1.5990,-11.4188,0.0180,0.1590,0.1900,48.0000,21.9987,0.0200,100.0270,37.9092,-2.0633,3
-0.5690,-1.4519,-11.2030,0.0150,0.1500,0.1970,48.0000,21.9670,0.0000,100.0160,38.0998,-2.0906,3
-0.5592,-1.5304,-11.2619,0.0110,0.1550,0.1950,48.0000,22.0030,0.0000,100.0010,38.1023,-2.0306,3
-0.5494,-1.5107,-11.0068,0.0080,0.1390,0.1960,48.0000,22.0075,0.0100,99.9860,38.0511,-2.1076,3
-0.5592,-1.4323,-11.1736,0.0240,0.1470,0.1960,48.0000,21.9930,0.0300,99.9750,38.0979,-2.1557,3
-0.6082,-1.5696,-11.5464,-0.0030,0.1720,0.1920,48.0000,22.0446,0.0000,99.9690,38.1250,-1.9780,3
-0.5199,-1.5304,-11.3502,0.0010,0.1570,0.2060,48.0000,22.0051,-0.0600,99.9810,37.9646,-1.8971,3
-0.6082,-1.5009,-11.2030,-0.0010,0.1590,0.1890,48.0000,22.0406,-0.0300,99.9950,37.8579,-1.9444,3
-0.5494,-1.4617,-10.9872,0.0110,0.1300,0.1880,48.0000,22.0466,-0.0400,100.0060,37.7668,-1.9835,3
-0.6278,-1.5990,-10.9381,0.0040,0.1420,0.1860,48.0000,22.0289,0.0300,100.0000,37.7053,-2.1213,3
-0.6867,-1.5500,-11.1442,0.0230,0.1540,0.1850,48.0000,21.9939,0.0300,99.9870,37.7818,-2.1250,3
-0.5886,-1.4323,-11.4090,0.0220,0.1650,0.2070,48.0000,21.9832,0.0000,99.9770,37.9494,-2.0583,3
-0.5690,-1.5598,-11.4483,0.0150,0.1540,0.1920,48.0000,21.9560,-0.0400,99.9840,38.0613,-1.9090,3
-0.5592,-1.5107,-11.1736,-0.0060,0.1390,0.1990,48.0000,21.9973,-0.0400,100.0010,37.9220,-1.9316,3
-0.6082,-1.5794,-11.1245,0.0040,0.1420,0.1980,48.0000,21.9985,-0.0200,100.0160,37.7360,-1.9825,3
-0.5788,-1.5402,-11.1147,0.0140,0.1450,0.2020,48.0000,22.0072,0.0000,100.0200,37.6689,-2.0379,3
-0.5984,-1.5696,-11.2325,0.0050,0.1560,0.1900,48.0000,22.0091,0.0000,100.0180,37.7750,-2.0376,3
-0.6180,-1.4911,-11.1343,0.0200,0.1470,0.1980,48.0000,22.0119,0.0100,100.0050,37.8623,-2.1001,3
-0.5788,-1.4813,-11.2717,0.0000,0.1570,0.1850,48.0000,21.9829,0.0500,99.9840,37.9303,-2.1273,3
-0.6475,-1.5598,-11.6347,0.0110,0.1710,0.1870,48.0000,22.0206,0.0100,99.9690,37.8696,-1.9956,3
-0.5788,-1.4911,-11.2521,0.0130,0.1470,0.2040,48.0000,22.0275,-0.0200,99.9680,37.8904,-1.9830,3
-0.6082,-1.5205,-11.1736,0.0250,0.1510,0.1830,48.0000,22.0498,-0.0200,99.9770,37.9763,-1.9566,3
-0.5886,-1.5990,-11.2717,0.0100,0.1530,0.1980,48.0000,21.9980,-0.0400,99.9900,37.9335,-1.8645,3
-0.5788,-1.4126,-10.9578,0.0120,0.1400,0.1980,48.0000,22.0116,-0.0100,100.0000,37.8761,-2.0120,3
-0.5199,-1.5794,-11.1834,0.0220,0.1500,0.1890,48.0000,21.9908,0.0100,99.9950,37.9105,-2.0084,3
-0.5788,-1.5304,-11.1638,0.0070,0.1530,0.2010,48.0000,22.0210,0.0300,99.9830,37.8847,-2.0774,3
-0.6376,-1.4715,-11.3404,0.0150,0.1520,0.1940,48.0000,22.0136,0.0200,99.9680,37.8974,-2.0549,3
-0.5395,-1.5304,-11.5071,0.0090,0.1670,0.1870,48.0000,21.9959,0.0000,99.9540,37.9320,-1.9447,3
-0.5788,-1.5009,-11.4581,0.0050,0.1590,0.2040,48.0000,22.0466,-0.0400,99.9590,37.8489,-1.8585,3
-0.5886,-1.4813,-11.2619,0.0190,0.1480,0.1910,48.0000,22.0246,-0.0600,99.9780,37.8507,-1.8071,3
-0.6475,-1.5598,-11.1147,0.0100,0.1480,0.1990,48.0000,22.0197,-0.0400,99.9980,37.8380,-1.8405,3
-0.6475,-1.4519,-10.8302,0.0120,0.1410,0.1970,48.0000,22.0127,0.0200,100.0050,37.8899,-2.0571,3
-0.5690,-1.5794,-11.3698,0.0050,0.1570,0.1950,48.0000,21.9888,0.0500,99.9920,37.8173,-2.0527,3
-0.5788,-1.5794,-11.4777,0.0050,0.1610,0.2010,48.0000,22.0210,0.0300,99.9810,37.7603,-2.0068,3
-0.5984,-1.3734,-11.2423,0.0220,0.1580,0.1880,48.0000,22.0368,0.0300,99.9730,37.8590,-2.0463,3
-0.6180,-1.5205,-11.4875,0.0110,0.1620,0.1970,48.0000,22.0191,0.0000,99.9640,37.8491,-1.9640,3
-0.5984,-1.5402,-11.5562,0.0100,0.1640,0.1990,48.0000,22.0289,-0.0200,99.9630,37.8065,-1.8782,3
-0.6475,-1.5009,-11.0657,0.0200,0.1410,0.1890,48.0000,22.0209,-0.0300,99.9790,37.8790,-1.9078,3
-0.6376,-1.5990,-10.9676,0.0090,0.1360,0.1910,48.0000,22.0389,-0.0100,100.0000,37.8387,-1.9569,3
-0.6573,-1.7069,-11.2325,0.0140,0.1520,0.1970,48.0000,21.9913,0.0000,100.0110,37.7465,-1.8883,3
-0.5984,-1.4911,-11.0068,0.0150,0.1490,0.1920,48.0000,21.9989,0.0000,100.0250,37.7838,-2.0347,3
-0.5690,-1.5107,-11.1834,0.0220,0.1560,0.1950,48.0000,22.0217,0.0300,100.0250,37.8575,-2.0645,3
-0.6573,-1.5009,-11.5366,0.0060,0.1720,0.1960,48.0000,21.9573,0.0300,100.0120,37.9145,-2.0006,3
-0.5494,-1.5304,-11.1834,0.0040,0.1500,0.1930,48.0000,21.9424,0.0100,100.0040,37.8894,-2.0111,3
-0.5199,-1.5598,-11.1736,0.0150,0.1450,0.1990,48.0000,21.9888,0.0400,99.9880,37.8686,-2.0793,3
-0.5886,-1.4813,-11.4483,0.0310,0.1680,0.1990,48.0000,21.9910,0.0500,99.9730,37.9001,-2.1084,3
-0.5395,-1.6186,-11.6150,0.0110,0.1670,0.1920,48.0000,22.0132,-0.0200,99.9710,38.0686,-1.8334,3
-0.5690,-1.4911,-11.3109,0.0020,0.1520,0.1990,48.0000,22.0406,-0.0500,99.9870,38.0272,-1.8223,3
-0.6180,-1.5009,-11.0166,-0.0040,0.1390,0.1960,48.0000,22.0211,-0.0200,100.0080,37.7787,-1.9150,3
-0.5984,-1.5205,-11.0362,0.0150,0.1440,0.1910,48.0000,22.0235,0.0100,100.0130,37.7581,-2.0298,3
-0.6475,-1.4813,-11.4385,0.0230,0.1650,0.1960,48.0000,21.9569,0.0100,100.0060,37.8209,-1.9882,3
-0.6376,-1.4911,-11.0951,0.0000,0.1510,0.2020,48.0000,21.9629,0.0400,99.9990,37.8377,-2.1169,3
-0.5788,-1.5304,-11.3894,0.0130,0.1560,0.1900,48.0000,21.9630,0.0200,99.9860,37.7498,-2.0222,3
-0.5690,-1.4813,-11.3796,0.0150,0.1600,0.1970,48.0000,21.9958,0.0000,99.9800,37.8515,-1.9783,3
-0.5395,-1.5107,-11.3698,0.0100,0.1510,0.1960,48.0000,21.9973,-0.0300,99.9890,37.8454,-1.8713,3
-0.5886,-1.5304,-11.1736,0.0040,0.1500,0.1890,48.0000,21.9932,-0.0300,100.0060,37.8330,-1.8570,3
-0.6376,-1.5598,-11.0068,0.0130,0.1430,0.1890,48.0000,22.0196,-0.0100,100.0190,37.7063,-1.9042,3
-0.5886,-1.5598,-10.8695,0.0190,0.1390,0.1920,48.0000,22.0395,0.0100,100.0230,37.7055,-1.9967,3
-0.6376,-1.4911,-11.1049,0.0230,0.1520,0.1920,48.0000,21.9825,0.0300,100.0150,37.8108,-2.0787,3
-0.5788,-1.5304,-11.4385,0.0260,0.1590,0.1920,48.0000,21.9799,0.0300,100.0050,37.9683,-2.0262,3
-0.5395,-1.5696,-11.2325,0.0030,0.1530,0.1970,48.0000,21.9885,0.0100,99.9900,38.0267,-1.9730,3
-0.5886,-1.5990,-11.3109,0.0000,0.1550,0.1930,48.0000,21.9690,0.0100,99.9750,37.9470,-2.0190,3
-0.5886,-1.5794,-11.4679,0.0070,0.1650,0.2000,48.0000,21.9940,0.0000,99.9660,37.9190,-1.9400,3
-0.6082,-1.5402,-11.2619,0.0200,0.1480,0.1980,49.0000,21.9700,-0.0300,99.9740,38.0716,-1.8700,3
-0.5395,-1.5500,-11.3011,0.0040,0.1590,0.2030,49.0000,22.0343,-0.0200,99.9910,38.1108,-1.8768,3
-0.5886,-1.5304,-11.2128,0.0090,0.1460,0.1930,48.0000,22.0231,-0.0300,100.0030,38.0707,-1.8758,3
-0.5886,-1.5009,-11.3992,-0.0010,0.1630,0.1940,48.0000,22.0167,-0.0300,100.0150,38.0105,-1.8455,3
-0.6376,-1.6088,-11.0951,-0.0050,0.1430,0.1960,48.0000,21.9834,-0.0400,100.0240,37.9123,-1.8464,3
-0.5886,-1.5205,-10.6340,0.0130,0.1240,0.1990,48.0000,22.0149,0.0200,100.0260,37.7628,-2.0960,3
-0.6082,-1.5304,-11.4679,0.0320,0.1680,0.1990,48.0000,21.9956,0.0600,100.0100,37.8961,-2.1356,3
-0.6180,-1.5304,-11.4679,0.0270,0.1710,0.1950,48.0000,21.9716,0.0300,100.0000,38.1370,-2.0509,3
-0.5690,-1.5500,-11.6150,0.0140,0.1680,0.1840,49.0000,21.9820,-0.0300,100.0040,38.2797,-1.8221,3
-0.5101,-1.5500,-10.8989,-0.0020,0.1290,0.1980,48.0000,22.0163,-0.0400,100.0290,38.0012,-1.8566,3
-0.5788,-1.6088,-11.1932,0.0060,0.1540,0.1930,48.0000,22.0277,0.0000,100.0390,37.8696,-1.9797,3
-0.5984,-1.5107,-11.4090,0.0200,0.1610,0.2060,48.0000,22.0472,0.0000,100.0420,37.8166,-1.9803,3
-0.5494,-1.5205,-11.0853,0.0140,0.1450,0.1860,48.0000,22.0166,-0.0100,100.0500,37.9150,-1.9672,3
-0.5788,-1.5402,-10.7714,0.0060,0.1370,0.1920,48.0000,21.9865,0.0600,100.0420,37.8762,-2.1391,3
-0.6376,-1.5696,-11.3207,0.0230,0.1610,0.1980,48.0000,21.9798,0.0700,100.0240,37.8957,-2.1715,3
-0.6082,-1.6186,-11.6445,0.0190,0.1690,0.1850,48.0000,21.9588,0.0000,100.0120,37.9853,-1.9063,3
-0.5199,-1.6383,-11.1932,0.0110,0.1570,0.1920,48.0000,21.9408,-0.0300,100.0210,38.0991,-1.8998,3
-0.5101,-1.5696,-10.7714,0.0010,0.1400,0.1890,48.0000,21.9490,0.0100,100.0310,38.0112,-2.0429,3
-0.5690,-1.5696,-11.2619,0.0170,0.1570,0.1920,48.0000,21.9863,0.0100,100.0330,37.9485,-2.0157,3
-0.6278,-1.5402,-11.3796,0.0180,0.1510,0.1890,48.0000,21.9516,-0.0100,100.0400,38.0372,-1.9255,3
-0.5297,-1.5107,-10.9480,0.0070,0.1430,0.2050,48.0000,21.9768,0.0000,100.0480,38.0519,-2.0622,3
-0.5690,-1.5107,-11.1736,0.0090,0.1470,0.2060,48.0000,21.9556,0.0500,100.0390,38.0344,-2.1898,3
-0.6180,-1.5205,-11.7524,0.0190,0.1680,0.1940,48.0000,21.9830,0.0200,100.0210,38.0074,-2.0547,3
-0.6082,-1.4911,-11.3698,0.0090,0.1610,0.1900,48.0000,21.9898,-0.0100,100.0190,38.0675,-1.9877,3
-0.6082,-1.4911,-11.2521,0.0000,0.1550,0.1900,48.0000,22.0107,-0.0100,100.0240,38.0643,-1.9813,3
-0.5984,-1.4911,-11.3404,0.0060,0.1640,0.2020,48.0000,22.0270,-0.0100,100.0260,37.9722,-2.0103,3
-0.6867,-1.4911,-11.1540,0.0160,0.1490,0.1980,48.0000,21.9745,-0.0200,100.0330,37.9705,-2.0219,3
-0.6278,-1.5990,-11.1245,-0.0030,0.1470,0.1870,48.0000,22.0019,-0.0100,100.0400,37.8859,-1.9738,3
-0.5690,-1.4911,-10.9185,0.0030,0.1370,0.1970,48.0000,21.9894,0.0100,100.0460,37.7376,-2.1096,3
-0.6376,-1.4323,-11.2521,0.0200,0.1590,0.1980,48.0000,21.9847,0.0700,100.0350,37.7196,-2.2561,3
-0.6082,-1.5009,-11.5954,0.0130,0.1730,0.1860,48.0000,21.9967,0.0400,100.0140,37.8389,-2.1525,3
-0.5788,-1.5500,-11.3992,0.0060,0.1560,0.1960,48.0000,21.9916,-0.0300,100.0040,37.7996,-1.9793,3
-0.5494,-1.4224,-11.0362,0.0170,0.1450,0.2070,48.0000,21.9811,0.0000,100.0120,37.7860,-2.1610,3
-0.5886,-1.5402,-11.3992,0.0140,0.1550,0.1920,48.0000,21.9866,0.0100,100.0140,37.7992,-2.1045,3
-0.5690,-1.5304,-11.3992,0.0020,0.1530,0.1980,48.0000,22.0227,-0.0300,100.0200,37.7787,-1.9886,3
-0.6082,-1.4911,-11.0853,0.0100,0.1430,0.1930,48.0000,21.9928,-0.0100,100.0300,37.7394,-2.0662,3
-0.5690,-1.5892,-11.1540,0.0030,0.1480,0.1900,48.0000,21.9735,0.0000,100.0290,37.6046,-2.0625,3
-0.6082,-1.4911,-11.1343,0.0130,0.1480,0.2060,48.0000,21.9438,0.0000,100.0230,37.5971,-2.1213,3
-0.6082,-1.5205,-10.9970,0.0120,0.1430,0.2040,48.0000,21.9628,0.0300,100.0150,37.6080,-2.2243,3
-0.5395,-1.5402,-11.2030,0.0250,0.1490,0.1890,48.0000,21.9802,0.0400,99.9930,37.6819,-2.2206,3
-0.6082,-1.4911,-11.3600,0.0220,0.1590,0.1980,48.0000,21.9695,0.0400,99.9720,37.8313,-2.1839,3
-0.5788,-1.5107,-11.7818,0.0170,0.1750,0.1890,48.0000,21.9817,-0.0100,99.9660,37.9233,-2.0000,3
-0.5395,-1.5402,-11.4483,0.0120,0.1610,0.1950,48.0000,21.9702,-0.0800,99.9850,37.9266,-1.8385,3
-0.5101,-1.5304,-10.9087,-0.0150,0.1320,0.1930,48.0000,21.9937,-0.0800,100.0160,37.7554,-1.8706,3
-0.5886,-1.5794,-10.9185,-0.0020,0.1430,0.1980,48.0000,21.9811,-0.0100,100.0310,37.5485,-2.0574,3
-0.5592,-1.4911,-11.0657,0.0350,0.1550,0.2000,48.0000,22.0035,0.0500,100.0230,37.7148,-2.2439,3
-0.5690,-1.5205,-11.3992,0.0140,0.1710,0.1970,48.0000,22.0094,0.0400,99.9970,37.9234,-2.1741,3
-0.5788,-1.5205,-11.3305,0.0140,0.1530,0.1880,48.0000,21.9801,0.0000,99.9810,37.8832,-2.0353,3
-0.6278,-1.5107,-11.5169,0.0060,0.1670,0.2010,48.0000,22.0099,-0.0100,99.9780,37.8843,-1.9932,3
-0.5690,-1.4715,-11.1540,0.0030,0.1410,0.1940,48.0000,22.0002,-0.0500,99.9930,37.8233,-1.9827,3
-0.5690,-1.6088,-10.9185,0.0090,0.1500,0.1920,48.0000,22.0090,0.0000,100.0070,37.7112,-2.0789,3
-0.6278,-1.5205,-11.1245,0.0150,0.1460,0.1890,48.0000,22.0410,0.0000,100.0130,37.7493,-2.1006,3
-0.5984,-1.5500,-11.3207,0.0130,0.1640,0.2000,48.0000,22.0275,0.0000,100.0130,37.7761,-2.0465,3
-0.5984,-1.5304,-11.1049,0.0080,0.1500,0.1860,48.0000,22.0337,-0.0100,100.0150,37.8296,-2.0253,3
-0.6180,-1.5598,-11.2128,-0.0030,0.1550,0.2030,48.0000,22.0131,0.0000,100.0070,37.6790,-2.0583,3
-0.5788,-1.4911,-11.1245,0.0130,0.1500,0.1950,48.0000,21.9949,0.0200,99.9960,37.7105,-2.1295,3
-0.5494,-1.4421,-11.2325,0.0230,0.1600,0.2010,48.0000,21.9732,0.0400,99.9780,37.8153,-2.1705,3
-0.5494,-1.5205,-11.6641,0.0110,0.1710,0.1870,48.0000,21.9924,0.0000,99.9570,37.9210,-2.0012,3
-0.5199,-1.5402,-11.3796,0.0160,0.1500,0.1940,49.0000,21.9736,-0.0500,99.9620,37.9743,-1.8732,3
-0.4905,-1.6186,-10.9872,0.0050,0.1390,0.1860,48.0000,21.9914,-0.0300,99.9770,37.8107,-1.9299,3
-0.5494,-1.5500,-10.9283,0.0150,0.1470,0.2020,48.0000,21.9600,0.0200,99.9770,37.7610,-2.1060,3
-0.5690,-1.5009,-11.1442,0.0230,0.1560,0.1950,48.0000,21.9797,0.0500,99.9650,37.8576,-2.1732,3
-0.5886,-1.5696,-11.5267,0.0060,0.1620,0.1890,49.0000,22.0202,0.0200,99.9490,37.9530,-2.0387,3
-0.5592,-1.5402,-11.6052,0.0030,0.1640,0.1900,48.0000,22.0437,-0.0200,99.9370,37.8990,-1.9006,3
-0.5984,-1.5990,-11.0755,0.0050,0.1350,0.1880,48.0000,22.0791,-0.0400,99.9400,37.8705,-1.8757,3
-0.5984,-1.5205,-11.0755,0.0120,0.1480,0.2030,48.0000,22.0534,-0.0100,99.9460,37.7938,-1.9862,3
-0.6180,-1.4715,-11.3894,0.0270,0.1640,0.1880,48.0000,22.0229,0.0000,99.9520,37.9136,-2.0159,3
-0.5984,-1.4813,-11.4875,0.0110,0.1620,0.1900,48.0000,22.0507,-0.0400,99.9650,38.0465,-1.8541,3
-0.5690,-1.5402,-11.1245,-0.0010,0.1440,0.1940,48.0000,22.0093,-0.0600,99.9880,37.9013,-1.8181,3
-0.5886,-1.5107,-11.0166,0.0030,0.1400,0.1980,48.0000,22.0036,-0.0300,100.0070,37.7269,-1.9125,3
-0.5886,-1.4617,-11.1147,0.0190,0.1580,0.1970,48.0000,22.0091,0.0000,100.0130,37.7454,-2.0291,3
-0.6278,-1.4323,-11.1049,0.0060,0.1400,0.2020,48.0000,22.0158,0.0100,100.0060,37.7773,-2.0584,3
-0.5494,-1.4911,-11.0559,0.0150,0.1450,0.1810,48.0000,21.9912,0.0700,99.9870,37.8621,-2.1737,3
-0.5788,-1.6186,-11.7524,0.0110,0.1770,0.1980,48.0000,22.0261,0.0100,99.9710,37.8182,-1.9651,3
-0.5984,-1.4421,-11.3992,0.0190,0.1530,0.2040,48.0000,22.0307,-0.0600,99.9840,37.9495,-1.8447,3
-0.6573,-1.4715,-10.8989,0.0030,0.1380,0.1940,48.0000,21.9979,-0.0300,100.0010,37.9898,-1.9006,3
-0.5494,-1.5304,-11.1147,-0.0020,0.1510,0.2040,48.0000,22.0257,0.0100,100.0080,37.8009,-2.0333,3
-0.6180,-1.5598,-11.2717,0.0090,0.1580,0.1890,48.0000,22.0390,0.0100,100.0120,37.7255,-2.0114,3
-0.6082,-1.5696,-11.2423,0.0300,0.1560,0.1840,48.0000,22.0180,0.0100,100.0120,37.8058,-2.0239,3
-0.6376,-1.4911,-11.3600,0.0130,0.1540,0.1950,48.0000,21.9860,0.0100,100.0050,37.8969,-2.0335,3
-0.5494,-1.5107,-11.3698,0.0110,0.1650,0.1920,48.0000,21.9573,0.0200,99.9930,37.9362,-2.0254,3
-0.5297,-1.5402,-11.1343,0.0000,0.1510,0.2000,48.0000,21.9731,0.0000,99.9860,37.8701,-2.0174,3
-0.5395,-1.4519,-11.2423,0.0300,0.1620,0.1930,48.0000,21.9886,0.0100,99.9850,37.9903,-2.0557,3
-0.5592,-1.5205,-11.5856,0.0220,0.1730,0.1960,48.0000,22.0122,-0.0400,99.9960,38.1433,-1.8280,3
-0.5788,-1.4911,-10.9578,0.0000,0.1380,0.1900,48.0000,22.0178,-0.0600,100.0210,38.2306,-1.8332,3
-0.6082,-1.5794,-11.1049,-0.0040,0.1460,0.1940,48.0000,21.9988,-0.0400,100.0380,37.9179,-1.8783,3
-0.5984,-1.6186,-10.6733,0.0140,0.1260,0.1940,48.0000,22.0113,0.0000,100.0450,37.8130,-2.0404,3
-0.6278,-1.5696,-10.8989,0.0220,0.1400,0.1930,48.0000,22.0104,0.0900,100.0240,38.0241,-2.2166,3
-0.6475,-1.5500,-11.3404,0.0080,0.1610,0.2040,48.0000,21.9701,0.1000,99.9900,38.1125,-2.2481,3
-0.5984,-1.5500,-11.9290,0.0250,0.1810,0.1970,49.0000,21.9464,0.0200,99.9620,38.2436,-1.9899,3
-0.5003,-1.5696,-11.3502,-0.0020,0.1560,0.1960,49.0000,21.9890,-0.0400,99.9650,38.3309,-1.8139,3
-0.5199,-1.5794,-10.9872,-0.0010,0.1380,0.1880,49.0000,22.0073,-0.0500,99.9850,38.0670,-1.8366,3
-0.5395,-1.5009,-10.9185,0.0100,0.1370,0.2070,48.0000,22.0411,-0.0200,99.9990,37.8968,-1.9551,3
-0.6376,-1.4715,-10.9578,0.0090,0.1420,0.1860,48.0000,22.0047,0.0500,100.0060,37.9122,-2.1516,3
-0.6278,-1.5304,-11.6347,0.0290,0.1690,0.2010,48.0000,22.0017,0.0200,100.0020,38.0422,-1.9969,3
-0.6180,-1.5402,-11.4286,0.0000,0.1630,0.1920,48.0000,21.9952,-0.0200,100.0050,38.0529,-1.8808,3
-0.5494,-1.5205,-11.0657,-0.0050,0.1350,0.2010,48.0000,22.0075,-0.0400,100.0080,37.8123,-1.8821,3
-0.6475,-1.5500,-10.7321,0.0120,0.1400,0.1940,48.0000,22.0022,0.0300,100.0030,37.7171,-2.1637,3
-0.5788,-1.5598,-11.3894,0.0310,0.1630,0.1750,48.0000,22.0308,0.0300,99.9830,37.9427,-2.0388,3
-0.5886,-1.5598,-11.1540,0.0370,0.1540,0.1940,48.0000,22.0217,0.0100,99.9720,38.2329,-1.9971,3
-0.5984,-1.5402,-11.3894,0.0010,0.1600,0.2040,48.0000,22.0357,0.0000,99.9710,38.2438,-1.9537,3
-0.6180,-1.6186,-11.2521,0.0000,0.1490,0.1920,48.0000,22.0181,-0.0400,99.9800,38.0627,-1.8016,3
-0.6082,-1.6186,-11.0166,-0.0020,0.1390,0.1940,48.0000,22.0133,-0.0500,99.9970,37.9423,-1.8046,3
-0.5984,-1.4519,-11.0068,0.0180,0.1480,0.2130,48.0000,22.0357,0.0100,100.0020,37.8469,-2.0476,3
-0.6769,-1.4323,-11.0166,0.0280,0.1500,0.1960,48.0000,22.0108,0.0600,99.9860,37.9458,-2.1883,3
-0.6082,-1.5598,-11.5267,0.0100,0.1680,0.1950,48.0000,22.0139,0.0400,99.9650,38.0632,-2.0075,3
-0.5395,-1.4617,-11.3404,0.0080,0.1620,0.1930,48.0000,21.9977,0.0000,99.9590,38.0924,-1.9748,3
-0.6082,-1.4715,-11.3894,0.0100,0.1540,0.1920,48.0000,21.9719,-0.0400,99.9650,38.0876,-1.8736,3
-0.5984,-1.5402,-11.2325,0.0010,0.1520,0.1870,48.0000,21.9924,-0.0300,99.9810,37.9795,-1.8629,3
-0.5199,-1.5304,-10.9185,0.0000,0.1500,0.2010,48.0000,22.0184,0.0000,99.9960,37.8642,-1.9843,3
-0.6082,-1.5598,-11.2521,0.0140,0.1500,0.1990,48.0000,21.9776,0.0000,100.0010,37.8168,-2.0222,3
-0.5592,-1.4715,-11.3698,0.0000,0.1610,0.1940,48.0000,21.9982,0.0000,100.0000,37.9245,-2.0034,3
-0.5395,-1.5009,-11.4090,0.0080,0.1580,0.1920,48.0000,22.0018,-0.0200,100.0000,37.8555,-1.8938,3
-0.5297,-1.5009,-11.0755,0.0030,0.1390,0.1990,48.0000,22.0095,-0.0100,100.0010,37.7216,-1.9903,3
-0.5886,-1.5892,-11.0068,0.0110,0.1530,0.1790,48.0000,21.9882,0.0500,99.9900,37.7567,-2.1189,3
-0.6278,-1.5598,-11.3502,0.0190,0.1500,0.1880,48.0000,22.0289,0.0000,99.9790,37.8739,-2.0214,3
-0.5788,-1.5205,-11.5366,0.0160,0.1670,0.2000,48.0000,21.9873,-0.0100,99.9850,37.9563,-1.9342,3
-0.5886,-1.5696,-11.3207,0.0030,0.1550,0.1960,48.0000,21.9696,-0.0700,100.0050,37.9656,-1.7687,3
-0.5690,-1.5402,-10.8793,-0.0060,0.1370,0.2000,48.0000,22.0021,-0.0300,100.0270,37.8502,-1.9396,3
-0.5984,-1.5205,-10.8008,0.0100,0.1340,0.2000,48.0000,22.0218,0.0200,100.0300,37.6590,-2.1157,3
-0.6573,-1.4813,-11.4973,0.0210,0.1680,0.1930,48.0000,21.9969,0.0500,100.0130,37.6769,-2.1185,3
-0.5984,-1.4715,-11.4090,0.0090,0.1610,0.1910,48.0000,22.0038,0.0100,99.9940,37.8348,-2.0298,3
-0.5984,-1.4617,-11.3011,0.0100,0.1450,0.1970,48.0000,21.9927,0.0000,99.9850,37.8664,-2.0286,3
-0.6082,-1.5500,-11.1147,0.0060,0.1470,0.1910,48.0000,21.9853,0.0300,99.9730,37.7473,-2.0841,3
-0.6278,-1.4519,-11.4286,0.0270,0.1680,0.1900,48.0000,22.0090,0.0100,99.9670,37.7461,-2.0136,3
-0.5788,-1.5107,-11.2717,0.0190,0.1500,0.1870,48.0000,21.9934,-0.0300,99.9780,37.8866,-1.8757,3
-0.5690,-1.5794,-11.1245,0.0000,0.1450,0.1980,48.0000,21.9736,-0.0400,100.0000,37.8212,-1.8619,3
-0.5690,-1.5696,-11.1343,0.0060,0.1500,0.1950,48.0000,21.9617,-0.0100,100.0180,37.6295,-1.9356,3
-0.6278,-1.5205,-10.8891,0.0260,0.1360,0.1970,48.0000,21.9382,0.0000,100.0240,37.6722,-2.0447,3
-0.5886,-1.5598,-11.3600,0.0070,0.1620,0.1950,48.0000,21.9784,0.0200,100.0090,37.7181,-2.0407,3
-0.5199,-1.5205,-11.3698,0.0160,0.1490,0.1890,48.0000,21.9965,0.0200,100.0010,37.7434,-2.0691,3
-0.5788,-1.4519,-11.3502,0.0150,0.1640,0.1990,48.0000,21.9902,0.0300,99.9890,37.8008,-2.0980,3
-0.6180,-1.5009,-11.5464,0.0310,0.1720,0.1990,48.0000,21.9843,0.0000,99.9860,37.9777,-2.0014,3
-0.5886,-1.5304,-11.0264,0.0050,0.1370,0.1810,48.0000,22.0002,-0.0500,100.0020,37.9888,-1.8478,3
-0.5788,-1.5598,-10.9185,-0.0020,0.1360,0.2050,48.0000,21.9947,-0.0200,100.0200,37.7159,-1.9530,3
-0.6082,-1.4519,-11.1245,0.0110,0.1440,0.1940,48.0000,21.9702,0.0100,100.0220,37.7349,-2.0725,3
-0.6573,-1.5205,-11.1049,0.0300,0.1480,0.1920,48.0000,21.9844,0.0300,100.0150,37.8642,-2.1088,3
-0.5003,-1.5892,-11.2913,0.0070,0.1580,0.1920,48.0000,21.9723,0.0200,100.0000,37.7835,-2.0461,3
-0.5297,-1.5107,-11.3796,0.0030,0.1560,0.2040,48.0000,22.0004,0.0000,99.9890,37.8044,-2.0491,3
-0.5199,-1.5402,-11.3011,0.0160,0.1480,0.1930,48.0000,21.9887,0.0000,99.9820,37.8166,-2.0515,3
-0.5690,-1.4323,-11.4286,0.0230,0.1600,0.1920,48.0000,22.0268,-0.0100,99.9750,37.8881,-1.9993,3
-0.5984,-1.5794,-11.2619,0.0280,0.1530,0.1920,48.0000,22.0443,-0.0400,99.9820,38.0070,-1.9024,3
-0.6082,-1.5402,-10.8695,0.0120,0.1360,0.1940,48.0000,22.0148,-0.0200,99.9940,38.0444,-1.9515,3
-0.5886,-1.6186,-11.2521,0.0000,0.1560,0.1990,48.0000,22.0277,0.0200,99.9960,37.9124,-2.0216,3
-0.6278,-1.5205,-11.6150,0.0170,0.1720,0.2000,48.0000,22.0493,-0.0200,99.9980,37.8976,-1.9550,3
-0.6278,-1.5009,-11.2128,0.0090,0.1540,0.1860,48.0000,22.0159,-0.0400,100.0070,38.0253,-1.8865,3
-0.6082,-1.5107,-11.1638,-0.0090,0.1440,0.2130,48.0000,21.9818,-0.0400,100.0050,37.8555,-1.9118,3
-0.6180,-1.5696,-11.0951,0.0140,0.1440,0.1940,48.0000,22.0153,0.0000,99.9940,37.6735,-2.0154,3
-0.5395,-1.4813,-10.8793,0.0250,0.1410,0.1960,48.0000,22.0046,0.0300,99.9780,37.8227,-2.1436,3
-0.6180,-1.3636,-11.6837,0.0310,0.1740,0.1940,48.0000,22.0182,0.0100,99.9660,38.0658,-2.0438,3
-0.5494,-1.4715,-11.5954,0.0050,0.1740,0.1920,48.0000,22.0282,-0.0300,99.9690,38.1337,-1.8569,3
-0.5886,-1.5107,-11.2717,0.0030,0.1460,0.1990,48.0000,22.0305,-0.0900,99.9920,37.9425,-1.7546,3
-0.6180,-1.5990,-10.7714,-0.0040,0.1300,0.1870,48.0000,22.0162,-0.0300,100.0080,37.7311,-1.8980,3
-0.6180,-1.5304,-11.0166,0.0080,0.1450,0.1970,48.0000,21.9699,0.0200,100.0020,37.5168,-2.0820,3
-0.6475,-1.4421,-11.3109,0.0300,0.1530,0.1980,48.0000,21.9794,0.0300,99.9900,37.6616,-2.1256,3
-0.5886,-1.5009,-11.3207,0.0130,0.1590,0.1820,48.0000,22.0207,0.0500,99.9690,38.0121,-2.0820,3
-0.5592,-1.5794,-11.2619,0.0050,0.1530,0.2000,48.0000,22.0248,0.0500,99.9490,37.9483,-2.0715,3
-0.6278,-1.5500,-11.6445,0.0120,0.1720,0.2070,48.0000,22.0444,0.0000,99.9300,37.9813,-1.9145,3
-0.5297,-1.4126,-11.4483,0.0220,0.1660,0.1950,48.0000,22.0724,-0.0400,99.9380,38.1159,-1.8318,3
-0.5199,-1.5500,-10.8793,0.0030,0.1400,0.1910,48.0000,22.0701,-0.0200,99.9560,38.1185,-1.8620,3
-0.5984,-1.5402,-11.3207,0.0050,0.1600,0.1940,48.0000,22.0861,0.0000,99.9660,37.9153,-1.9418,3
-0.6475,-1.6088,-11.2325,0.0110,0.1530,0.1940,48.0000,22.0509,0.0000,99.9720,37.9221,-1.9086,3
-0.6769,-1.5696,-11.3502,0.0090,0.1600,0.1970,48.0000,22.0347,-0.0100,99.9730,37.9528,-1.8739,3
-0.5494,-1.5402,-11.0362,0.0060,0.1430,0.1870,48.0000,22.0220,0.0000,99.9650,37.9182,-1.9273,3
-0.5592,-1.5304,-10.9774,0.0230,0.1410,0.2110,48.0000,22.0125,0.0300,99.9510,37.9787,-2.0536,3
-0.6082,-1.5500,-11.5169,0.0200,0.1710,0.1940,49.0000,21.9993,0.0300,99.9350,38.1244,-1.9794,3
-0.5788,-1.5990,-11.9093,0.0150,0.1860,0.1950,49.0000,22.0351,-0.0500,99.9450,38.1631,-1.6962,3
-0.5592,-1.5304,-11.1540,0.0000,0.1480,0.1870,48.0000,22.0464,-0.0900,99.9800,38.2668,-1.6510,3
-0.5690,-1.6481,-10.5850,-0.0060,0.1290,0.1890,48.0000,22.0277,-0.0100,100.0000,38.0542,-1.8320,3
-0.6278,-1.5990,-11.0657,0.0090,0.1480,0.2140,48.0000,22.0429,0.0300,99.9980,37.7652,-2.0061,3
-0.6769,-1.3930,-11.4973,0.0290,0.1690,0.1980,48.0000,22.0211,0.0200,99.9850,37.9663,-2.0133,3
-0.6082,-1.5205,-11.4090,0.0120,0.1750,0.1830,48.0000,22.0495,0.0200,99.9660,38.2423,-1.8987,3
-0.5494,-1.6481,-11.5071,-0.0110,0.1610,0.1960,48.0000,22.0040,-0.0200,99.9540,37.9367,-1.7298,3
-0.5788,-1.5598,-11.0461,0.0020,0.1500,0.2050,48.0000,22.0044,-0.0300,99.9550,37.7762,-1.8556,3
-0.5886,-1.4617,-11.0951,0.0210,0.1530,0.1970,48.0000,22.0004,0.0100,99.9580,37.8838,-1.9648,3
-0.6475,-1.4617,-11.5562,0.0250,0.1680,0.1860,48.0000,21.9945,-0.0300,99.9660,38.0658,-1.8044,3
-0.5494,-1.5696,-11.1049,0.0000,0.1400,0.2040,48.0000,22.0263,-0.0600,99.9850,38.0725,-1.7205,3
-0.5788,-1.5009,-11.0853,-0.0010,0.1440,0.1970,48.0000,22.0547,0.0000,100.0000,37.8550,-1.8817,3
-0.6180,-1.5304,-11.1834,0.0110,0.1530,0.1960,48.0000,22.0567,0.0100,100.0030,37.8178,-1.9276,3
-0.6867,-1.5009,-11.2913,0.0250,0.1520,0.1980,48.0000,22.0054,0.0000,99.9960,37.8883,-1.8716,3
-0.6180,-1.5892,-11.4581,-0.0030,0.1580,0.1840,48.0000,22.0147,-0.0100,99.9890,37.9369,-1.8136,3
-0.5494,-1.5205,-11.0657,0.0140,0.1390,0.1960,48.0000,22.0100,0.0100,99.9780,37.9585,-1.9473,3
-0.6180,-1.4617,-11.0755,0.0100,0.1500,0.1850,48.0000,21.9967,0.0700,99.9620,37.9596,-2.0857,3
-0.5984,-1.4519,-11.7622,0.0260,0.1810,0.2070,48.0000,21.9850,0.0300,99.9500,38.0381,-1.9136,3
-0.5297,-1.5304,-11.2717,0.0110,0.1460,0.1860,49.0000,21.9920,-0.0500,99.9600,38.1175,-1.7357,3
-0.5297,-1.6088,-11.0657,-0.0160,0.1480,0.1940,48.0000,21.9985,-0.0300,99.9790,37.8530,-1.7631,3
-0.6180,-1.5402,-10.9480,0.0140,0.1410,0.2020,48.0000,22.0290,0.0000,99.9840,37.6577,-1.9126,3
-0.5984,-1.5205,-11.2521,0.0220,0.1590,0.1880,48.0000,21.9982,0.0200,99.9750,37.8424,-1.9545,3
-0.5984,-1.5107,-11.3207,0.0030,0.1580,0.1960,48.0000,22.0015,0.0000,99.9670,37.9227,-1.8974,3
-0.5886,-1.5402,-11.4483,0.0060,0.1560,0.1900,48.0000,22.0135,-0.0100,99.9590,37.8935,-1.8387,3
-0.5199,-1.5500,-11.1540,0.0170,0.1450,0.1990,48.0000,21.9814,-0.0100,99.9650,37.9511,-1.8458,3
-0.5886,-1.5009,-11.1147,0.0310,0.1520,0.1920,48.0000,21.9993,0.0000,99.9710,38.0419,-1.8804,3
-0.5690,-1.4715,-11.3600,0.0090,0.1610,0.2060,48.0000,21.9956,0.0000,99.9750,38.1391,-1.8518,3
-0.5886,-1.4519,-11.5267,0.0000,0.1600,0.1860,48.0000,22.0024,-0.0300,99.9830,38.0256,-1.7295,3
-0.5886,-1.6285,-10.9774,-0.0030,0.1390,0.1950,48.0000,22.0035,-0.0300,99.9940,37.8315,-1.7709,3
-0.5886,-1.5892,-10.8793,0.0190,0.1430,0.1910,48.0000,22.0185,0.0100,99.9990,37.8196,-1.9276,3
-0.5494,-1.4617,-11.3404,0.0210,0.1670,0.2020,48.0000,21.9979,0.0400,99.9880,37.8667,-1.9931,3
-0.5984,-1.4617,-11.3305,0.0210,0.1630,0.1980,48.0000,22.0151,0.0100,99.9710,38.0626,-1.8968,3
-0.5886,-1.4519,-11.2619,0.0150,0.1510,0.1900,48.0000,22.0417,0.0100,99.9560,38.0464,-1.9257,3
-0.5297,-1.5794,-11.4188,0.0200,0.1580,0.1820,48.0000,22.0239,0.0000,99.9480,38.1276,-1.8114,3
-0.5395,-1.5598,-11.2423,0.0230,0.1500,0.2030,48.0000,22.0146,-0.0100,99.9500,38.1590,-1.8296,3
-0.5297,-1.4715,-11.6150,0.0030,0.1610,0.1980,48.0000,22.0294,-0.0500,99.9560,38.0677,-1.6730,3
-0.5690,-1.5205,-11.0657,-0.0110,0.1380,0.1970,48.0000,22.0565,-0.0700,99.9750,37.8884,-1.6963,3
-0.6376,-1.5500,-11.1638,0.0050,0.1470,0.1830,48.0000,22.0236,-0.0500,99.9870,37.7286,-1.7186,3
-0.5592,-1.5696,-10.8400,0.0120,0.1340,0.1940,48.0000,22.0471,-0.0100,99.9880,37.6762,-1.8587,3
-0.5690,-1.5009,-11.1442,0.0210,0.1530,0.1950,48.0000,22.0166,0.0600,99.9710,37.8329,-2.0352,3
-0.5788,-1.5402,-11.5464,0.0250,0.1710,0.1920,48.0000,22.0170,0.0500,99.9510,37.9556,-1.9782,3
-0.5886,-1.5304,-11.5267,0.0110,0.1600,0.1870,48.0000,22.0126,-0.0100,99.9470,38.1048,-1.8018,3
-0.5494,-1.5402,-11.3404,-0.0010,0.1580,0.2010,48.0000,22.0255,-0.0300,99.9600,38.0653,-1.7318,3
-0.5788,-1.5892,-11.1638,0.0020,0.1490,0.1990,48.0000,22.0098,-0.0200,99.9790,37.9135,-1.7702,3
-0.6082,-1.5402,-11.5267,0.0020,0.1680,0.1950,48.0000,21.9612,-0.0600,99.9970,37.8046,-1.6276,3
-0.5886,-1.4617,-10.7223,0.0040,0.1200,0.1980,48.0000,22.0043,-0.0500,100.0240,37.7895,-1.7908,3
-0.5788,-1.5402,-10.8695,0.0110,0.1500,0.1890,48.0000,21.9671,0.0700,100.0230,37.6855,-2.0492,3
-0.6180,-1.4813,-11.6935,0.0250,0.1730,0.1940,48.0000,21.9812,0.0300,100.0000,37.7970,-1.9137,3
-0.5788,-1.4519,-11.4090,0.0260,0.1590,0.1950,48.0000,21.9678,-0.0300,100.0020,38.0500,-1.7625,3
-0.5984,-1.5402,-11.0461,-0.0160,0.1380,0.2020,48.0000,21.9801,-0.0200,100.0140,37.8795,-1.8177,3
-0.5395,-1.4519,-10.9578,0.0080,0.1400,0.1940,48.0000,21.9801,0.0200,100.0180,37.7316,-1.9936,3
-0.5788,-1.5598,-11.3404,0.0180,0.1620,0.1950,48.0000,21.9919,0.0300,100.0150,37.7957,-1.9586,3
-0.6278,-1.5205,-11.3502,0.0140,0.1470,0.1950,48.0000,22.0187,-0.0100,100.0160,37.8593,-1.8400,3
-0.5886,-1.5598,-11.0461,0.0040,0.1410,0.1950,48.0000,22.0114,0.0100,100.0170,37.8359,-1.9025,3
-0.6376,-1.6677,-11.3404,0.0000,0.1560,0.1950,48.0000,21.9670,0.0000,100.0140,37.7404,-1.8149,3
-0.5592,-1.5794,-10.8989,0.0100,0.1270,0.1900,48.0000,21.9759,0.0000,100.0090,37.6643,-1.9014,3
-0.5592,-1.6186,-11.0853,0.0260,0.1490,0.1930,48.0000,21.9714,0.0600,99.9880,37.7556,-2.0127,3
-0.5788,-1.4715,-11.2128,0.0340,0.1590,0.1920,48.0000,21.9975,0.0600,99.9600,38.0558,-2.0809,3
-0.5395,-1.5598,-11.6837,0.0060,0.1720,0.1980,49.0000,21.9955,0.0100,99.9460,38.2321,-1.8518,3
-0.5395,-1.5500,-11.7818,0.0090,0.1750,0.2020,49.0000,21.9993,-0.0700,99.9600,38.2723,-1.5811,3
-0.5101,-1.5107,-10.9185,0.0000,0.1340,0.1910,48.0000,22.0066,-0.1000,99.9910,38.0943,-1.6104,3
-0.5494,-1.5696,-10.6635,0.0030,0.1310,0.2030,48.0000,22.0019,0.0000,100.0090,37.8924,-1.8755,3
-0.5886,-1.5794,-10.9872,0.0260,0.1510,0.2080,48.0000,21.9989,0.0500,100.0000,37.8726,-2.0174,3
-0.5886,-1.4813,-11.3894,0.0250,0.1690,0.1990,48.0000,22.0496,0.0600,99.9720,38.0263,-2.0140,3
-0.6180,-1.5990,-11.6150,0.0150,0.1760,0.1910,48.0000,22.0404,0.0000,99.9570,38.1999,-1.7659,3
-0.5690,-1.6186,-11.4679,0.0020,0.1540,0.1930,48.0000,22.0103,-0.0900,99.9660,38.2204,-1.5638,3
-0.5690,-1.5500,-10.6831,-0.0060,0.1220,0.2050,48.0000,22.0308,-0.0500,99.9890,37.9995,-1.7514,3
-0.5886,-1.5402,-10.9578,0.0180,0.1480,0.1930,48.0000,22.0328,0.0400,99.9940,38.0091,-1.9605,3
-0.6376,-1.5304,-11.5169,0.0250,0.1640,0.2030,48.0000,22.0154,0.0300,99.9870,38.1941,-1.9041,3
-0.6475,-1.5696,-11.4875,0.0040,0.1570,0.1920,48.0000,22.0229,-0.0300,99.9930,38.2158,-1.6710,3
-0.5199,-1.5009,-10.8400,0.0020,0.1370,0.2070,48.0000,21.9971,-0.0100,100.0060,38.0531,-1.8029,3
-0.5788,-1.4911,-11.2619,-0.0040,0.1520,0.1920,48.0000,21.9960,0.0300,100.0030,37.8409,-1.9196,3
-0.6278,-1.4813,-11.6935,0.0130,0.1700,0.1950,48.0000,22.0311,0.0000,99.9940,37.8076,-1.8011,3
-0.5788,-1.4911,-11.0951,0.0190,0.1410,0.2000,48.0000,22.0010,-0.0200,99.9950,37.8613,-1.8068,3
-0.6867,-1.5304,-10.8106,0.0170,0.1300,0.1960,48.0000,21.9995,0.0300,99.9880,37.9739,-1.9518,3
-0.5788,-1.6186,-11.2521,0.0080,0.1490,0.1940,48.0000,22.0087,0.0800,99.9670,37.9114,-2.0046,3
-0.5984,-1.4519,-11.5954,0.0230,0.1720,0.2050,48.0000,21.9862,0.0400,99.9520,37.9986,-1.9224,3
-0.6082,-1.4126,-11.5169,0.0050,0.1550,0.1970,49.0000,22.0180,-0.0300,99.9560,38.1297,-1.6984,3
-0.5886,-1.5990,-10.9381,-0.0160,0.1440,0.1870,48.0000,22.0279,0.0000,99.9690,37.9322,-1.7666,3
-0.5690,-1.5009,-11.1540,0.0060,0.1490,0.2030,48.0000,22.0465,0.0100,99.9740,37.6706,-1.8660,3
-0.6278,-1.5304,-11.5464,0.0210,0.1630,0.1790,48.0000,22.0418,0.0000,99.9670,37.8040,-1.7557,3
-0.5984,-1.4813,-11.1834,0.0020,0.1520,0.2000,48.0000,22.0546,-0.0100,99.9630,37.8936,-1.7566,3
-0.5690,-1.4421,-11.0166,0.0170,0.1490,0.1980,48.0000,22.0315,0.0100,99.9620,37.8816,-1.8729,3
-0.6475,-1.4126,-11.4581,0.0220,0.1590,0.1900,48.0000,22.0379,0.0000,99.9620,37.9615,-1.8238,3
-0.6278,-1.4715,-11.5169,0.0080,0.1600,0.1910,48.0000,22.0437,-0.0400,99.9700,37.9398,-1.6580,3
-0.5886,-1.6088,-10.9676,-0.0010,0.1340,0.1880,48.0000,22.0105,-0.0600,99.9960,37.8169,-1.6096,3
-0.5984,-1.5107,-10.8597,0.0060,0.1350,0.1970,48.0000,22.0026,-0.0100,100.0120,37.6922,-1.7899,3
-0.5886,-1.4813,-11.0068,0.0160,0.1430,0.1900,48.0000,22.0079,0.0300,100.0090,37.7197,-1.9170,3
-0.6278,-1.4519,-11.4385,0.0170,0.1590,0.1960,48.0000,21.9964,0.0100,99.9970,37.7460,-1.8573,3
-0.5297,-1.4519,-11.1540,0.0080,0.1400,0.1970,48.0000,21.9671,-0.0100,99.9850,37.7134,-1.7946,3
-0.5690,-1.5205,-11.1932,0.0100,0.1510,0.1940,48.0000,21.9953,0.0100,99.9740,37.6723,-1.8548,3
-0.5690,-1.5205,-11.2913,0.0210,0.1480,0.1960,48.0000,22.0092,0.0000,99.9700,37.6437,-1.7832,3
-0.5984,-1.5009,-11.1638,0.0280,0.1530,0.1990,48.0000,21.9719,0.0000,99.9780,37.8543,-1.8430,3
-0.5984,-1.4715,-11.2619,0.0240,0.1520,0.1990,48.0000,21.9662,0.0000,99.9860,38.0198,-1.8007,3
-0.5690,-1.5402,-11.2030,-0.0020,0.1440,0.1960,48.0000,21.9592,-0.0100,99.9960,37.9136,-1.7417,3
-0.5592,-1.5892,-11.0264,0.0100,0.1430,0.1890,48.0000,21.9363,0.0100,100.0000,37.8349,-1.8026,3
-0.5592,-1.4911,-11.2717,0.0240,0.1560,0.1920,48.0000,21.9670,0.0200,99.9890,37.8580,-1.8539,3
-0.5101,-1.5402,-11.3011,0.0120,0.1580,0.1960,48.0000,21.9946,0.0300,99.9710,37.9713,-1.8434,3
-0.5494,-1.5009,-11.3011,0.0050,0.1560,0.1900,49.0000,21.9804,0.0200,99.9510,37.9574,-1.8266,3
-0.6278,-1.5205,-11.6445,0.0160,0.1610,0.1940,49.0000,22.0283,-0.0500,99.9420,37.9881,-1.6404,3
-0.5886,-1.5500,-10.8793,0.0250,0.1370,0.1840,48.0000,22.0608,-0.0300,99.9580,38.0516,-1.7044,3
-0.5395,-1.5892,-11.0853,0.0130,0.1510,0.1970,48.0000,22.0408,0.0100,99.9660,37.9287,-1.7815,3
-0.6278,-1.5402,-11.5660,0.0200,0.1700,0.1950,48.0000,22.0122,-0.0200,99.9750,37.9592,-1.6924,3
-0.5886,-1.5402,-11.0362,0.0170,0.1390,0.1920,48.0000,21.9838,-0.0500,99.9980,38.1214,-1.6724,3
-0.5592,-1.6775,-10.9381,-0.0050,0.1390,0.1930,48.0000,21.9893,0.0000,100.0060,37.9392,-1.7595,3
-0.6475,-1.5205,-11.2030,0.0110,0.1540,0.2010,48.0000,22.0056,0.0500,99.9920,37.8034,-1.9176,3
-0.6180,-1.4519,-11.6543,0.0360,0.1680,0.2030,48.0000,21.9934,0.0200,99.9750,38.0153,-1.8475,3
-0.5592,-1.5598,-11.3600,0.0250,0.1530,0.1830,48.0000,21.9992,0.0000,99.9660,38.2410,-1.7762,3
-0.5592,-1.5402,-11.5071,0.0000,0.1650,0.1930,49.0000,22.0351,0.0000,99.9670,38.1978,-1.7026,3
-0.5886,-1.5009,-11.3894,0.0000,0.1540,0.1960,48.0000,22.0023,-0.0200,99.9760,38.0354,-1.7082,3
-0.5886,-1.4519,-11.3992,0.0060,0.1500,0.2030,48.0000,22.0014,-0.0500,99.9890,37.9521,-1.6665,3
-0.6278,-1.5205,-10.8695,0.0010,0.1390,0.1840,48.0000,22.0385,0.0000,100.0010,37.9838,-1.7828,3
-0.5984,-1.5205,-11.1049,0.0210,0.1600,0.2100,48.0000,22.0562,0.0300,99.9990,37.8578,-1.8482,3
-0.6180,-1.4911,-11.2128,0.0190,0.1520,0.2000,48.0000,22.0612,0.0000,99.9970,37.8977,-1.8032,3
-0.6475,-1.4715,-11.3698,0.0040,0.1600,0.1890,48.0000,22.0378,0.0100,99.9900,37.9211,-1.8059,3
-0.6180,-1.5009,-11.2325,0.0130,0.1520,0.1950,48.0000,22.0280,-0.0200,99.9870,38.0253,-1.7236,3
-0.6180,-1.5892,-11.1245,0.0010,0.1480,0.1960,48.0000,22.0255,-0.0200,99.9930,37.9883,-1.6985,3
-0.6082,-1.5500,-10.8597,0.0160,0.1380,0.1940,48.0000,21.9994,0.0300,100.0000,37.9844,-1.8970,3
-0.6376,-1.5696,-11.6052,0.0210,0.1800,0.1930,48.0000,21.9736,0.0300,99.9950,38.0329,-1.7876,3
-0.6376,-1.5205,-11.3207,0.0050,0.1470,0.1940,48.0000,21.9875,-0.0500,100.0050,38.0824,-1.5730,3
-0.5690,-1.5500,-10.6831,-0.0100,0.1290,0.2000,48.0000,21.9575,0.0000,100.0160,37.8350,-1.8174,3
-0.5788,-1.5598,-11.2913,0.0210,0.1590,0.1910,48.0000,22.0280,0.0500,100.0000,37.8216,-1.9013,3
-0.6376,-1.5304,-11.3109,0.0230,0.1510,0.1970,48.0000,22.0247,0.0400,99.9780,37.9661,-1.8774,3
-0.5788,-1.4323,-11.6543,0.0190,0.1760,0.2080,48.0000,22.0121,0.0300,99.9570,38.1202,-1.8667,3
-0.6278,-1.4126,-11.8603,0.0100,0.1770,0.1880,48.0000,22.0206,-0.0300,99.9530,38.2850,-1.6477,3
-0.5788,-1.5107,-11.0559,-0.0120,0.1450,0.1980,48.0000,22.0068,-0.0700,99.9730,38.0533,-1.5985,3
-0.6180,-1.4715,-10.9381,0.0050,0.1380,0.2060,48.0000,22.0263,-0.0200,99.9900,37.8418,-1.7693,3
-0.6278,-1.5009,-11.2423,0.0150,0.1580,0.1900,48.0000,22.0316,0.0100,99.9950,37.8606,-1.8283,3
-0.6573,-1.5304,-11.2913,0.0110,0.1530,0.1960,48.0000,22.0309,0.0000,99.9960,37.8216,-1.7775,3
-0.6867,-1.5402,-11.4090,0.0070,0.1590,0.1980,48.0000,22.0304,-0.0100,100.0010,37.7861,-1.7037,3
-0.6573,-1.5205,-11.1442,0.0000,0.1450,0.1940,48.0000,21.9866,-0.0300,100.0030,37.7172,-1.6930,3
-0.6475,-1.5794,-11.1245,0.0030,0.1480,0.1900,48.0000,22.0030,0.0000,99.9940,37.6550,-1.7871,3
-0.5788,-1.5696,-11.1834,0.0150,0.1490,0.1930,48.0000,21.9499,0.0000,99.9820,37.7533,-1.7617,3
-0.5886,-1.4813,-11.0853,0.0230,0.1430,0.1950,48.0000,21.9620,0.0300,99.9730,37.8414,-1.8934,3
-0.5101,-1.5304,-11.4483,0.0240,0.1670,0.1870,48.0000,21.9746,0.0500,99.9640,37.9840,-1.8949,3
-0.5984,-1.5402,-11.5071,0.0140,0.1710,0.1980,48.0000,22.0184,0.0000,99.9700,38.0018,-1.7035,3
-0.5984,-1.5107,-11.2521,0.0110,0.1470,0.1930,48.0000,22.0134,-0.0500,99.9900,37.9950,-1.6289,3
-0.6475,-1.5990,-11.1932,-0.0020,0.1460,0.1880,48.0000,22.0341,-0.0400,100.0120,37.8546,-1.6155,3
-0.6082,-1.5500,-10.7812,0.0050,0.1240,0.2060,48.0000,22.0472,-0.0100,100.0230,37.7818,-1.7813,3
-0.6475,-1.5500,-11.0951,0.0260,0.1480,0.1990,48.0000,22.0198,0.0500,100.0130,37.9090,-1.9396,3
-0.6082,-1.4911,-11.3698,0.0220,0.1650,0.1820,48.0000,22.0079,0.0400,99.9980,38.1179,-1.8651,3
-0.5984,-1.5402,-11.6445,0.0040,0.1640,0.1910,48.0000,21.9998,-0.0100,100.0000,38.1992,-1.6663,3
-0.5494,-1.4911,-11.2717,0.0060,0.1450,0.2010,48.0000,21.9863,-0.0600,100.0200,38.1131,-1.6242,3
-0.5886,-1.4813,-11.0068,0.0050,0.1490,0.1930,48.0000,22.0014,-0.0100,100.0380,37.9204,-1.7612,3
-0.6180,-1.4911,-11.1049,0.0080,0.1470,0.1930,48.0000,21.9885,0.0000,100.0420,37.8994,-1.7909,3
-0.5886,-1.4715,-11.2325,0.0150,0.1530,0.1920,48.0000,21.9624,0.0000,100.0470,37.9330,-1.7861,3
-0.5788,-1.5009,-11.0068,0.0060,0.1360,0.1880,48.0000,21.9459,0.0100,100.0500,37.9673,-1.7984,3
-0.6082,-1.5009,-11.2913,0.0200,0.1550,0.1940,48.0000,21.9862,0.0600,100.0340,37.9041,-1.9294,3
-0.5984,-1.5598,-11.4483,0.0070,0.1660,0.1980,48.0000,21.9705,0.0600,100.0100,37.9610,-1.9211,3
-0.5984,-1.5205,-11.6837,0.0050,0.1710,0.2040,48.0000,22.0083,0.0000,99.9970,37.9647,-1.7645,3
-0.6278,-1.4715,-11.0068,0.0090,0.1290,0.1880,48.0000,21.9921,-0.0200,100.0060,37.9651,-1.7329,3
-0.5690,-1.5500,-11.1343,0.0070,0.1500,0.1990,48.0000,21.9989,0.0200,100.0130,37.8884,-1.8234,3
-0.6180,-1.5304,-11.1736,0.0260,0.1510,0.1880,48.0000,21.9686,0.0300,100.0150,37.8812,-1.8417,3
-0.5690,-1.5304,-11.4483,0.0170,0.1640,0.1990,48.0000,22.0058,0.0100,100.0070,37.9489,-1.7598,3
-0.5395,-1.5598,-11.1147,0.0020,0.1480,0.1970,48.0000,21.9975,0.0000,100.0070,37.8739,-1.7841,3
-0.5886,-1.5696,-11.3109,0.0110,0.1490,0.2030,48.0000,21.9834,0.0000,99.9980,37.8876,-1.7417,3
-0.5886,-1.5892,-11.1834,0.0140,0.1500,0.1850,48.0000,21.9984,0.0300,99.9870,37.9225,-1.8437,3
-0.5690,-1.5304,-11.3207,0.0100,0.1620,0.1940,48.0000,22.0153,0.0100,99.9710,37.9399,-1.8122,3
-0.6180,-1.5598,-11.5660,0.0170,0.1740,0.1890,48.0000,22.0100,-0.0200,99.9730,37.9796,-1.6712,3
-0.5494,-1.5696,-11.1343,0.0120,0.1460,0.1930,48.0000,21.9723,-0.0400,99.9960,38.0650,-1.6902,3
-0.5395,-1.6186,-11.0461,0.0080,0.1490,0.1830,48.0000,21.9656,0.0100,100.0080,38.1073,-1.7614,3
-0.5690,-1.5598,-11.3011,0.0080,0.1530,0.2000,48.0000,22.0314,0.0000,100.0180,37.9996,-1.7646,3
-0.6278,-1.5205,-11.2128,0.0080,0.1590,0.2000,48.0000,22.0133,0.0100,100.0220,37.9941,-1.8235,3
-0.6082,-1.6285,-11.2325,0.0020,0.1590,0.1920,48.0000,21.9750,0.0100,100.0120,38.0478,-1.8046,3
-0.5886,-1.5205,-11.1834,0.0220,0.1500,0.1920,48.0000,21.9610,0.0200,100.0010,38.0704,-1.8519,3
-0.5395,-1.5107,-11.4679,0.0150,0.1670,0.1950,48.0000,22.0196,0.0100,99.9880,38.1669,-1.7692,3
-0.5395,-1.5500,-11.2325,-0.0010,0.1510,0.1960,48.0000,22.0166,0.0000,99.9900,38.1178,-1.7259,3
-0.5690,-1.5990,-11.2128,0.0080,0.1440,0.1880,48.0000,22.0249,-0.0300,100.0010,37.9726,-1.6225,3
-0.5984,-1.5696,-10.9381,0.0230,0.1370,0.1980,48.0000,22.0298,-0.0100,100.0220,37.9646,-1.7497,3
-0.6180,-1.5107,-11.1540,0.0150,0.1550,0.2010,48.0000,21.9897,0.0300,100.0280,38.0943,-1.8448,3
-0.6180,-1.4911,-11.5267,0.0190,0.1700,0.1870,48.0000,21.9984,0.0200,100.0250,38.1679,-1.7733,3
-0.5788,-1.5304,-11.0657,-0.0010,0.1430,0.1940,48.0000,21.9688,0.0100,100.0250,38.1027,-1.7988,3
-0.5886,-1.4323,-11.2423,0.0020,0.1680,0.2010,48.0000,21.9843,0.0600,100.0120,37.9182,-1.9688,3
-0.6376,-1.5009,-11.5366,0.0190,0.1690,0.2000,48.0000,22.0028,0.0200,99.9900,38.0328,-1.8189,3
-0.6376,-1.5205,-11.5267,0.0140,0.1610,0.1970,48.0000,22.0109,0.0000,99.9800,38.1309,-1.7320,3
-0.6573,-1.5107,-11.4483,-0.0010,0.1620,0.1980,48.0000,22.0316,-0.0400,99.9860,38.0290,-1.6335,3
-0.6278,-1.5009,-11.0461,0.0010,0.1490,0.1980,48.0000,22.0665,-0.0100,99.9980,37.9005,-1.7372,3
-0.6376,-1.5598,-11.1932,0.0170,0.1420,0.1890,48.0000,22.0616,0.0000,100.0060,37.9577,-1.7145,3
-0.6867,-1.4715,-10.9970,0.0020,0.1400,0.1910,48.0000,22.0751,0.0100,100.0130,37.8976,-1.7906,3
-0.6769,-1.4813,-11.0559,0.0040,0.1400,0.1940,48.0000,22.0151,0.0300,100.0100,37.8170,-1.8577,3
-0.6180,-1.5402,-11.3796,0.0160,0.1620,0.1940,48.0000,21.9913,0.0400,99.9990,37.8425,-1.8308,3
-0.5788,-1.5598,-11.3796,0.0060,0.1590,0.2000,48.0000,21.9971,0.0100,99.9920,37.9169,-1.7272,3
-0.5886,-1.4519,-11.3011,0.0200,0.1500,0.1950,48.0000,22.0304,-0.0100,99.9920,37.9255,-1.7237,3
-0.6180,-1.5402,-11.1245,0.0030,0.1460,0.1920,48.0000,21.9856,0.0100,99.9900,37.8843,-1.7529,3
-0.6180,-1.5107,-11.5071,0.0080,0.1590,0.1940,48.0000,21.9936,0.0000,99.9850,37.7852,-1.7054,3
-0.5494,-1.5107,-11.1147,0.0110,0.1360,0.1940,48.0000,22.0107,-0.0100,99.9890,37.8213,-1.6959,3
-0.5886,-1.5107,-11.2030,0.0110,0.1510,0.2010,48.0000,21.9615,0.0100,99.9890,37.7857,-1.7654,3
-0.5690,-1.5304,-11.4286,0.0050,0.1540,0.1870,48.0000,22.0192,0.0000,99.9890,37.7005,-1.6849,3
-0.5886,-1.5500,-10.9578,0.0120,0.1350,0.1940,48.0000,22.0015,-0.0200,99.9920,37.6966,-1.6986,3
-0.5788,-1.4911,-10.8499,0.0080,0.1450,0.1970,48.0000,21.9996,0.0700,99.9790,37.7744,-1.9390,3
-0.5592,-1.4126,-11.5856,0.0200,0.1680,0.1960,48.0000,22.0176,0.0600,99.9470,37.9250,-1.8629,3
-0.5592,-1.4911,-11.7524,0.0030,0.1770,0.1940,48.0000,22.0157,-0.0100,99.9400,38.0039,-1.6308,3
-0.5297,-1.5205,-11.1736,0.0020,0.1480,0.1890,48.0000,21.9861,-0.0500,99.9540,37.8990,-1.5564,3
-0.5984,-1.5990,-11.1343,-0.0020,0.1500,0.2020,48.0000,22.0070,-0.0200,99.9680,37.6977,-1.6623,3
-0.5788,-1.4519,-11.0559,0.0170,0.1390,0.1940,48.0000,21.9891,0.0000,99.9730,37.6715,-1.7749,3
-0.5690,-1.5205,-11.1343,0.0170,0.1490,0.1930,48.0000,21.9704,0.0200,99.9660,37.7770,-1.8030,3
-0.5395,-1.5107,-11.3207,0.0210,0.1610,0.1910,48.0000,21.9590,0.0200,99.9540,37.8643,-1.7732,3
-0.5494,-1.5402,-11.3600,0.0050,0.1590,0.1900,49.0000,21.9923,0.0000,99.9430,37.8514,-1.7128,3
-0.5592,-1.5794,-11.2030,0.0010,0.1530,0.2000,49.0000,22.0065,0.0000,99.9350,37.8486,-1.7167,3
-0.5101,-1.8639,-11.4090,0.1400,0.1570,0.2150,48.0000,22.0278,-0.0200,99.9330,38.1522,-1.7035,3
-0.4807,-0.8535,-11.2325,0.6230,0.1930,0.2340,52.0000,22.0235,0.0800,99.9400,44.6724,-2.3106,3
0.1275,-1.3440,-14.7935,0.1060,0.4010,0.1560,58.0000,22.1059,0.2600,99.8910,50.0788,-1.3368,3
0.2158,-2.1974,-17.5207,-0.3420,0.4540,0.2100,56.0000,22.2288,-0.3200,99.8990,47.7050,0.7755,3
-0.3041,-2.2072,-14.0283,-0.3990,0.2140,0.2310,50.0000,22.3701,-1.2100,100.1250,42.0297,2.1659,3
-0.8044,-1.8737,-7.3869,-0.3310,-0.0650,0.2070,43.0000,22.3658,-1.0500,100.4320,37.0227,0.6977,3
-1.1183,-1.6873,-5.1012,-0.1770,-0.1140,0.1990,41.0000,22.2463,0.0700,100.5600,33.1583,-2.6153,3
-1.4519,-1.4028,-8.8584,-0.0590,0.0690,0.1770,41.0000,22.1447,0.8200,100.4180,31.6005,-4.2766,1
-1.4421,-1.2164,-12.7922,-0.0670,0.2050,0.1640,43.0000,21.9659,0.6500,100.1950,30.6259,-3.5468,3
-1.1281,-1.3440,-12.3312,-0.2030,0.1390,0.1480,44.0000,21.8255,0.1500,100.1070,28.4949,-2.3634,3
-0.8535,-1.3047,-9.4470,-0.2830,-0.0040,0.1530,44.0000,21.7590,0.0500,100.1020,24.3926,-2.6002,2
-0.8927,-1.2066,-8.5053,-0.2150,-0.0200,0.1430,43.0000,21.6599,0.3600,100.0590,20.7974,-3.7346,2
-0.9908,-0.9221,-10.2907,-0.0840,0.0650,0.1210,43.0000,21.5759,0.5100,99.9380,18.6576,-4.0783,2
-0.9025,-0.8044,-11.2423,-0.0970,0.0790,0.0970,44.0000,21.5177,0.2800,99.8480,17.3574,-3.4701,2
-0.6769,-0.8731,-9.7217,-0.1280,0.0000,0.0880,45.0000,21.4289,0.1400,99.8090,15.4829,-3.3831,2
-0.5788,-0.7259,-9.2901,-0.1350,-0.0080,0.0900,45.0000,21.4152,0.2800,99.7580,13.4536,-3.8593,2
-0.5494,-0.5592,-10.1337,-0.0770,0.0360,0.0850,45.0000,21.4518,0.3400,99.6710,11.7046,-4.0134,2
-0.5886,-0.4611,-10.6831,-0.0530,0.0490,0.0620,46.0000,21.4532,0.1900,99.6090,10.7031,-3.6376,2
-0.5101,-0.4414,-10.1239,-0.1830,0.0170,0.0320,46.0000,21.4783,0.0400,99.5850,9.0680,-3.3355,2
-0.5101,-0.6475,-9.2606,-0.4370,-0.0300,0.0210,46.0000,21.4609,0.0800,99.5760,4.4183,-3.6095,2
-0.5199,-0.5199,-9.4765,-0.4300,-0.0160,0.0280,46.0000,21.5024,0.2000,99.5350,-2.4639,-4.0045,2
-0.5101,-0.1079,-10.4280,-0.2840,0.0390,-0.0070,47.0000,21.5086,0.2000,99.4820,-7.3277,-3.8544,2
-0.4905,0.1962,-10.7223,-0.1810,0.0430,-0.0420,48.0000,21.5719,0.0000,99.4550,-10.5111,-3.2508,2
-0.3433,0.3532,-9.8590,-0.1600,0.0080,-0.0620,48.0000,21.6084,-0.1000,99.4740,-12.8164,-3.1024,2
-0.3237,0.4807,-9.3293,-0.1590,0.0000,-0.0710,48.0000,21.7098,0.0000,99.4880,-15.2096,-3.4424,2
-0.4218,0.5886,-10.4771,-0.1370,0.0610,-0.0740,48.0000,21.7457,0.0500,99.4730,-17.2136,-3.3421,2
-0.4022,0.6376,-10.8400,-0.0990,0.0650,-0.0860,48.0000,21.7894,-0.1500,99.4830,-18.9290,-2.7335,2
-0.4120,0.7946,-9.9081,-0.0560,0.0250,-0.0890,49.0000,21.8073,-0.1900,99.5260,-20.0265,-2.6405,2
-0.3335,0.8142,-9.5255,-0.0210,0.0200,-0.1010,48.0000,21.7971,-0.0900,99.5630,-20.4844,-2.8950,2
-0.4022,0.8044,-10.3594,-0.0340,0.0640,-0.1130,48.0000,21.8387,-0.0400,99.5770,-20.8179,-2.9039,2
-0.4709,0.8044,-10.5065,-0.0290,0.0620,-0.1060,49.0000,21.8911,-0.1100,99.6000,-21.3308,-2.7299,2
-0.4022,0.9123,-10.4280,-0.0120,0.0610,-0.1000,48.0000,21.8765,-0.1600,99.6310,-21.6170,-2.5813,2
-0.4414,0.8829,-9.9473,0.0140,0.0270,-0.1150,49.0000,21.8880,-0.1700,99.6740,-21.5132,-2.6823,2
-0.4414,0.9319,-10.0356,0.0190,0.0480,-0.1030,48.0000,21.9443,-0.0800,99.7040,-21.3285,-2.8983,2
-0.5003,0.9221,-10.5752,0.0160,0.0640,-0.1070,48.0000,21.9584,-0.1300,99.7260,-21.0477,-2.7580,2
-0.4905,0.8633,-10.2613,0.0170,0.0360,-0.1090,48.0000,21.9346,-0.2000,99.7670,-20.6603,-2.6426,2
-0.5395,0.8829,-9.6138,0.0390,0.0190,-0.1050,48.0000,21.9337,-0.1000,99.8030,-20.2108,-2.9267,2
-0.5395,0.8338,-10.1141,0.0450,0.0350,-0.1120,48.0000,21.8956,-0.0500,99.8110,-19.6491,-3.0287,2
-0.5592,0.8240,-10.1926,0.0580,0.0400,-0.0900,48.0000,21.9124,-0.0700,99.8280,-18.8700,-2.9619,2
-0.5003,0.8633,-10.1337,0.0540,0.0380,-0.0990,48.0000,21.9249,-0.1100,99.8520,-18.0281,-2.9489,2
-0.5395,0.7848,-9.5451,0.0600,0.0080,-0.0930,47.0000,21.9277,-0.0700,99.8780,-17.1063,-3.1968,2
-0.6278,0.8240,-9.9571,0.0620,0.0330,-0.0810,47.0000,21.9380,0.0000,99.8770,-16.2657,-3.3577,2
-0.6082,0.6671,-10.2024,0.0480,0.0390,-0.0750,47.0000,21.9389,-0.0200,99.8760,-15.4930,-3.2790,2
-0.5886,0.7063,-9.9081,0.0710,0.0140,-0.0690,47.0000,21.9301,-0.0500,99.8930,-14.6445,-3.2513,2
-0.6376,0.6376,-9.8296,0.0630,0.0200,-0.0760,47.0000,21.8771,-0.0100,99.9080,-13.5055,-3.3786,2
-0.5886,0.5592,-9.8885,0.0690,0.0170,-0.0740,47.0000,21.8227,-0.0200,99.9160,-12.6489,-3.3950,2
-0.6278,0.5690,-9.5451,0.0710,-0.0030,-0.0600,47.0000,21.8450,0.0100,99.9220,-11.6240,-3.5254,2
-0.5984,0.5003,-9.6530,0.0600,0.0100,-0.0630,47.0000,21.8330,0.0700,99.9100,-10.6939,-3.7000,2
-0.5395,0.5297,-10.1141,0.0630,0.0220,-0.0510,47.0000,21.8404,0.0500,99.8930,-9.7861,-3.6493,2
-0.6278,0.3532,-10.0945,0.0620,0.0210,-0.0430,47.0000,21.8259,0.0000,99.8900,-8.9775,-3.5527,2
-0.5690,0.4022,-9.9768,0.0680,0.0110,-0.0380,47.0000,21.8811,-0.0400,99.9050,-7.9733,-3.4647,2
-0.5886,0.3924,-9.7609,0.0580,0.0070,-0.0480,47.0000,21.8719,-0.0100,99.9180,-7.0865,-3.5637,2
-0.5592,0.3237,-9.5157,0.0630,-0.0110,-0.0330,47.0000,21.8735,0.0200,99.9160,-6.1417,-3.6771,2
-0.5886,0.3041,-9.7904,0.0440,0.0040,-0.0300,47.0000,21.8907,0.0800,99.8970,-5.4071,-3.7850,2
-0.5592,0.2649,-10.0454,0.0410,0.0210,-0.0200,47.0000,21.9126,0.0600,99.8790,-4.8031,-3.6717,2
-0.6180,0.2354,-10.0062,0.0520,0.0130,-0.0290,47.0000,21.8837,-0.0200,99.8750,-4.1311,-3.4554,2
-0.5494,0.1864,-9.7315,0.0530,-0.0040,-0.0250,47.0000,21.8703,-0.0300,99.8820,-3.3008,-3.5257,2
-0.5690,0.1962,-9.4470,0.0510,-0.0060,-0.0110,47.0000,21.8968,0.0200,99.8870,-2.6255,-3.7179,2
-0.6180,0.1373,-9.9866,0.0410,0.0180,-0.0140,47.0000,21.8576,0.0300,99.8780,-2.0953,-3.7128,2
-0.5592,0.0883,-10.2220,0.0320,0.0190,-0.0080,48.0000,21.8456,-0.0500,99.8790,-1.6210,-3.4756,2
-0.4905,0.0981,-9.8492,0.0270,0.0040,-0.0060,48.0000,21.8763,-0.0600,99.8990,-1.1731,-3.4454,2
-0.5395,0.1079,-9.4863,0.0280,-0.0040,0.0000,48.0000,21.9062,-0.0100,99.9160,-0.6636,-3.5603,2
-0.5690,0.0785,-9.5549,0.0350,-0.0010,0.0070,47.0000,21.9271,0.0200,99.9220,-0.2113,-3.6621,2
-0.5886,0.0883,-9.9473,0.0200,0.0100,-0.0050,47.0000,21.9206,0.0200,99.9180,0.1276,-3.5872,2
-0.5592,-0.0392,-9.8198,0.0070,0.0010,0.0020,47.0000,21.9067,-0.0100,99.9160,0.3214,-3.5476,2
-0.5003,-0.0098,-9.5451,0.0260,-0.0060,0.0010,48.0000,21.8797,0.0200,99.9170,0.5469,-3.7180,2
-0.5494,0.0098,-10.0160,0.0290,0.0210,0.0030,48.0000,21.9125,0.0200,99.9080,0.8949,-3.6722,2
-0.5592,-0.0883,-10.1533,0.0100,0.0130,-0.0010,48.0000,21.8850,-0.0600,99.9160,1.0863,-3.4331,2
-0.4709,-0.0294,-9.5255,0.0190,-0.0110,0.0160,48.0000,21.9349,-0.0400,99.9370,1.2547,-3.5311,2
-0.6278,-0.0098,-9.7806,0.0140,0.0090,0.0100,47.0000,21.9702,0.0300,99.9400,1.4392,-3.6390,2
-0.5886,-0.0490,-10.0454,0.0120,0.0070,0.0110,47.0000,21.9663,0.0000,99.9410,1.5872,-3.5206,2
-0.6475,-0.1373,-9.8492,0.0010,0.0070,0.0070,48.0000,21.9535,-0.0100,99.9450,1.6579,-3.4901,2
-0.4905,-0.0392,-9.3489,0.0160,-0.0190,0.0130,48.0000,21.9382,0.0200,99.9480,1.7622,-3.6416,2
-0.5395,-0.1177,-10.0356,0.0030,0.0230,0.0150,48.0000,21.9392,0.0800,99.9340,1.8954,-3.7230,2
-0.5886,-0.0589,-10.1435,0.0160,0.0210,0.0070,48.0000,21.9786,-0.0200,99.9390,1.8219,-3.4900,2
-0.5592,-0.1079,-9.7315,0.0080,-0.0030,0.0100,48.0000,21.9383,-0.0300,99.9540,1.9136,-3.5471,2
-0.5592,-0.0294,-9.6334,0.0160,-0.0010,0.0110,48.0000,21.9578,0.0100,99.9560,1.9997,-3.6540,2
-0.6082,-0.1472,-10.0651,-0.0060,0.0160,0.0150,48.0000,21.9985,0.0000,99.9520,2.1245,-3.5162,2
-0.5297,-0.0490,-9.8492,-0.0040,0.0000,0.0000,47.0000,21.9688,-0.0500,99.9650,2.0540,-3.4152,2
-0.5297,-0.1177,-9.4765,-0.0120,-0.0080,0.0240,47.0000,21.9715,0.0000,99.9760,1.8691,-3.5896,2
-0.5395,-0.0196,-9.6236,0.0040,-0.0030,0.0050,48.0000,21.9668,0.0700,99.9660,1.8212,-3.7532,2
-0.5788,-0.1373,-10.0749,0.0040,0.0130,0.0100,48.0000,21.9774,0.0300,99.9560,1.7298,-3.6232,2
-0.6180,-0.0883,-10.2613,0.0070,0.0220,0.0100,48.0000,21.9596,-0.0400,99.9590,1.6399,-3.4377,2
-0.5395,-0.1275,-9.5942,-0.0080,-0.0120,0.0140,48.0000,21.9667,-0.0600,99.9760,1.5168,-3.4912,2
-0.5690,0.0000,-9.5353,0.0020,-0.0080,0.0070,48.0000,21.9688,0.0000,99.9850,1.4130,-3.6423,2
-0.5199,-0.0883,-9.8394,0.0010,0.0050,0.0160,48.0000,21.9859,0.0300,99.9790,1.3255,-3.6579,2
-0.5984,-0.0589,-10.0160,0.0020,0.0210,0.0070,48.0000,21.9708,0.0200,99.9680,1.2967,-3.5741,2
-0.5395,0.0000,-9.8296,0.0070,0.0030,0.0140,48.0000,21.9752,-0.0300,99.9760,1.2589,-3.4332,2
-0.5199,0.0392,-9.4863,0.0030,-0.0150,0.0150,48.0000,22.0021,-0.0100,99.9940,1.2093,-3.5415,2
-0.5395,-0.0785,-9.6236,-0.0070,0.0000,0.0020,48.0000,22.0087,0.0500,99.9910,1.1791,-3.6947,2
-0.5984,-0.0883,-9.8492,-0.0130,0.0000,0.0250,48.0000,21.9858,0.0400,99.9780,0.9764,-3.6644,2
-0.5690,-0.0490,-9.9179,-0.0020,0.0180,0.0040,48.0000,21.9942,0.0300,99.9720,0.8568,-3.6441,2
-0.5690,0.0687,-10.1239,-0.0050,0.0120,0.0120,48.0000,21.9954,-0.0100,99.9740,0.7974,-3.5141,2
-0.5592,-0.0294,-9.8689,-0.0040,0.0010,-0.0010,47.0000,21.9731,-0.0600,99.9960,0.6925,-3.3983,2
-0.5592,-0.0687,-9.5549,0.0000,-0.0010,-0.0010,48.0000,21.9864,0.0100,100.0150,0.6055,-3.6062,2
-0.6082,-0.0392,-9.6432,-0.0040,-0.0040,0.0000,47.0000,21.9588,0.0400,100.0170,0.4559,-3.6621,2
-0.5690,-0.0589,-9.7217,0.0180,-0.0030,0.0070,48.0000,21.9808,0.0700,100.0060,0.3396,-3.7466,2
-0.5984,0.0000,-10.0356,0.0090,0.0120,0.0070,48.0000,21.9857,0.0300,99.9940,0.4462,-3.6086,2
-0.5592,0.0098,-9.9179,0.0090,0.0080,0.0070,48.0000,21.9672,-0.0200,99.9960,0.4762,-3.5152,2
-0.5592,-0.1275,-9.5353,0.0000,-0.0130,0.0060,48.0000,21.9303,0.0000,100.0020,0.3928,-3.6834,2
-0.5788,0.0000,-9.9964,0.0010,0.0140,0.0070,48.0000,21.9732,0.0200,99.9970,0.3383,-3.6873,2
-0.5788,0.0687,-10.1533,0.0040,0.0150,0.0090,48.0000,22.0107,-0.0400,99.9990,0.2972,-3.4959,2
-0.5690,-0.0490,-9.7511,0.0090,-0.0110,-0.0040,47.0000,21.9697,-0.0800,100.0200,0.3618,-3.4134,2
-0.5886,0.0000,-9.4078,-0.0150,-0.0050,0.0050,48.0000,21.9743,0.0300,100.0260,0.1648,-3.7052,2
-0.5788,-0.0294,-9.8787,0.0050,0.0210,-0.0050,48.0000,21.9756,0.0900,100.0080,0.0561,-3.7764,2
-0.5886,0.0098,-10.2318,0.0040,0.0210,0.0030,48.0000,21.9982,0.0200,99.9950,0.0107,-3.5681,2
-0.5395,-0.0589,-9.8492,0.0120,0.0000,0.0010,48.0000,21.9580,-0.0400,100.0020,0.0782,-3.4793,2
-0.5788,-0.0196,-9.4666,-0.0100,-0.0140,0.0010,48.0000,21.9355,0.0000,100.0120,0.1144,-3.6929,2
-0.5690,0.0589,-9.9375,0.0030,0.0140,0.0070,48.0000,21.9774,0.0600,100.0010,0.0257,-3.7708,2
-0.5886,0.0098,-10.2318,0.0020,0.0260,0.0030,48.0000,21.9734,-0.0200,99.9950,0.0686,-3.5128,2
-0.4709,0.0000,-9.3685,-0.0120,-0.0220,0.0000,48.0000,22.0034,-0.0300,100.0100,-0.1368,-3.5567,2
-0.5886,0.0687,-9.6236,-0.0010,0.0000,0.0050,47.0000,21.9688,0.0400,100.0090,-0.3180,-3.6999,2
-0.5984,0.0098,-9.9571,0.0020,0.0090,0.0000,48.0000,21.9713,0.0700,99.9950,-0.2948,-3.7072,2
-0.5788,0.0196,-9.9866,0.0070,0.0110,0.0000,48.0000,21.9682,0.0200,99.9840,-0.2815,-3.5785,2
-0.5592,0.0490,-9.7609,0.0000,-0.0040,0.0000,48.0000,21.9954,-0.0100,99.9840,-0.2422,-3.5252,2
-0.5592,0.0687,-9.8590,-0.0080,0.0040,0.0060,48.0000,22.0018,-0.0200,99.9870,-0.2863,-3.5330,2
-0.5788,0.0000,-9.5059,0.0010,-0.0070,0.0000,48.0000,21.9809,0.0300,99.9890,-0.2452,-3.7490,2
-0.6573,-0.0490,-10.1337,0.0040,0.0230,-0.0010,48.0000,21.9877,0.0300,99.9820,-0.2489,-3.6715,2
-0.5984,0.0000,-10.0847,0.0020,0.0090,0.0000,48.0000,22.0140,-0.0800,99.9950,-0.1816,-3.3844,2
-0.5788,0.0589,-9.4666,0.0010,-0.0180,0.0080,48.0000,22.0262,-0.0500,100.0150,-0.1930,-3.5042,2
-0.5494,0.0785,-9.5157,0.0120,-0.0060,0.0080,47.0000,22.0217,0.0700,100.0130,-0.3130,-3.7635,2
-0.6180,0.0000,-10.0651,0.0030,0.0210,-0.0020,48.0000,21.9831,0.0800,99.9940,-0.3385,-3.7127,2
-0.5984,0.0294,-10.1141,-0.0010,0.0170,0.0070,48.0000,22.0115,0.0000,99.9850,-0.3461,-3.4998,2
-0.5886,0.0687,-9.4274,0.0000,-0.0170,0.0110,48.0000,21.9793,-0.0100,99.9970,-0.3870,-3.6057,2
-0.5690,0.1079,-9.9964,0.0080,0.0130,-0.0010,48.0000,21.9911,0.0100,99.9970,-0.2385,-3.6253,2
-0.6082,-0.0294,-9.8787,-0.0040,0.0010,-0.0040,48.0000,22.0328,0.0000,100.0030,-0.1600,-3.6114,2
-0.6082,-0.0098,-10.1043,-0.0100,0.0220,0.0000,48.0000,22.0055,-0.0200,100.0100,-0.3044,-3.4970,2
-0.5494,0.0589,-9.5648,0.0200,-0.0150,0.0100,47.0000,22.0156,-0.0700,100.0290,-0.2521,-3.4494,2
-0.5984,0.0687,-8.9467,0.0010,-0.0330,0.0070,47.0000,22.0036,0.0700,100.0380,-0.2259,-3.8390,2
-0.6278,-0.0196,-9.7511,0.0070,0.0030,-0.0020,47.0000,22.0060,0.1400,100.0120,-0.1463,-3.9210,2
-0.6278,-0.0098,-10.3397,-0.0030,0.0210,-0.0020,48.0000,21.9978,0.0000,99.9910,-0.1750,-3.5136,2
-0.5886,0.0098,-9.8689,-0.0040,0.0000,0.0010,48.0000,21.9823,-0.0600,100.0020,-0.1793,-3.4212,2
-0.5494,0.0000,-9.3587,-0.0010,-0.0120,0.0010,48.0000,21.9967,0.0100,100.0110,-0.2179,-3.6938,2
-0.6180,-0.0294,-10.0454,0.0060,0.0200,-0.0060,48.0000,21.9642,0.0200,100.0020,-0.2889,-3.6466,2
-0.5297,0.0392,-9.8983,0.0070,0.0030,-0.0070,48.0000,21.9271,-0.0600,100.0120,-0.2464,-3.4308,2
-0.5592,0.0490,-9.4765,0.0100,-0.0130,0.0120,48.0000,21.9779,-0.0300,100.0300,-0.1470,-3.5312,2
-0.5690,0.0294,-9.4961,0.0020,-0.0100,0.0100,48.0000,21.9721,0.0500,100.0300,-0.1026,-3.7613,2
-0.5592,-0.0687,-10.0356,0.0060,0.0220,0.0000,48.0000,21.9616,0.0800,100.0150,-0.1778,-3.7385,2
-0.5788,0.0687,-9.9375,0.0070,0.0060,0.0010,48.0000,21.9595,0.0000,100.0130,-0.0890,-3.5309,2
-0.5101,0.0000,-9.5942,0.0050,-0.0020,0.0040,48.0000,21.9907,0.0100,100.0180,-0.0372,-3.6314,2
-0.5494,-0.0392,-9.6334,-0.0060,0.0010,0.0040,48.0000,21.9979,0.0500,100.0140,-0.0043,-3.7841,2
-0.5592,-0.0196,-10.1337,-0.0040,0.0230,0.0070,48.0000,22.0327,0.0300,100.0020,-0.0944,-3.6876,2
-0.6671,-0.0490,-9.9179,0.0100,0.0050,0.0010,48.0000,22.0287,-0.0600,100.0090,-0.0780,-3.4805,2
-0.5494,0.0000,-9.4176,0.0050,-0.0080,0.0100,48.0000,22.0046,0.0000,100.0170,-0.1133,-3.6946,2
-0.6278,0.0687,-9.8983,0.0010,0.0120,0.0100,48.0000,22.0070,0.0500,100.0070,-0.0550,-3.7365,2
-0.5494,0.0392,-9.9473,0.0110,0.0040,0.0120,48.0000,22.0064,0.0100,99.9970,-0.0255,-3.6191,2
-0.5984,0.0098,-9.6628,0.0050,0.0030,0.0010,48.0000,21.9967,0.0300,99.9930,0.0409,-3.6674,2
-0.5690,-0.0490,-10.0356,-0.0010,0.0140,0.0030,48.0000,21.9939,0.0100,99.9870,0.0006,-3.5926,2
-0.5690,-0.0196,-9.7511,0.0020,0.0000,-0.0020,48.0000,21.9949,-0.0200,99.9900,-0.1241,-3.5653,2
-0.6278,-0.0490,-9.6727,0.0080,-0.0050,-0.0050,48.0000,21.9671,-0.0200,99.9970,-0.1714,-3.6197,2
-0.5788,-0.0883,-9.9375,0.0030,0.0030,0.0070,48.0000,21.9841,-0.0100,100.0050,-0.1073,-3.6010,2
-0.5395,0.1177,-9.6923,0.0130,0.0000,0.0170,48.0000,21.9766,0.0100,100.0060,-0.0193,-3.6744,2
-0.5494,-0.0785,-10.0847,-0.0090,0.0140,-0.0060,48.0000,22.0019,-0.0200,100.0040,0.1038,-3.4934,2
-0.5788,-0.0687,-9.4666,-0.0150,-0.0140,0.0090,48.0000,22.0181,-0.0100,100.0180,-0.0216,-3.5880,2
-0.5690,0.0098,-9.5549,0.0130,0.0040,0.0060,47.0000,22.0429,0.0800,100.0180,-0.1074,-3.8131,2
-0.5886,0.0000,-10.2318,0.0120,0.0240,0.0080,47.0000,22.0255,0.0000,100.0060,0.0672,-3.5310,2
-0.5494,0.0589,-9.7904,0.0010,-0.0050,-0.0090,48.0000,21.9904,-0.0700,100.0160,0.1258,-3.4274,2
-0.5690,0.0294,-9.3784,-0.0040,-0.0130,0.0110,48.0000,22.0020,0.0000,100.0260,0.0115,-3.6949,2
-0.6082,-0.0785,-9.7511,-0.0030,0.0090,-0.0020,47.0000,21.9939,0.0600,100.0180,-0.1467,-3.8145,2
-0.5788,0.0196,-10.0356,-0.0050,0.0180,0.0040,48.0000,21.9849,0.0300,100.0070,-0.2625,-3.6846,2
-0.5592,0.0687,-9.9571,0.0140,0.0030,-0.0040,48.0000,21.9810,-0.0300,100.0100,-0.1895,-3.5189,2
-0.5297,-0.0392,-9.5844,0.0060,-0.0050,0.0000,48.0000,22.0006,-0.0200,100.0210,-0.1419,-3.5536,2
-0.5788,0.0294,-9.3980,0.0060,-0.0090,-0.0080,48.0000,21.9939,0.0600,100.0230,-0.0900,-3.7883,2
-0.5984,-0.0687,-10.0552,0.0120,0.0190,-0.0020,48.0000,21.9759,0.0500,100.0050,-0.0782,-3.6564,2
-0.5297,0.0000,-9.9081,0.0050,0.0050,0.0000,48.0000,22.0116,0.0000,100.0030,-0.0092,-3.5554,2
-0.6082,-0.0490,-9.7904,0.0140,0.0000,0.0000,48.0000,22.0120,-0.0100,100.0120,0.0452,-3.6033,2
-0.6278,-0.0687,-9.7413,0.0040,0.0060,0.0090,47.0000,21.9842,-0.0100,100.0210,0.0929,-3.6173,2
-0.6082,0.0000,-9.9473,0.0040,0.0070,-0.0030,48.0000,22.0250,-0.0300,100.0310,0.1165,-3.5354,2
-0.5494,0.0000,-9.5157,0.0000,-0.0110,0.0000,47.0000,22.0109,0.0000,100.0410,0.1204,-3.6244,2
-0.6082,0.0000,-9.7904,0.0000,0.0110,0.0010,47.0000,22.0111,0.0700,100.0300,0.0454,-3.7537,2
-0.5886,-0.0392,-9.9081,0.0000,0.0060,0.0030,48.0000,21.9653,0.0200,100.0220,-0.1190,-3.6155,2
-0.5199,0.0883,-9.6138,0.0210,-0.0100,0.0050,48.0000,22.0042,0.0100,100.0200,-0.0374,-3.6162,2
-0.5101,0.0000,-9.8885,0.0080,0.0130,-0.0040,48.0000,21.9694,0.0400,100.0100,0.2004,-3.6700,2
-0.5494,-0.0098,-9.8590,0.0000,0.0020,0.0040,48.0000,21.9779,0.0100,100.0020,0.1739,-3.6318,2
-0.5690,0.0196,-9.8394,-0.0090,0.0020,0.0000,48.0000,21.9622,0.0100,99.9980,0.0197,-3.6602,2
-0.6475,-0.0490,-10.0160,-0.0130,0.0080,0.0000,48.0000,21.9531,-0.0100,99.9960,-0.1053,-3.6002,2
-0.5592,0.0000,-10.0062,0.0060,0.0020,0.0060,48.0000,21.9620,-0.0600,100.0030,-0.1575,-3.4622,2
-0.5494,0.0392,-9.3685,0.0160,-0.0160,0.0000,48.0000,21.9752,0.0000,100.0130,-0.0378,-3.6371,2
-0.5494,-0.0490,-9.6530,0.0090,-0.0010,0.0040,48.0000,21.9906,0.0700,100.0000,-0.0182,-3.7762,2
-0.6082,-0.0490,-10.1926,0.0190,0.0280,0.0050,48.0000,21.9698,0.0400,99.9820,0.1312,-3.6153,2
-0.6180,0.0785,-9.7511,-0.0020,-0.0070,0.0080,48.0000,21.9861,-0.0500,99.9860,0.1458,-3.4511,2
-0.5494,0.0392,-9.3489,-0.0030,-0.0130,-0.0070,48.0000,21.9904,0.0200,99.9930,0.0792,-3.7067,2
-0.6573,-0.0687,-10.0062,-0.0140,0.0180,-0.0020,48.0000,22.0550,0.0800,99.9730,-0.0678,-3.8231,2
-0.6475,0.0098,-10.5261,-0.0030,0.0270,0.0000,48.0000,22.0537,-0.0400,99.9630,-0.2323,-3.4607,2
-0.5984,-0.0490,-9.5942,0.0010,-0.0110,0.0120,48.0000,22.0652,-0.1000,99.9880,-0.1562,-3.4305,2
-0.6278,0.0098,-9.5353,0.0080,-0.0080,-0.0050,47.0000,22.0235,-0.0300,100.0080,-0.1266,-3.5694,2
-0.6573,-0.0196,-9.6530,0.0040,-0.0030,0.0070,47.0000,22.0297,0.0000,100.0130,-0.1275,-3.6237,2
-0.5886,-0.0098,-9.7806,0.0120,0.0110,-0.0040,47.0000,22.0445,0.0200,100.0100,-0.1216,-3.6282,2
-0.5984,0.0000,-9.7217,0.0020,0.0000,0.0040,47.0000,22.0114,0.0200,100.0040,-0.0397,-3.6500,2
-0.5592,-0.0785,-9.6138,-0.0030,0.0000,0.0080,48.0000,21.9937,0.0500,99.9930,-0.0416,-3.7504,2
-0.5886,0.0392,-9.9277,0.0020,0.0000,0.0060,48.0000,22.0109,0.0200,99.9770,-0.0871,-3.6843,2
-0.5788,0.0294,-10.0749,0.0080,0.0110,-0.0060,48.0000,22.0200,-0.0200,99.9720,-0.0331,-3.5712,2
-0.5297,0.0000,-9.8002,-0.0050,-0.0010,0.0020,48.0000,22.0166,-0.0500,99.9820,0.0260,-3.5138,2
-0.5886,-0.0687,-9.6334,-0.0050,-0.0010,0.0040,48.0000,22.0009,-0.0400,99.9900,-0.0773,-3.5320,2
-0.5886,0.0294,-9.3980,0.0100,-0.0100,0.0120,48.0000,21.9991,0.0100,99.9900,-0.0611,-3.6877,2
-0.5395,0.0196,-9.9179,0.0180,0.0190,0.0010,48.0000,22.0046,0.0500,99.9770,0.0488,-3.7012,2
-0.5297,-0.0490,-10.1632,0.0110,0.0200,0.0050,48.0000,21.9601,-0.0100,99.9730,0.1797,-3.4983,2
-0.5199,-0.1079,-9.7021,-0.0010,-0.0020,0.0000,48.0000,21.9956,-0.0400,99.9880,0.1925,-3.5051,2
-0.5886,0.0490,-9.5942,-0.0030,-0.0110,0.0090,48.0000,21.9968,0.0000,99.9960,0.0896,-3.6595,2
-0.5690,0.0098,-9.9081,-0.0010,0.0130,-0.0150,48.0000,22.0060,0.0400,99.9830,0.0225,-3.7335,2
-0.5984,0.0000,-10.0651,-0.0010,0.0150,0.0030,48.0000,22.0185,-0.0300,99.9730,0.0266,-3.5571,2
-0.5592,-0.0392,-9.7217,0.0000,-0.0120,0.0050,48.0000,22.0019,-0.0800,99.9880,-0.1635,-3.4562,2
-0.5690,0.0000,-9.4176,0.0030,-0.0100,0.0020,48.0000,21.9867,0.0000,99.9990,-0.1344,-3.6729,2
-0.5690,0.0785,-9.8590,0.0080,0.0080,-0.0080,48.0000,21.9868,0.0200,99.9880,-0.0736,-3.6451,2
-0.5690,0.0196,-9.8885,0.0060,0.0080,0.0070,48.0000,21.9574,0.0000,99.9810,0.0768,-3.5479,2
-0.5395,0.0098,-9.8492,-0.0030,0.0050,0.0060,48.0000,21.9934,-0.0100,99.9840,0.1011,-3.5359,2
-0.5494,-0.0098,-9.7904,-0.0090,-0.0050,0.0080,48.0000,21.9883,-0.0600,99.9990,0.0306,-3.4719,2
-0.5592,-0.0098,-9.4470,0.0050,-0.0080,0.0080,48.0000,22.0304,0.0200,100.0100,-0.1136,-3.7478,2
-0.5984,0.0000,-9.8198,0.0000,0.0040,0.0040,47.0000,22.0015,0.0300,100.0020,-0.0542,-3.7528,2
-0.5984,0.0196,-10.2024,0.0120,0.0200,0.0010,48.0000,21.9797,-0.0100,100.0010,0.0301,-3.5631,2
-0.5886,0.0098,-9.6628,-0.0010,-0.0180,0.0160,48.0000,21.9659,-0.1000,100.0200,0.1287,-3.3956,2
-0.5788,0.0000,-9.1527,0.0020,-0.0190,0.0000,48.0000,21.9732,0.0300,100.0290,0.0972,-3.7508,2
-0.6082,-0.0392,-10.0454,-0.0090,0.0180,-0.0020,48.0000,21.9900,0.1100,100.0060,-0.0020,-3.8346,2
-0.6180,-0.0196,-10.5163,0.0010,0.0320,0.0070,48.0000,21.9921,-0.0300,99.9940,-0.0889,-3.4149,2
-0.5395,-0.0392,-9.5255,-0.0020,-0.0160,-0.0050,48.0000,21.9959,-0.1000,100.0210,-0.1474,-3.3818,2
-0.5003,0.0196,-8.9173,0.0060,-0.0260,0.0000,48.0000,22.0132,0.0600,100.0290,-0.1321,-3.8788,2
-0.5494,0.0000,-9.9964,0.0070,0.0190,0.0070,48.0000,21.9723,0.1300,99.9930,-0.1206,-3.9375,2
-0.5984,0.0294,-10.6537,-0.0030,0.0390,0.0060,48.0000,22.0064,-0.0300,99.9770,-0.1133,-3.4654,2
-0.5297,-0.0098,-9.2508,0.0010,-0.0360,0.0020,48.0000,22.0150,-0.1100,100.0070,-0.0790,-3.4229,2
-0.4905,0.0000,-9.0841,0.0010,-0.0260,0.0030,47.0000,22.0202,0.0700,100.0120,-0.0900,-3.8651,2
-0.6180,0.0098,-10.2711,0.0040,0.0250,-0.0030,47.0000,22.0348,0.0700,99.9850,-0.1258,-3.7167,2
-0.6573,0.0294,-10.3005,-0.0050,0.0160,0.0000,48.0000,21.9996,-0.0600,99.9820,-0.1596,-3.3756,2
-0.5788,0.0098,-9.4863,0.0110,-0.0160,-0.0010,48.0000,21.9989,-0.0400,100.0000,-0.1124,-3.5079,2
-0.5297,0.0392,-9.3097,0.0060,-0.0090,0.0040,48.0000,22.0258,0.0500,99.9970,-0.0075,-3.8070,2
-0.6180,0.0196,-10.3790,0.0040,0.0240,0.0030,48.0000,22.0195,0.0100,99.9790,-0.0071,-3.6046,2
-0.5494,0.0000,-10.1141,0.0060,0.0050,-0.0030,48.0000,21.9905,-0.0800,99.9860,-0.0105,-3.4208,2
-0.5101,-0.0490,-9.4863,-0.0150,-0.0220,0.0050,48.0000,21.9577,-0.0700,100.0150,-0.1316,-3.4873,2
-0.5395,0.0196,-9.2901,0.0090,-0.0160,-0.0010,48.0000,21.9349,0.0400,100.0220,-0.2018,-3.7634,2
-0.5984,-0.0196,-10.0847,0.0100,0.0130,0.0010,48.0000,21.9949,0.0600,100.0060,-0.1660,-3.7002,2
-0.5592,0.0000,-9.9571,-0.0070,0.0030,-0.0020,48.0000,21.9968,0.0100,100.0000,-0.1613,-3.5881,2
-0.5297,0.0196,-10.0356,0.0140,0.0030,0.0000,48.0000,22.0019,-0.0400,100.0080,-0.1507,-3.4312,2
-0.5788,-0.0392,-9.4176,0.0020,-0.0130,0.0020,48.0000,21.9969,-0.0200,100.0200,-0.1385,-3.5698,2
-0.5395,-0.0294,-9.6040,0.0000,-0.0060,-0.0040,48.0000,22.0206,0.0600,100.0110,-0.0935,-3.8227,2
-0.6376,-0.1177,-10.2711,0.0000,0.0290,0.0020,48.0000,22.0021,0.0300,99.9950,-0.1078,-3.6554,2
-0.6671,0.0000,-10.0454,0.0080,0.0110,0.0090,48.0000,21.9776,-0.0700,100.0020,-0.0442,-3.4122,2
-0.5297,0.0785,-9.4176,0.0110,-0.0130,0.0060,48.0000,21.9761,-0.0200,100.0170,0.1323,-3.5700,2
-0.5592,0.0687,-9.5746,0.0010,0.0040,0.0120,48.0000,21.9828,0.0900,100.0090,0.2017,-3.8182,2
-0.6082,0.0883,-10.1043,-0.0050,0.0170,0.0050,48.0000,21.9990,0.0300,99.9940,0.1161,-3.6248,2
-0.5395,0.0687,-9.8885,0.0030,0.0000,0.0030,48.0000,22.0245,-0.0100,99.9950,0.0375,-3.5135,2
-0.5788,-0.0098,-9.5942,0.0000,-0.0070,0.0060,48.0000,21.9970,0.0000,99.9950,-0.0410,-3.6102,2
-0.5494,0.0098,-9.9179,-0.0040,0.0050,-0.0030,48.0000,22.0192,0.0000,99.9850,-0.1484,-3.6202,2
-0.5886,-0.0294,-9.7315,-0.0020,0.0050,0.0020,48.0000,22.0093,0.0100,99.9780,-0.2447,-3.6890,2
-0.5788,0.0392,-10.2220,0.0020,0.0160,0.0160,48.0000,21.9944,-0.0400,99.9720,-0.1903,-3.4916,2
-0.5886,0.0392,-9.7511,-0.0090,-0.0020,-0.0010,48.0000,21.9895,-0.0700,99.9840,-0.1813,-3.4439,2
-0.5886,-0.0098,-9.5353,0.0100,-0.0120,-0.0010,48.0000,22.0010,-0.0200,99.9940,-0.1387,-3.5812,2
-0.5984,-0.0981,-9.7217,0.0050,0.0020,-0.0120,48.0000,21.9925,0.0400,99.9890,-0.1051,-3.6918,2
-0.5788,0.0000,-10.0847,0.0100,0.0150,0.0050,48.0000,21.9800,0.0200,99.9790,-0.0614,-3.5921,2
-0.5886,0.0098,-9.7217,0.0120,-0.0010,-0.0060,48.0000,22.0165,0.0000,99.9800,-0.0280,-3.5966,2
-0.5592,-0.0196,-9.8983,-0.0030,0.0040,0.0070,48.0000,21.9634,0.0300,99.9720,-0.0912,-3.6933,2
-0.5690,-0.0196,-10.0356,0.0230,0.0170,-0.0010,48.0000,21.9995,0.0000,99.9650,0.0425,-3.6294,2
-0.5788,-0.0392,-9.8787,0.0000,0.0110,0.0040,48.0000,22.0558,-0.0400,99.9710,0.1783,-3.5069,2
-0.6475,0.0196,-9.6432,0.0000,-0.0100,0.0010,48.0000,22.0639,-0.0700,99.9880,0.1121,-3.4555,2
-0.6082,-0.0294,-9.3587,-0.0050,-0.0120,-0.0020,47.0000,22.0218,0.0000,99.9990,0.0284,-3.6555,2
-0.6180,0.0392,-9.8983,0.0050,0.0140,0.0080,48.0000,21.9790,0.0700,99.9900,-0.0107,-3.7374,2
-0.5494,0.0687,-10.2416,0.0020,0.0080,0.0010,48.0000,22.0011,-0.0300,99.9920,-0.0056,-3.4303,2
-0.5592,-0.0785,-9.5255,-0.0070,-0.0130,0.0050,48.0000,21.9858,-0.0200,100.0090,-0.0838,-3.5321,2
-0.5690,0.0000,-9.6530,-0.0050,-0.0060,0.0090,48.0000,22.0145,0.0100,100.0130,-0.1369,-3.6466,2
-0.5592,0.0196,-9.7315,0.0080,0.0000,0.0040,48.0000,22.0385,0.0400,100.0030,-0.0970,-3.7543,2
-0.6376,0.0490,-10.1141,-0.0030,0.0140,0.0020,48.0000,22.0057,0.0000,99.9940,-0.1470,-3.5918,2
-0.5494,0.0000,-9.8394,-0.0030,-0.0010,0.0010,48.0000,21.9668,-0.0600,100.0020,-0.1678,-3.4857,2
-0.5592,0.0098,-9.5157,0.0000,-0.0120,0.0100,48.0000,21.9544,-0.0300,100.0150,-0.1011,-3.5619,2
-0.5101,-0.0098,-9.5549,-0.0050,-0.0070,-0.0020,48.0000,21.9692,0.0100,100.0170,-0.2103,-3.6699,2
-0.5297,0.0098,-9.9473,0.0110,0.0120,-0.0090,48.0000,22.0010,0.0200,100.0060,-0.1952,-3.6283,2
-0.5592,0.0000,-9.9768,-0.0010,0.0100,0.0030,48.0000,22.0033,0.0000,100.0000,-0.1914,-3.5511,2
-0.5690,0.0000,-9.6530,0.0080,-0.0060,0.0020,48.0000,22.0197,0.0400,99.9970,-0.0728,-3.7145,2
-0.6376,-0.0392,-9.9277,0.0010,0.0110,0.0000,48.0000,21.9709,0.0500,99.9830,0.0311,-3.7484,2
-0.5788,-0.0883,-9.9375,-0.0050,0.0130,0.0000,48.0000,21.9793,0.0100,99.9720,-0.0359,-3.6677,2
-0.5886,0.0294,-10.2613,0.0060,0.0140,0.0080,48.0000,22.0119,-0.0300,99.9690,-0.0259,-3.4988,2
-0.5297,-0.0196,-9.7511,0.0040,-0.0070,0.0030,48.0000,22.0198,-0.0700,99.9870,0.0472,-3.4397,2
-0.5494,-0.0687,-9.5451,-0.0040,-0.0020,-0.0050,48.0000,22.0267,0.0000,99.9990,0.0446,-3.6369,2
-0.5788,0.0196,-10.0160,0.0010,0.0140,0.0130,48.0000,22.0460,0.0000,99.9950,-0.0591,-3.5716,2
-0.6180,-0.0294,-9.6923,-0.0090,0.0000,0.0030,48.0000,22.0021,-0.0400,100.0020,-0.0607,-3.4829,2
-0.5984,0.0294,-9.5549,-0.0040,-0.0030,0.0040,48.0000,22.0200,0.0000,100.0120,-0.1788,-3.6189,2
-0.5984,0.0490,-9.6727,0.0000,-0.0060,0.0020,48.0000,22.0084,0.0400,100.0120,-0.1556,-3.7157,2
-0.5984,0.0098,-10.0258,-0.0060,0.0110,-0.0090,48.0000,22.0207,0.0100,100.0100,-0.1287,-3.6416,2
-0.5690,0.0589,-9.9375,0.0030,0.0060,0.0000,48.0000,21.9996,-0.0200,100.0180,-0.1413,-3.5668,2
-0.5690,-0.0490,-9.6727,0.0080,0.0000,-0.0020,48.0000,22.0091,-0.0400,100.0290,-0.1627,-3.5437,2
-0.5984,-0.0392,-9.7021,0.0000,-0.0020,-0.0020,47.0000,22.0050,0.0000,100.0380,-0.1191,-3.6139,2
-0.5592,0.0981,-9.7904,0.0000,-0.0010,-0.0020,47.0000,22.0254,0.0100,100.0380,-0.1155,-3.6091,2
-0.6965,0.0687,-9.8492,0.0050,0.0110,0.0020,47.0000,22.0303,0.0200,100.0360,-0.0174,-3.6202,2
-0.6573,0.0000,-9.7609,0.0080,-0.0010,0.0100,47.0000,21.9965,0.0000,100.0360,-0.0445,-3.5686,2
-0.5984,0.0490,-9.5549,-0.0090,-0.0090,-0.0080,48.0000,21.9704,0.0300,100.0330,-0.0159,-3.6989,2
-0.6180,0.0196,-9.8885,-0.0040,0.0080,0.0010,48.0000,21.9872,0.0400,100.0180,-0.1006,-3.7136,2
-0.5395,0.0196,-9.8394,0.0120,0.0030,-0.0010,48.0000,21.9911,0.0200,100.0110,-0.0953,-3.6907,2
-0.5592,0.0098,-10.0651,-0.0040,0.0150,0.0060,48.0000,21.9816,-0.0100,100.0140,-0.0987,-3.5441,2
-0.5690,-0.0490,-9.6236,0.0010,-0.0060,-0.0010,48.0000,21.9466,-0.0200,100.0250,-0.1404,-3.5600,2
-0.5788,0.0098,-9.5549,0.0080,-0.0040,0.0040,48.0000,21.9512,0.0400,100.0270,-0.0678,-3.7154,2
-0.5690,0.0392,-9.9375,-0.0120,0.0090,0.0050,48.0000,21.9741,0.0600,100.0140,-0.0315,-3.7234,2
-0.5592,-0.0785,-10.1926,-0.0090,0.0200,-0.0060,48.0000,22.0252,0.0000,100.0010,-0.1707,-3.5428,2
-0.5690,0.0687,-9.9866,0.0010,0.0030,0.0100,48.0000,22.0232,-0.0500,100.0050,-0.2220,-3.4306,2
-0.5297,0.0196,-9.5451,0.0060,-0.0040,0.0000,47.0000,22.0233,0.0000,100.0140,-0.1133,-3.6509,2
-0.6180,0.0294,-9.8492,0.0060,0.0110,0.0010,47.0000,22.0348,0.0200,100.0060,-0.0467,-3.6991,2
-0.5788,-0.0294,-10.1730,0.0060,0.0080,0.0060,48.0000,22.0284,-0.0500,100.0020,-0.0125,-3.4640,2
-0.5199,-0.0294,-9.3587,-0.0090,-0.0300,0.0010,47.0000,21.9874,-0.0300,100.0140,-0.1189,-3.5741,2
-0.5984,0.0294,-9.5942,0.0000,-0.0060,0.0000,47.0000,22.0130,0.0700,100.0040,-0.1892,-3.7742,2
-0.5690,0.0098,-9.8590,0.0060,0.0100,0.0000,48.0000,22.0156,0.0800,99.9800,-0.1613,-3.7659,2
-0.6082,0.0392,-10.2024,0.0160,0.0290,0.0030,48.0000,21.9979,0.0300,99.9660,0.0283,-3.5662,2
-0.5395,-0.0392,-10.0847,-0.0050,0.0080,-0.0020,48.0000,21.9806,-0.0900,99.9840,0.0347,-3.3024,2
-0.5592,0.0490,-9.2018,0.0010,-0.0260,0.0100,48.0000,21.9642,-0.0300,100.0140,-0.0941,-3.5830,2
-0.5788,0.0098,-9.5255,0.0050,-0.0050,-0.0060,48.0000,21.9888,0.0800,100.0040,-0.1350,-3.8755,2
-0.5984,0.0392,-10.2711,0.0100,0.0300,0.0030,48.0000,21.9768,0.0200,99.9820,-0.1224,-3.6493,2
-0.5395,0.0294,-9.9375,-0.0050,0.0000,0.0040,48.0000,22.0074,-0.0800,99.9960,-0.1590,-3.4098,2
-0.5199,-0.0392,-9.5549,0.0020,-0.0130,0.0010,48.0000,22.0157,-0.0600,100.0190,-0.2332,-3.4964,2
-0.5788,0.0098,-9.0841,0.0030,-0.0300,0.0070,47.0000,21.9852,0.0500,100.0240,-0.1988,-3.8163,2
-0.6475,-0.0294,-10.1730,0.0040,0.0230,-0.0060,48.0000,22.0022,0.1200,99.9900,-0.1432,-3.8452,2
-0.5592,0.0490,-10.3495,-0.0030,0.0230,0.0110,48.0000,21.9951,0.0000,99.9700,-0.2171,-3.5338,2
-0.5788,0.0196,-9.8296,0.0000,0.0000,0.0020,48.0000,21.9714,-0.0600,99.9790,-0.2515,-3.4642,2
-0.5003,0.0098,-9.6138,0.0040,-0.0010,0.0020,48.0000,21.9790,-0.0200,99.9850,-0.1940,-3.5982,2
-0.5395,0.0000,-9.9179,0.0000,0.0210,0.0030,48.0000,21.9951,0.0300,99.9790,-0.2298,-3.6938,2
-0.5690,0.0294,-10.2907,0.0010,0.0170,0.0040,48.0000,22.0071,-0.0900,99.9830,-0.1882,-3.3515,2
-0.5199,0.0196,-9.2018,-0.0050,-0.0360,0.0030,48.0000,21.9580,-0.0700,100.0090,-0.1793,-3.5046,2
-0.5101,0.0000,-9.3195,0.0000,-0.0050,0.0070,48.0000,21.9865,0.1100,100.0040,-0.2510,-3.9244,2
-0.6082,0.0098,-10.4771,0.0070,0.0330,-0.0070,48.0000,22.0131,0.0700,99.9750,-0.1972,-3.6652,2
-0.6082,-0.0490,-10.0454,0.0020,0.0040,0.0090,48.0000,22.0280,-0.0700,99.9770,-0.2210,-3.3612,2
-0.5101,-0.0098,-9.3784,-0.0040,-0.0220,0.0000,48.0000,22.0249,-0.0300,99.9970,-0.2017,-3.5345,2
-0.5395,0.0883,-9.5353,0.0000,-0.0080,0.0030,48.0000,22.0008,0.0600,99.9900,-0.2364,-3.8117,2
-0.5984,-0.0196,-10.4182,0.0030,0.0290,0.0130,48.0000,22.0406,0.0200,99.9660,-0.2573,-3.6422,2
-0.6082,-0.0294,-10.2220,0.0040,0.0130,0.0000,48.0000,22.0384,-0.0800,99.9710,-0.2266,-3.3903,2
-0.5592,-0.0883,-9.4470,0.0010,-0.0130,0.0050,48.0000,22.0159,-0.0800,99.9970,-0.1906,-3.4675,2
-0.5984,0.0000,-9.2410,0.0120,-0.0120,0.0070,48.0000,22.0206,0.0400,100.0010,-0.0811,-3.7758,2
-0.5690,0.0589,-10.1043,-0.0070,0.0170,-0.0050,48.0000,22.0138,0.0400,99.9830,-0.0629,-3.6699,2
-0.5788,-0.0490,-10.0945,-0.0030,0.0070,0.0050,48.0000,22.0384,-0.0600,99.9880,-0.0872,-3.3809,2
-0.5494,-0.0883,-9.5549,0.0000,-0.0170,-0.0020,48.0000,21.9951,-0.0900,100.0160,-0.1226,-3.4027,2
-0.5395,0.0098,-9.2214,0.0020,-0.0270,0.0000,48.0000,21.9761,0.0200,100.0240,-0.2010,-3.7730,2
-0.5984,0.0196,-10.3103,0.0000,0.0280,0.0060,48.0000,21.9598,0.0800,100.0020,-0.2706,-3.8122,2
-0.6180,0.0785,-10.2318,0.0120,0.0170,0.0010,48.0000,21.9602,-0.0400,99.9950,-0.1660,-3.5022,2
-0.5199,0.0098,-9.7413,-0.0010,-0.0090,-0.0080,48.0000,22.0139,-0.0800,100.0160,-0.1750,-3.4462,2
-0.5494,-0.0392,-9.4470,0.0110,-0.0070,0.0100,47.0000,22.0205,0.0000,100.0290,-0.1958,-3.6248,2
-0.5886,0.0490,-9.6138,0.0090,-0.0090,0.0100,47.0000,21.9886,0.0400,100.0210,-0.0348,-3.7137,2
-0.6082,0.0000,-9.8983,0.0130,0.0130,0.0010,48.0000,21.9912,0.0700,100.0030,0.0759,-3.7289,2
-0.6180,0.0490,-9.9768,-0.0110,0.0100,0.0000,48.0000,22.0048,0.0100,99.9930,0.0110,-3.5776,2
-0.5297,0.0000,-9.7806,-0.0120,0.0050,-0.0050,48.0000,22.0273,0.0000,99.9970,-0.1138,-3.5834,2
-0.5984,-0.0392,-9.6432,-0.0030,-0.0020,0.0040,48.0000,22.0205,0.0000,99.9990,-0.2329,-3.6186,2
-0.5690,-0.0098,-9.8002,0.0120,-0.0040,-0.0020,48.0000,21.9896,-0.0100,100.0050,-0.1530,-3.6207,2
-0.5886,0.0490,-9.8492,0.0030,0.0000,0.0010,48.0000,21.9854,0.0000,100.0090,-0.0482,-3.6075,2
-0.6475,-0.0392,-9.8394,-0.0150,0.0080,-0.0050,48.0000,21.9856,0.0000,100.0130,-0.1303,-3.5930,2
-0.6180,0.0000,-9.6825,0.0010,-0.0100,0.0020,48.0000,21.9758,0.0000,100.0120,-0.2665,-3.5913,2
-0.5395,0.0687,-9.6628,0.0190,0.0030,0.0040,48.0000,21.9749,0.0500,100.0020,-0.1497,-3.7250,2
-0.6180,-0.0589,-10.0258,0.0060,0.0100,-0.0100,48.0000,22.0268,0.0000,99.9900,0.0033,-3.5614,2
-0.6082,-0.0687,-9.9866,0.0040,-0.0040,0.0020,48.0000,22.0000,-0.0400,99.9980,-0.0065,-3.4757,2
-0.6082,0.0098,-9.5255,0.0090,-0.0020,-0.0040,48.0000,21.9726,0.0200,100.0080,0.0266,-3.7173,2
-0.5494,-0.0490,-9.8787,-0.0120,0.0060,-0.0010,48.0000,21.9866,0.0200,100.0030,-0.0361,-3.7060,2
-0.5886,0.0785,-10.0552,0.0110,0.0120,0.0100,48.0000,21.9769,-0.0300,100.0060,0.0266,-3.5311,2
-0.5494,0.0098,-9.4765,0.0080,-0.0130,0.0040,48.0000,22.0232,-0.0100,100.0180,0.1850,-3.6438,2
-0.5886,0.0294,-9.6923,0.0040,0.0060,0.0010,48.0000,21.9994,0.0400,100.0160,0.1319,-3.7221,2
-0.5984,-0.0392,-10.1141,0.0000,0.0140,0.0000,48.0000,21.9984,-0.0100,100.0110,0.0385,-3.5123,2
-0.5395,-0.0392,-9.5549,-0.0090,-0.0120,0.0020,48.0000,21.9794,-0.0200,100.0180,-0.1649,-3.5565,2
-0.5101,-0.0392,-9.2803,0.0020,-0.0130,-0.0040,48.0000,22.0186,0.0800,100.0100,-0.1537,-3.8694,2
-0.6082,0.0294,-10.3299,0.0110,0.0310,-0.0010,48.0000,22.0361,0.0500,99.9880,-0.0679,-3.7010,2
-0.5494,-0.0392,-10.2416,0.0080,0.0140,-0.0070,48.0000,22.0308,-0.0800,99.9940,0.1594,-3.3955,2
-0.5297,-0.0490,-9.5942,-0.0070,-0.0060,0.0130,48.0000,22.0020,-0.1100,100.0240,0.0597,-3.3713,2
-0.5690,0.0589,-9.1331,0.0010,-0.0250,0.0020,47.0000,22.0072,0.0000,100.0400,0.0235,-3.7132,2
-0.5690,-0.1373,-9.7511,-0.0070,0.0130,0.0060,47.0000,21.9529,0.1100,100.0170,0.0259,-3.8678,2
-0.5984,-0.0687,-10.5556,0.0020,0.0300,0.0090,48.0000,21.9647,-0.0300,100.0060,-0.0524,-3.4216,2
-0.5199,0.0883,-9.2508,0.0020,-0.0350,0.0000,48.0000,21.9672,-0.0500,100.0250,0.1164,-3.5222,2
-0.5297,0.0490,-9.1822,0.0000,-0.0210,0.0060,48.0000,21.9553,0.0900,100.0170,0.1276,-3.8789,2
-0.5494,0.0687,-10.3594,-0.0090,0.0290,0.0000,48.0000,21.9897,0.0800,99.9800,0.0523,-3.7334,2
-0.5199,-0.0392,-10.0847,-0.0020,0.0110,0.0090,48.0000,22.0088,-0.0200,99.9710,-0.0510,-3.5137,2
-0.5101,0.0000,-9.6432,0.0130,-0.0040,0.0070,48.0000,21.9732,-0.0300,99.9860,-0.0895,-3.5657,2
-0.5690,0.0000,-9.6040,0.0130,0.0000,-0.0060,48.0000,21.9959,0.0100,99.9900,0.0558,-3.6963,2
-0.5788,-0.0098,-10.1435,-0.0050,0.0130,0.0010,48.0000,21.9703,-0.0200,99.9910,0.0439,-3.5194,2
-0.4905,0.0294,-9.7806,0.0090,-0.0070,0.0070,48.0000,21.9759,-0.0700,100.0060,0.0293,-3.4182,2
-0.5690,-0.0294,-8.9369,0.0000,-0.0260,0.0040,48.0000,21.9849,0.0600,100.0100,-0.0090,-3.8279,2
-0.5101,0.0294,-9.8689,0.0010,0.0130,0.0050,48.0000,22.0269,0.1100,99.9810,-0.1220,-3.8423,2
-0.5494,0.0687,-10.2514,0.0000,0.0260,0.0000,48.0000,21.9931,0.0200,99.9560,-0.1321,-3.5805,2
-0.5788,-0.0785,-9.9964,-0.0110,0.0000,0.0010,48.0000,22.0440,-0.0800,99.9670,-0.2050,-3.4011,2
-0.5101,-0.0294,-9.3195,0.0090,-0.0160,0.0120,48.0000,22.0562,-0.0200,99.9900,-0.2839,-3.6508,2
-0.5886,0.0098,-9.9670,0.0080,0.0200,-0.0030,47.0000,22.0380,0.0200,99.9920,-0.1145,-3.6799,2
-0.6671,-0.0883,-10.1239,-0.0040,0.0070,0.0030,48.0000,22.0427,-0.0700,100.0030,-0.0654,-3.3852,2
-0.5297,0.1079,-9.1625,0.0060,-0.0340,-0.0110,48.0000,22.0301,-0.0500,100.0260,-0.0929,-3.5415,2
-0.6180,-0.0294,-9.6628,0.0000,0.0050,0.0000,47.0000,22.0553,0.1100,100.0130,-0.1506,-3.8740,2
-0.6475,-0.0098,-10.4869,-0.0030,0.0450,0.0030,47.0000,22.0304,0.0500,99.9890,-0.2243,-3.6138,2
-0.6278,0.0000,-10.0258,0.0030,0.0070,-0.0090,48.0000,22.0089,-0.1100,100.0030,-0.1531,-3.2693,2
-0.5003,-0.0196,-8.9369,-0.0040,-0.0400,0.0090,48.0000,21.9945,-0.0300,100.0250,-0.1660,-3.6162,2
-0.5395,-0.0392,-9.5844,0.0050,0.0050,-0.0050,48.0000,22.0098,0.1300,100.0050,-0.0799,-3.9828,2
-0.6475,-0.0196,-10.6438,0.0000,0.0410,0.0030,48.0000,22.0003,0.0200,99.9780,-0.0103,-3.5922,2
-0.5984,-0.0392,-10.0847,0.0050,0.0040,-0.0040,48.0000,21.9581,-0.1200,99.9940,0.0115,-3.2842,2
-0.5199,-0.0294,-9.1037,0.0070,-0.0270,-0.0050,48.0000,21.9618,-0.0400,100.0170,0.0091,-3.5545,2
-0.5395,-0.0196,-9.3685,0.0030,-0.0120,0.0000,48.0000,21.9710,0.1000,100.0070,0.0395,-3.8818,2
-0.6475,0.0098,-10.5163,0.0090,0.0350,0.0040,48.0000,21.9954,0.0600,99.9820,0.0291,-3.6564,2
-0.5690,0.0000,-9.9768,0.0060,-0.0010,-0.0010,48.0000,22.0093,-0.0800,99.9900,0.0972,-3.3633,2
-0.5494,-0.0392,-9.5255,-0.0020,-0.0080,-0.0020,48.0000,22.0217,-0.0200,100.0090,0.0768,-3.5749,2
-0.5592,-0.0098,-9.5451,0.0020,-0.0030,0.0030,48.0000,22.0154,0.0700,100.0040,-0.0070,-3.8634,2
-0.5886,0.0000,-10.3005,0.0130,0.0300,0.0060,48.0000,22.0046,0.0100,99.9940,0.0030,-3.6344,2
-0.6278,0.0687,-9.9375,0.0130,-0.0010,0.0000,48.0000,22.0107,-0.1100,100.0190,0.1841,-3.3838,2
-0.5886,0.0294,-9.2214,0.0020,-0.0280,0.0000,48.0000,21.9764,-0.0600,100.0490,0.1337,-3.5433,2
-0.5494,0.0294,-9.4372,-0.0040,-0.0080,0.0020,47.0000,22.0089,0.0900,100.0490,0.0428,-3.8828,2
-0.5788,0.0000,-9.9964,-0.0030,0.0090,0.0050,47.0000,21.9576,0.0700,100.0310,-0.0689,-3.7641,2
-0.5297,0.0687,-9.8689,-0.0020,-0.0010,0.0050,48.0000,21.9659,0.0000,100.0220,-0.0797,-3.5736,2
-0.5101,0.0000,-9.5255,-0.0070,-0.0120,-0.0040,48.0000,21.9468,0.0300,100.0210,-0.1677,-3.7360,2
-0.5886,0.0000,-9.6825,-0.0070,0.0070,-0.0030,48.0000,21.9805,0.1000,100.0030,-0.2674,-3.9235,2
-0.5886,0.0196,-10.4182,0.0070,0.0280,0.0000,48.0000,22.0005,0.0100,99.9840,-0.2392,-3.6182,2
-0.5199,-0.0687,-9.7904,-0.0020,-0.0100,0.0030,48.0000,21.9952,-0.1000,100.0020,-0.2474,-3.4163,2
-0.5494,0.0098,-9.0841,0.0150,-0.0310,0.0060,48.0000,21.9691,0.0000,100.0200,-0.2374,-3.7196,2
-0.5690,0.0000,-9.8198,0.0020,0.0070,0.0000,48.0000,21.9758,0.0900,100.0030,-0.1112,-3.8288,2
-0.5886,0.0196,-10.4084,0.0000,0.0270,-0.0070,48.0000,22.0173,-0.0100,99.9890,-0.0894,-3.4669,2
-0.5395,0.0589,-9.8198,-0.0020,-0.0030,0.0040,48.0000,22.0309,-0.0900,100.0070,-0.1371,-3.3581,2
-0.5199,0.0000,-9.2606,0.0080,-0.0180,-0.0030,48.0000,21.9919,-0.0100,100.0230,-0.0808,-3.6214,2
-0.6573,0.0000,-9.8885,-0.0010,0.0100,-0.0040,47.0000,21.9707,0.0500,100.0130,-0.1020,-3.7263,2
-0.5886,-0.0294,-9.9081,-0.0030,0.0030,-0.0010,48.0000,21.9880,0.0400,99.9980,-0.0590,-3.7587,2
-0.5690,0.0000,-9.9179,-0.0010,0.0100,0.0000,48.0000,22.0231,0.0200,99.9870,-0.0719,-3.7016,2
-0.5886,0.0000,-9.9866,0.0010,0.0080,0.0040,48.0000,22.0114,-0.0300,99.9880,-0.1166,-3.5455,2
-0.5101,-0.0490,-9.8689,0.0040,-0.0050,-0.0020,48.0000,22.0418,-0.0500,100.0020,-0.1658,-3.4736,2
-0.6082,0.0196,-9.4863,0.0040,-0.0130,-0.0030,48.0000,22.0349,0.0100,100.0060,-0.1394,-3.6711,2
-0.6376,-0.0098,-10.0945,-0.0020,0.0210,-0.0040,47.0000,22.0461,0.0500,99.9900,-0.1373,-3.6745,2
-0.5494,0.0294,-10.1141,0.0070,0.0130,-0.0040,48.0000,22.0501,0.0000,99.9830,-0.0833,-3.5312,2
-0.5690,0.0000,-9.6628,0.0030,-0.0030,0.0020,47.0000,22.0371,0.0000,99.9870,-0.0525,-3.6155,2
-0.6180,0.0000,-9.8590,0.0020,0.0150,-0.0030,48.0000,22.0277,0.0100,99.9810,-0.0071,-3.6674,2
-0.5690,-0.0294,-10.1141,-0.0020,0.0170,0.0050,48.0000,22.0229,-0.0600,99.9800,-0.1836,-3.4637,2
-0.5494,-0.0392,-9.5451,0.0150,-0.0110,0.0010,47.0000,21.9911,-0.0500,99.9930,-0.0953,-3.5288,2
-0.5788,0.0000,-9.4372,0.0070,-0.0080,0.0000,48.0000,21.9926,0.0500,99.9880,-0.0280,-3.7778,2
-0.6475,-0.0392,-10.1337,0.0080,0.0220,0.0050,48.0000,22.0069,0.0400,99.9670,0.0335,-3.6521,2
-0.5788,-0.0294,-10.1337,0.0000,0.0110,0.0030,48.0000,21.9751,-0.0700,99.9670,-0.0332,-3.3608,2
-0.4709,-0.0098,-9.1822,0.0070,-0.0290,0.0010,48.0000,21.9803,-0.0100,99.9770,-0.0959,-3.5949,2
-0.5395,0.0000,-9.6334,0.0040,-0.0010,0.0000,48.0000,21.9993,0.0800,99.9640,0.0253,-3.7926,2
-0.5199,-0.0294,-10.6831,0.0080,0.0390,-0.0020,48.0000,22.0303,-0.0300,99.9520,0.0675,-3.4193,2
-0.5297,0.0589,-9.2214,0.0050,-0.0300,0.0030,48.0000,22.0411,-0.0900,99.9850,0.1155,-3.4775,2
-0.6376,-0.0589,-9.6727,-0.0030,0.0080,-0.0030,47.0000,22.0438,0.0100,99.9960,0.1182,-3.7050,2
-0.6376,-0.0196,-10.2220,0.0010,0.0180,0.0090,47.0000,22.0274,-0.0200,99.9960,0.0586,-3.5096,2
-0.6475,-0.0196,-9.7315,0.0080,-0.0080,-0.0020,48.0000,22.0282,-0.0700,100.0110,0.1093,-3.4242,2
-0.5494,0.0196,-9.1331,0.0060,-0.0280,-0.0010,47.0000,21.9578,0.0400,100.0130,0.1757,-3.7766,2
-0.6278,0.0000,-9.8885,-0.0040,0.0070,-0.0090,48.0000,21.9654,0.0900,99.9880,0.0979,-3.7910,2
-0.5395,-0.0490,-10.1043,0.0000,0.0180,0.0150,48.0000,21.9780,0.0000,99.9690,0.0048,-3.5532,2
-0.5297,0.0000,-9.8492,-0.0020,-0.0040,0.0020,48.0000,21.9823,-0.0400,99.9710,-0.0642,-3.5065,2
-0.5395,-0.0098,-9.6727,0.0040,-0.0100,0.0000,48.0000,22.0307,-0.0100,99.9780,-0.0308,-3.6031,2
-0.5494,-0.0098,-9.9866,0.0000,0.0160,0.0010,48.0000,22.0237,0.0000,99.9770,-0.0305,-3.6096,2
-0.5592,-0.0490,-9.8983,-0.0080,0.0030,0.0100,48.0000,22.0368,-0.0300,99.9770,-0.0120,-3.5064,2
-0.5003,0.0785,-9.7609,0.0040,-0.0060,0.0090,48.0000,22.0121,-0.0400,99.9820,0.0468,-3.4938,2
-0.5690,-0.0294,-9.6825,-0.0100,-0.0080,0.0000,48.0000,22.0061,0.0000,99.9870,-0.0360,-3.5749,2
-0.5886,0.0687,-9.9081,-0.0080,0.0020,-0.0030,48.0000,22.0105,-0.0100,99.9860,-0.1570,-3.5090,2
-0.5592,0.0589,-9.4961,0.0050,-0.0090,0.0000,48.0000,21.9966,0.0100,99.9870,-0.1940,-3.6454,2
-0.5788,-0.0490,-9.9081,0.0120,0.0100,-0.0030,48.0000,21.9687,0.0200,99.9790,-0.1637,-3.6444,2
-0.5886,0.0294,-10.0062,0.0020,0.0100,0.0000,48.0000,21.9603,0.0000,99.9840,-0.0777,-3.5970,2
-0.5788,0.0098,-9.8689,0.0050,0.0080,-0.0020,48.0000,21.9736,-0.0400,99.9980,0.0084,-3.5097,2
-0.5395,0.0589,-9.4372,0.0060,-0.0040,0.0030,48.0000,22.0108,0.0000,100.0140,-0.0080,-3.6251,2
-0.5592,0.0098,-9.8983,-0.0070,0.0090,0.0100,48.0000,22.0259,0.0100,100.0150,-0.0864,-3.5954,2
-0.5494,0.0000,-9.6334,-0.0200,-0.0050,-0.0060,48.0000,22.0377,-0.0200,100.0190,-0.2563,-3.5270,2
-0.6180,-0.0392,-9.5648,0.0040,-0.0070,0.0080,48.0000,22.0267,0.0300,100.0150,-0.3321,-3.6782,2
-0.6671,0.0098,-9.8689,0.0080,0.0020,0.0020,47.0000,22.0156,0.0400,100.0050,-0.2404,-3.6468,2
-0.6082,0.0294,-10.1239,0.0090,0.0210,0.0010,47.0000,22.0364,0.0000,100.0040,-0.2147,-3.5306,2
-0.5690,0.0000,-9.6432,-0.0060,-0.0040,0.0030,47.0000,21.9810,-0.0100,100.0100,-0.2145,-3.5739,2
-0.5886,0.0000,-9.6432,0.0010,-0.0030,-0.0030,48.0000,21.9764,0.0000,100.0110,-0.2364,-3.6421,2
-0.5788,-0.0196,-9.7806,0.0020,0.0010,0.0070,48.0000,21.9803,0.0000,100.0100,-0.2496,-3.5971,2
-0.5199,0.0392,-9.6236,0.0100,-0.0050,-0.0070,48.0000,22.0022,0.0100,100.0100,-0.1708,-3.6386,2
-0.5690,0.0196,-9.6825,0.0040,-0.0020,0.0010,48.0000,22.0193,0.0300,100.0040,-0.0650,-3.6811,2
-0.5984,-0.0098,-9.8787,-0.0010,0.0060,0.0100,48.0000,22.0383,0.0200,99.9960,-0.0796,-3.6074,2
-0.6278,0.6376,-9.8492,-0.2150,0.0010,-0.0430,48.0000,21.9874,0.0000,99.9940,-0.6185,-3.5611,2
-0.6180,-0.8829,-10.3005,-1.4500,-0.0150,-0.1390,48.0000,21.9673,0.0000,99.9990,-14.0130,-3.9438,2
-0.2943,-0.5395,-11.0068,-1.6160,0.0940,-0.0960,52.0000,22.0278,0.1800,99.9860,-37.5336,-4.3598,3
0.5297,0.1079,-14.9112,-1.3730,0.4270,-0.1610,67.0000,22.0448,0.5800,99.8990,-58.5813,-3.6591,3
2.1484,1.5500,-27.7623,-0.1790,1.1150,-0.1550,76.0000,22.4428,0.7800,99.7000,-69.0400,-0.8976,3
1.9718,2.1288,-41.0843,0.8180,1.4880,-0.1530,84.0000,22.7990,-0.5800,99.6500,-65.3948,3.8729,3
1.8050,3.5120,-30.2344,1.6750,0.6370,-0.1610,67.0000,23.2989,-4.1300,100.2780,-46.3638,11.0643,3
0.3041,3.2765,-3.4924,1.6970,-0.4900,-0.1830,43.0000,23.4765,-5.1200,101.5210,-23.4815,9.0263,2
-1.8443,2.3152,8.7799,1.6380,-0.8390,-0.1230,17.0000,23.2184,-1.3200,102.4320,1.3001,-2.9667,2
-5.3955,1.3440,-1.0791,1.1730,-0.2260,-0.0730,0.0000,22.7672,2.0900,102.2540,21.8045,-10.3056,1
-5.9350,-0.8633,-12.2429,0.1060,0.2220,0.0340,11.0000,21.7466,2.5100,101.5590,30.1834,-8.8601,1
-3.6886,-1.6677,-9.0546,-0.1920,-0.0340,0.1670,26.0000,21.0928,2.2200,100.9950,28.2064,-8.3609,1
-2.2072,-1.2949,-6.9455,0.0950,-0.0370,0.2060,29.0000,20.3731,2.8700,100.3360,27.0080,-10.8565,1
-1.8247,-0.8829,-13.2141,0.3340,0.3000,0.1780,35.0000,20.1414,2.9300,99.6100,29.7284,-10.3320,1
-1.1085,-1.0300,-16.8830,0.3630,0.4080,0.1710,40.0000,19.9932,1.8300,98.9860,34.3406,-6.6841,1
-0.2452,-1.2361,-13.4593,0.2940,0.2250,0.1970,47.0000,20.0168,1.0600,98.6620,38.3829,-4.7556,1
0.3532,-1.3342,-10.2613,0.2360,0.1370,0.2170,49.0000,20.1976,1.1700,98.3940,42.0695,-5.1108,1
0.4513,-1.5205,-12.8217,0.2160,0.3070,0.2310,53.0000,20.3849,1.3500,98.0850,44.7740,-5.0652,1
0.5592,-1.6873,-16.5691,0.2220,0.4570,0.2230,55.0000,20.8030,0.9000,97.7910,47.6132,-3.4033,1
0.7259,-1.7167,-16.6770,0.2120,0.4370,0.2390,59.0000,21.1022,0.3000,97.6640,50.2227,-1.8150,3
0.9908,-1.7266,-15.4507,0.1570,0.4050,0.2410,61.0000,21.5139,-0.0200,97.6510,52.8493,-0.9391,3
1.0202,-1.9326,-15.9118,0.0990,0.4500,0.2400,63.0000,21.8021,-0.2100,97.6870,54.5084,-0.2417,3
0.9418,-1.9228,-17.2067,0.0930,0.4740,0.2610,63.0000,22.2865,-0.5700,97.7970,55.9338,0.7637,3
0.7161,-1.9031,-17.0988,0.0600,0.4700,0.2590,63.0000,22.5758,-0.8700,97.9830,57.0288,1.5222,3
0.5395,-2.2367,-15.7941,0.0030,0.4180,0.2410,62.0000,22.9341,-1.0300,98.2460,57.6730,2.0183,3
0.2452,-2.1288,-14.8229,-0.0210,0.3830,0.2490,59.0000,23.0990,-1.0800,98.5090,57.7590,2.0036,3
-0.1570,-2.0307,-14.4796,-0.0210,0.3670,0.2450,57.0000,23.2656,-1.0100,98.7830,57.5916,1.7834,3
-0.4807,-2.0797,-14.4305,-0.0270,0.3630,0.2430,54.0000,23.3425,-0.9200,99.0130,57.4329,1.6505,3
-0.6867,-2.2563,-13.1748,-0.0510,0.3090,0.2500,53.0000,23.3108,-0.7700,99.2250,56.9454,1.2834,3
-0.8927,-2.1190,-12.9786,-0.0400,0.3090,0.2540,50.0000,23.2341,-0.5300,99.3720,56.3682,0.6759,3
-1.0693,-2.1288,-13.3710,-0.0530,0.3280,0.2520,49.0000,23.1761,-0.3400,99.4830,55.6668,0.2369,3
-1.1870,-2.1091,-13.2043,-0.0430,0.3060,0.2490,47.0000,23.0391,-0.2000,99.5500,55.0628,-0.0704,3
-1.3243,-2.1680,-12.8707,-0.0750,0.2880,0.2480,46.0000,22.9005,-0.0600,99.5800,54.0056,-0.3640,3
-1.3636,-2.0012,-12.4195,-0.0820,0.2670,0.2480,45.0000,22.7866,0.0700,99.5720,52.7613,-0.8599,3
-1.5009,-2.0895,-12.3900,-0.0870,0.2650,0.2350,44.0000,22.5876,0.2400,99.5160,51.4575,-1.2488,3
-1.4323,-1.9718,-12.0957,-0.0950,0.2390,0.2380,43.0000,22.4320,0.3700,99.4180,50.1144,-1.6320,3
-1.4126,-1.9914,-11.7426,-0.0930,0.2290,0.2360,43.0000,22.2357,0.5400,99.2710,48.6155,-2.1280,3
-1.3734,-1.9424,-12.2134,-0.0780,0.2420,0.2300,43.0000,22.1487,0.6300,99.1050,47.2245,-2.4153,3
-1.3342,-1.9031,-12.2331,-0.0890,0.2310,0.2240,43.0000,21.9651,0.6300,98.9290,45.7923,-2.4318,3
-1.2164,-1.8737,-11.6641,-0.1130,0.1990,0.2230,43.0000,21.8833,0.6100,98.7760,44.1514,-2.5167,3
-1.1870,-1.7462,-11.8210,-0.1020,0.1930,0.2240,43.0000,21.7497,0.5900,98.6090,42.2877,-2.6295,3
-1.0497,-1.7069,-11.7033,-0.0970,0.1810,0.2080,43.0000,21.6820,0.5700,98.4640,40.8299,-2.6821,3
-0.9908,-1.7069,-10.9970,-0.0980,0.1480,0.1990,44.0000,21.6575,0.5700,98.3020,39.1616,-2.8105,3
-0.8829,-1.6579,-11.1245,-0.0810,0.1450,0.2020,44.0000,21.6244,0.6000,98.1350,37.7267,-2.9840,3
-0.8437,-1.5107,-11.5464,-0.0700,0.1640,0.1960,45.0000,21.5805,0.5800,97.9550,36.3246,-3.0078,3
-0.7750,-1.4813,-11.4777,-0.0590,0.1510,0.1810,46.0000,21.5822,0.4600,97.8150,35.2827,-2.7686,3
-0.6573,-1.4715,-11.1343,-0.0730,0.1260,0.1800,46.0000,21.5570,0.3300,97.7060,34.0444,-2.5680,3
-0.5690,-1.4519,-10.8008,-0.0480,0.1110,0.1790,46.0000,21.5449,0.2800,97.6330,33.0469,-2.5779,3
-0.5984,-1.4126,-11.1736,-0.0380,0.1280,0.1800,47.0000,21.5692,0.2500,97.5630,32.0967,-2.5243,3
-0.5101,-1.3538,-11.1834,-0.0320,0.1280,0.1660,47.0000,21.6023,0.1500,97.5170,31.5014,-2.3406,3
-0.4513,-1.2557,-10.7223,-0.0070,0.0990,0.1660,48.0000,21.6357,0.0600,97.4900,31.0401,-2.2561,3
-0.4316,-1.3734,-10.8400,-0.0400,0.1020,0.1650,48.0000,21.6689,0.0500,97.4700,30.5714,-2.2183,3
-0.4611,-1.2851,-11.1049,-0.0030,0.1200,0.1520,48.0000,21.7046,0.0000,97.4550,30.2204,-2.0998,3
-0.4022,-1.1968,-11.0559,0.0090,0.1130,0.1630,49.0000,21.7563,-0.0800,97.4530,30.2205,-1.9891,3
-0.4513,-1.1870,-11.0264,0.0200,0.1080,0.1580,49.0000,21.8172,-0.1600,97.4790,30.3930,-1.7990,3
-0.4611,-1.3145,-11.1442,0.0000,0.1220,0.1530,49.0000,21.8445,-0.2200,97.5280,30.4534,-1.5911,3
-0.3728,-1.2753,-10.6242,0.0100,0.0960,0.1650,49.0000,21.8868,-0.3000,97.6070,30.4064,-1.4965,3
-0.3433,-1.2655,-10.4869,0.0230,0.0830,0.1690,49.0000,21.9109,-0.2900,97.6810,30.5032,-1.5370,3
-0.3826,-1.2557,-10.8989,0.0480,0.1140,0.1650,49.0000,21.8852,-0.2500,97.7520,30.9268,-1.5919,3
-0.3826,-1.1870,-10.7910,0.0300,0.1010,0.1640,49.0000,21.9176,-0.2800,97.8140,31.2675,-1.5175,3
-0.3335,-1.4028,-10.6537,0.0180,0.1090,0.1620,49.0000,21.9421,-0.2500,97.8730,31.5583,-1.5893,3
-0.4022,-1.2949,-11.2128,0.0310,0.1280,0.1620,50.0000,21.9750,-0.3000,97.9270,31.8659,-1.4277,3
-0.4120,-1.2949,-11.1736,0.0530,0.1220,0.1610,49.0000,22.0364,-0.3900,98.0140,32.5009,-1.1796,3
-0.3826,-1.3047,-10.6929,0.0360,0.1020,0.1740,49.0000,22.0383,-0.4000,98.1120,32.8812,-1.1570,3
-0.4022,-1.4323,-10.6733,0.0290,0.1040,0.1730,49.0000,22.0312,-0.3500,98.2120,33.1810,-1.2403,3
-0.4513,-1.3243,-10.9185,0.0460,0.1190,0.1810,49.0000,22.0184,-0.3300,98.2910,33.6546,-1.2674,3
-0.3728,-1.3734,-10.8008,0.0310,0.1170,0.1690,50.0000,22.0370,-0.2900,98.3710,34.0603,-1.3039,3
-0.4316,-1.4028,-11.1343,0.0280,0.1290,0.1700,49.0000,22.0633,-0.3200,98.4440,34.4249,-1.1788,3
-0.4316,-1.3832,-10.8793,0.0320,0.1310,0.1760,50.0000,22.0632,-0.3200,98.5250,34.8998,-1.1727,3
-0.3826,-1.3243,-11.0657,0.0270,0.1260,0.1820,50.0000,22.0280,-0.3300,98.5930,35.2109,-1.1533,3
-0.4414,-1.3832,-11.0755,0.0300,0.1370,0.1920,50.0000,22.0326,-0.3100,98.6710,35.5707,-1.1694,3
-0.4316,-1.4421,-11.1638,0.0270,0.1370,0.1700,50.0000,22.0605,-0.3200,98.7500,35.8997,-1.0946,3
-0.3532,-1.3832,-10.8891,0.0340,0.1290,0.1800,50.0000,22.0863,-0.2900,98.8330,36.2359,-1.1636,3
-0.4807,-1.5009,-11.1049,0.0230,0.1380,0.1820,49.0000,22.1376,-0.2700,98.9060,36.5970,-1.1347,3
-0.4807,-1.4813,-11.1932,0.0130,0.1510,0.1810,49.0000,22.1451,-0.2700,98.9820,36.7319,-1.1210,3
-0.5690,-1.4813,-11.2619,0.0320,0.1480,0.1840,49.0000,22.1415,-0.3000,99.0560,36.9800,-1.0296,3
-0.5886,-1.4911,-10.7812,0.0080,0.1240,0.1920,49.0000,22.1368,-0.2800,99.1320,37.2055,-1.0702,3
-0.5395,-1.4519,-10.8695,0.0050,0.1360,0.1940,49.0000,22.0833,-0.1700,99.1800,37.3053,-1.3417,3
-0.5494,-1.4813,-11.5954,0.0330,0.1730,0.1840,49.0000,22.0770,-0.1600,99.2150,37.5517,-1.3123,3
-0.5003,-1.5304,-11.6837,0.0350,0.1690,0.1790,49.0000,22.0690,-0.2500,99.2650,37.8970,-1.0070,3
-0.4709,-1.5500,-10.7518,0.0050,0.1260,0.1870,49.0000,22.0924,-0.2500,99.3410,38.0230,-1.0584,3
-0.4905,-1.6186,-10.6046,0.0050,0.1280,0.2050,49.0000,22.1053,-0.1400,99.3950,37.9997,-1.3325,3
-0.4905,-1.4911,-11.0951,0.0130,0.1520,0.2070,48.0000,22.0837,-0.0700,99.4270,38.1526,-1.4723,3
-0.6376,-1.5402,-11.7131,0.0300,0.1700,0.1870,49.0000,22.0768,-0.1100,99.4530,38.3663,-1.3056,3
-0.5886,-1.4813,-11.3011,0.0120,0.1510,0.2050,49.0000,22.0481,-0.1600,99.4930,38.6743,-1.1754,3
-0.5101,-1.5304,-10.8204,-0.0060,0.1330,0.1980,49.0000,22.0741,-0.0900,99.5240,38.6033,-1.3835,3
-0.5297,-1.5990,-11.4385,0.0100,0.1650,0.1870,49.0000,22.0540,-0.0400,99.5270,38.4588,-1.4541,3
-0.5690,-1.5598,-11.6445,0.0170,0.1710,0.1990,49.0000,22.0652,-0.1200,99.5410,38.5840,-1.2384,3
-0.5984,-1.5107,-11.2128,0.0110,0.1420,0.1840,49.0000,22.0623,-0.1600,99.5830,38.8235,-1.1450,3
-0.5395,-1.5500,-10.6635,0.0030,0.1360,0.1980,49.0000,22.0849,-0.0600,99.6210,38.6890,-1.4034,3
-0.5984,-1.6579,-11.7033,0.0000,0.1750,0.1930,48.0000,22.0512,-0.0700,99.6450,38.6009,-1.2672,3
-0.6278,-1.6186,-11.3992,0.0010,0.1500,0.1980,48.0000,22.0331,-0.1600,99.6850,38.6422,-1.1035,3
-0.4709,-1.5892,-10.6438,-0.0010,0.1250,0.1990,48.0000,22.0221,-0.0700,99.7220,38.5343,-1.3839,3
-0.5592,-1.4323,-11.1834,0.0120,0.1600,0.2020,48.0000,22.0497,0.0100,99.7240,38.5321,-1.5925,3
-0.6082,-1.5205,-11.7720,0.0210,0.1800,0.1890,48.0000,22.0368,0.0000,99.7210,38.7056,-1.4331,3
-0.5690,-1.5500,-11.3109,-0.0050,0.1540,0.1950,48.0000,22.0281,-0.0400,99.7320,38.7519,-1.3644,3
-0.6082,-1.5696,-11.2913,0.0030,0.1540,0.2000,48.0000,22.0487,-0.0400,99.7510,38.6204,-1.4004,3
-0.5690,-1.5500,-11.2815,0.0000,0.1590,0.1890,48.0000,22.0578,-0.0200,99.7710,38.6134,-1.4365,3
-0.6278,-1.5107,-11.2325,-0.0010,0.1550,0.1990,48.0000,22.0687,-0.0200,99.7890,38.4758,-1.4638,3
-0.5788,-1.5205,-11.0951,0.0080,0.1490,0.2090,48.0000,22.0458,-0.0200,99.8030,38.3949,-1.4849,3
-0.6082,-1.5500,-11.0461,0.0180,0.1450,0.1890,48.0000,22.0103,0.0100,99.8130,38.3613,-1.5626,3
-0.6278,-1.5598,-11.4286,0.0000,0.1620,0.1830,48.0000,21.9821,0.0200,99.8090,38.3905,-1.5428,3
-0.5788,-1.4813,-11.3502,0.0060,0.1530,0.1970,48.0000,21.9751,0.0000,99.8090,38.4327,-1.5132,3
-0.6180,-1.5794,-11.1442,0.0020,0.1450,0.1970,48.0000,22.0013,0.0300,99.8020,38.2427,-1.6201,3
-0.5984,-1.5402,-11.4483,0.0230,0.1640,0.2070,48.0000,21.9801,0.0200,99.7890,38.3519,-1.5628,3
-0.5199,-1.5892,-11.4188,0.0050,0.1570,0.1880,48.0000,22.0208,0.0000,99.7910,38.4049,-1.4664,3
-0.6082,-1.5794,-11.4090,0.0000,0.1570,0.1980,48.0000,22.0227,-0.0300,99.8030,38.3162,-1.3656,3
-0.5592,-1.5205,-11.2717,0.0000,0.1540,0.2010,48.0000,21.9864,-0.0300,99.8200,38.1809,-1.4457,3
-0.5494,-1.5402,-11.3404,0.0040,0.1570,0.1890,48.0000,22.0325,-0.0100,99.8350,38.1902,-1.4639,3
-0.6180,-1.5009,-11.0166,0.0100,0.1450,0.1970,48.0000,22.0096,0.0200,99.8430,38.1888,-1.6126,3
-0.5984,-1.5107,-11.2226,-0.0020,0.1580,0.2000,48.0000,22.0292,0.0700,99.8290,38.0827,-1.7327,3
-0.6180,-1.5402,-11.8701,0.0140,0.1800,0.1970,48.0000,22.0490,0.0100,99.8110,38.1661,-1.5378,3
-0.5788,-1.4715,-11.4875,-0.0010,0.1610,0.2040,48.0000,22.0291,-0.0400,99.8130,38.1093,-1.4243,3
-0.5788,-1.5598,-11.0853,-0.0040,0.1450,0.1760,48.0000,21.9814,-0.0400,99.8310,38.0183,-1.4024,3
-0.5690,-1.4715,-10.8400,0.0070,0.1370,0.2060,48.0000,22.0253,-0.0100,99.8530,37.8546,-1.5571,3
-0.6180,-1.4911,-11.0068,0.0090,0.1490,0.1970,48.0000,21.9936,0.0300,99.8630,37.8586,-1.6663,3
-0.5886,-1.5304,-11.2913,0.0160,0.1530,0.1830,48.0000,22.0091,0.0200,99.8660,37.8221,-1.6187,3
-0.6278,-1.4519,-11.3698,0.0100,0.1560,0.1930,48.0000,21.9901,0.0000,99.8660,37.8923,-1.5641,3
-0.5494,-1.6186,-11.2128,0.0000,0.1510,0.1950,48.0000,21.9802,-0.0100,99.8600,37.8403,-1.5083,3
-0.5592,-1.6088,-11.2226,0.0040,0.1560,0.1810,48.0000,22.0101,-0.0100,99.8570,37.7669,-1.5365,3
-0.5395,-1.4911,-11.1343,0.0210,0.1430,0.1930,48.0000,21.9989,0.0000,99.8580,37.9647,-1.5797,3
-0.5494,-1.5205,-11.2717,-0.0020,0.1570,0.1910,48.0000,21.9735,0.0200,99.8610,38.0032,-1.5947,3
-0.5788,-1.5107,-11.2226,0.0070,0.1420,0.1840,48.0000,21.9693,0.0000,99.8690,37.9064,-1.5603,3
-0.5690,-1.5009,-11.3404,0.0070,0.1510,0.1830,48.0000,21.9504,-0.0300,99.8840,37.9119,-1.4661,3
-0.5494,-1.4617,-11.0362,0.0000,0.1340,0.1950,48.0000,21.9873,-0.0300,99.9050,37.8886,-1.5343,3
-0.5690,-1.5205,-10.8695,0.0000,0.1390,0.1930,48.0000,22.0060,0.0500,99.9100,37.8294,-1.7583,3
-0.6278,-1.5500,-11.7916,0.0000,0.1650,0.1910,48.0000,22.0148,0.0000,99.8950,37.7484,-1.5428,3
-0.5494,-1.5696,-11.5169,0.0110,0.1550,0.1870,48.0000,22.0248,-0.0600,99.9020,37.8111,-1.4138,3
-0.5199,-1.5009,-10.9970,0.0040,0.1380,0.1900,48.0000,21.9986,-0.0300,99.9200,37.8636,-1.5331,3
-0.6082,-1.5205,-10.8597,0.0140,0.1310,0.1920,48.0000,21.9525,0.0100,99.9310,37.7790,-1.6842,3
-0.5592,-1.5598,-11.3992,0.0200,0.1550,0.1900,48.0000,21.9376,0.0400,99.9320,37.8226,-1.6869,3
-0.5494,-1.5009,-11.3404,0.0160,0.1500,0.1850,48.0000,21.9614,0.0000,99.9340,38.0556,-1.5954,3
-0.5690,-1.6186,-11.0362,-0.0110,0.1400,0.1810,48.0000,21.9839,0.0000,99.9460,37.9991,-1.5649,3
-0.5592,-1.5598,-11.2913,0.0050,0.1580,0.2020,48.0000,22.0148,0.0000,99.9550,37.7370,-1.5885,3
-0.5984,-1.5009,-11.2619,0.0170,0.1500,0.1840,48.0000,21.9833,0.0000,99.9620,37.8865,-1.6080,3
-0.6180,-1.5500,-11.4385,0.0050,0.1620,0.1920,48.0000,22.0048,-0.0100,99.9650,37.9024,-1.5484,3
-0.5984,-1.5009,-11.1638,0.0050,0.1510,0.1870,48.0000,21.9700,0.0000,99.9650,37.9069,-1.6607,3
-0.5592,-1.5205,-11.1540,0.0200,0.1420,0.1970,48.0000,21.9830,0.0200,99.9600,37.9597,-1.7227,3
-0.5494,-1.5304,-11.5562,0.0030,0.1650,0.1850,48.0000,21.9702,0.0200,99.9630,38.0194,-1.6557,3
-0.6278,-1.5696,-11.6445,0.0090,0.1630,0.1930,48.0000,22.0029,-0.0600,99.9760,37.9470,-1.4065,3
-0.5003,-1.5598,-10.2907,0.0060,0.1110,0.1850,48.0000,22.0116,-0.0300,100.0020,37.8777,-1.5792,3
-0.6376,-1.5500,-10.5850,0.0050,0.1290,0.1900,48.0000,22.0042,0.0800,100.0000,37.8056,-1.9010,3
-0.6965,-1.5598,-11.7131,0.0310,0.1790,0.1910,48.0000,22.0078,0.0700,99.9710,37.9048,-1.7435,3
-0.5886,-1.5500,-11.3992,0.0150,0.1530,0.1940,48.0000,22.0241,0.0000,99.9610,38.0165,-1.5731,3
-0.5494,-1.5892,-11.0559,-0.0020,0.1510,0.1890,48.0000,22.0010,0.0300,99.9540,38.0648,-1.6997,3
-0.6278,-1.5009,-11.2325,0.0080,0.1490,0.2020,48.0000,21.9889,0.0200,99.9430,37.9791,-1.7190,3
-0.6082,-1.4617,-11.3305,0.0220,0.1540,0.2070,48.0000,21.9531,0.0000,99.9480,37.9719,-1.6915,3
-0.6376,-1.5205,-11.4581,0.0080,0.1590,0.1820,48.0000,21.9605,0.0000,99.9580,38.0767,-1.5864,3
-0.5984,-1.6186,-11.3011,-0.0170,0.1480,0.2000,48.0000,21.9605,-0.0500,99.9760,37.8198,-1.5153,3
-0.5788,-1.5107,-10.9283,0.0050,0.1370,0.1850,48.0000,21.9871,-0.0200,99.9930,37.7764,-1.6476,3
-0.6082,-1.5598,-11.1540,0.0070,0.1490,0.1850,48.0000,22.0055,0.0000,100.0000,37.7114,-1.6445,3
-0.5984,-1.4911,-11.2717,0.0100,0.1540,0.2040,48.0000,22.0170,0.0100,99.9930,37.7507,-1.7112,3
-0.5494,-1.5009,-11.3305,0.0110,0.1550,0.1920,48.0000,21.9955,0.0100,99.9750,37.8436,-1.7085,3
-0.6082,-1.5205,-11.5071,0.0050,0.1610,0.1820,48.0000,21.9922,0.0000,99.9640,37.9036,-1.6234,3
-0.5886,-1.5990,-11.3600,0.0110,0.1580,0.2000,48.0000,21.9979,-0.0200,99.9660,37.8922,-1.5714,3
-0.5886,-1.4715,-11.3207,0.0040,0.1520,0.1930,48.0000,21.9514,-0.0200,99.9760,37.9729,-1.5921,3
-0.5592,-1.5500,-11.3404,0.0130,0.1490,0.1950,48.0000,21.9431,-0.0100,99.9840,37.9029,-1.5915,3
-0.5592,-1.5794,-11.2325,0.0040,0.1490,0.1970,48.0000,21.9706,-0.0200,99.9930,37.8986,-1.5739,3
-0.5690,-1.4421,-11.2717,0.0160,0.1560,0.1850,48.0000,21.9670,0.0000,99.9990,37.9067,-1.6898,3
-0.5395,-1.5402,-11.0559,0.0060,0.1400,0.2030,48.0000,22.0097,0.0000,100.0010,37.8787,-1.6326,3
-0.5886,-1.4911,-11.1834,0.0000,0.1540,0.1920,48.0000,21.9898,0.0300,99.9940,37.8544,-1.7644,3
-0.6082,-1.5304,-11.4875,0.0170,0.1660,0.1940,48.0000,21.9926,0.0200,99.9780,37.9065,-1.6873,3
-0.5592,-1.4421,-11.1540,0.0190,0.1500,0.2000,48.0000,22.0038,0.0000,99.9710,38.0287,-1.6733,3
-0.5984,-1.5990,-11.3404,-0.0040,0.1630,0.1890,48.0000,21.9830,0.0000,99.9750,37.9881,-1.5913,3
-0.6180,-1.5500,-11.1540,0.0000,0.1440,0.2020,48.0000,21.9652,-0.0100,99.9910,37.8802,-1.6233,3
-0.5494,-1.5009,-11.2717,0.0040,0.1510,0.1950,48.0000,22.0148,0.0000,100.0040,37.8817,-1.6684,3
-0.6475,-1.5598,-11.2521,0.0080,0.1510,0.1890,48.0000,21.9772,0.0000,100.0140,37.8452,-1.6125,3
-0.6082,-1.5794,-11.1049,-0.0020,0.1420,0.1930,48.0000,21.9846,0.0000,100.0220,37.7294,-1.6185,3
-0.5788,-1.5205,-11.0362,0.0110,0.1450,0.1900,48.0000,21.9752,0.0400,100.0150,37.6382,-1.8107,3
-0.6376,-1.5402,-11.1638,0.0190,0.1590,0.1990,48.0000,21.9888,0.0600,99.9950,37.8125,-1.8212,3
-0.5886,-1.4911,-11.2030,0.0170,0.1470,0.2000,48.0000,22.0180,0.0400,99.9790,37.9397,-1.7893,3
-0.6278,-1.4715,-11.7033,0.0120,0.1700,0.1940,48.0000,21.9860,0.0100,99.9700,38.0437,-1.6687,3
-0.5984,-1.5304,-11.5660,-0.0020,0.1580,0.1840,48.0000,21.9628,-0.0500,99.9800,38.0328,-1.4642,3
-0.5003,-1.5598,-10.8302,-0.0110,0.1210,0.1790,48.0000,21.9799,-0.0500,100.0020,37.8938,-1.5301,3
-0.6180,-1.5794,-10.8989,0.0000,0.1430,0.1990,48.0000,21.9742,0.0400,100.0080,37.6375,-1.8193,3
-0.5494,-1.5205,-11.2717,0.0180,0.1530,0.1860,48.0000,22.0253,0.0600,100.0000,37.6426,-1.8385,3
-0.6769,-1.4715,-11.5562,0.0310,0.1680,0.1900,48.0000,22.0079,0.0200,99.9840,37.8895,-1.7307,3
-0.5984,-1.5107,-11.3207,0.0140,0.1550,0.1890,48.0000,22.0440,0.0000,99.9740,38.0861,-1.6613,3
-0.5690,-1.5205,-11.1049,0.0000,0.1410,0.1930,48.0000,22.0600,0.0000,99.9680,37.9981,-1.6666,3
-0.7063,-1.6383,-11.6150,0.0120,0.1670,0.1880,48.0000,21.9995,-0.0200,99.9650,37.9632,-1.5461,3
-0.5788,-1.5990,-11.3109,0.0080,0.1400,0.1900,48.0000,21.9845,-0.0800,99.9760,37.9380,-1.4618,3
-0.5297,-1.5205,-10.7714,0.0080,0.1250,0.1980,48.0000,22.0191,-0.0200,99.9930,37.9098,-1.6401,3
-0.5494,-1.4519,-10.9578,0.0130,0.1520,0.1910,48.0000,22.0381,0.0500,99.9930,37.9576,-1.8521,3
-0.6475,-1.4813,-11.6837,0.0120,0.1780,0.1900,48.0000,22.0281,0.0100,99.9860,38.0089,-1.6431,3
-0.5886,-1.5402,-11.5464,-0.0100,0.1620,0.1960,48.0000,21.9945,-0.0500,99.9930,37.9144,-1.4584,3
-0.5494,-1.5304,-10.8302,0.0030,0.1320,0.1820,48.0000,21.9672,0.0000,100.0020,37.8323,-1.6523,3
-0.5494,-1.5598,-11.1343,0.0070,0.1440,0.1990,48.0000,21.9909,0.0300,99.9930,37.7515,-1.7268,3
-0.6376,-1.4028,-11.4581,0.0250,0.1570,0.1940,48.0000,21.9713,0.0300,99.9820,37.8852,-1.7264,3
-0.4513,-1.4715,-11.2913,0.0310,0.1580,0.1940,48.0000,21.9829,0.0200,99.9810,38.2340,-1.6922,3
-0.5395,-1.5794,-11.3011,-0.0170,0.1630,0.1860,49.0000,22.0177,0.0100,99.9770,38.1523,-1.6023,3
-0.6475,-1.5696,-11.3894,0.0000,0.1520,0.1920,48.0000,22.0168,-0.0300,99.9840,37.8650,-1.4907,3
-0.6573,-1.5205,-11.0362,0.0100,0.1460,0.1880,48.0000,21.9880,-0.0200,100.0010,37.8477,-1.6002,3
-0.5886,-1.4911,-11.2226,0.0110,0.1490,0.1870,48.0000,21.9845,0.0000,100.0060,37.8313,-1.6291,3
-0.5886,-1.4911,-10.8400,0.0050,0.1290,0.1830,48.0000,21.9900,0.0300,100.0040,37.9062,-1.7388,3
-0.5886,-1.5696,-11.4483,0.0090,0.1650,0.1970,48.0000,21.9985,0.0600,99.9870,37.9452,-1.7170,3
-0.6376,-1.5107,-11.4679,0.0100,0.1600,0.1970,48.0000,21.9967,0.0000,99.9780,38.0039,-1.6123,3
-0.5690,-1.5107,-11.3698,0.0000,0.1620,0.1900,48.0000,21.9800,-0.0200,99.9840,38.0590,-1.5343,3
-0.5395,-1.5598,-11.0559,0.0050,0.1340,0.1900,48.0000,21.9842,-0.0300,99.9960,37.9626,-1.5305,3
-0.5494,-1.5107,-10.9970,0.0000,0.1400,0.1910,48.0000,21.9884,0.0000,100.0040,37.9748,-1.6574,3
-0.6475,-1.5009,-11.3894,0.0000,0.1660,0.1910,48.0000,22.0023,0.0500,99.9990,37.9436,-1.7544,3
-0.5984,-1.4813,-11.3109,0.0030,0.1530,0.1910,48.0000,22.0439,0.0100,99.9990,37.8926,-1.6273,3
-0.6573,-1.5107,-11.0068,0.0050,0.1430,0.1940,48.0000,22.0286,0.0300,99.9920,37.9342,-1.7109,3
-0.5886,-1.5794,-11.2913,0.0060,0.1530,0.1940,48.0000,22.0441,0.0500,99.9700,37.9474,-1.7161,3
-0.5984,-1.5598,-11.4090,0.0080,0.1540,0.1810,48.0000,22.0592,0.0200,99.9500,38.0140,-1.5901,3
-0.6573,-1.5205,-11.5660,0.0080,0.1590,0.1990,48.0000,22.0496,-0.0300,99.9540,37.9391,-1.4662,3
-0.5984,-1.5598,-11.2619,0.0090,0.1470,0.2030,48.0000,22.0668,-0.0500,99.9780,37.9470,-1.4696,3
-0.6376,-1.5794,-10.8695,0.0000,0.1350,0.1890,48.0000,22.0100,0.0000,100.0030,37.9130,-1.5636,3
-0.6278,-1.5598,-10.9087,0.0080,0.1390,0.1900,48.0000,22.0173,0.0400,100.0060,37.8479,-1.7149,3
-0.6376,-1.5107,-11.6739,0.0140,0.1670,0.1910,48.0000,21.9789,0.0300,99.9960,37.8563,-1.6444,3
-0.5984,-1.4813,-11.2423,0.0170,0.1460,0.1940,48.0000,22.0044,-0.0100,99.9950,37.9792,-1.5550,3
-0.5395,-1.5794,-11.1343,-0.0070,0.1440,0.1990,48.0000,21.9725,0.0000,99.9900,37.7536,-1.6029,3
-0.6180,-1.4911,-11.1834,0.0080,0.1540,0.1890,48.0000,21.9896,0.0300,99.9800,37.7440,-1.6937,3
-0.6082,-1.5009,-11.5660,0.0070,0.1740,0.1870,48.0000,22.0110,0.0100,99.9710,37.8835,-1.6053,3
-0.4905,-1.5107,-11.0755,0.0160,0.1330,0.1990,48.0000,21.9896,-0.0300,99.9790,37.9024,-1.5505,3
-0.5494,-1.5696,-11.1736,0.0050,0.1440,0.1970,48.0000,22.0166,0.0100,99.9910,37.8002,-1.6424,3
-0.6376,-1.5892,-11.3894,0.0080,0.1590,0.1930,48.0000,22.0132,0.0000,99.9990,37.7676,-1.5495,3
-0.5788,-1.5107,-10.9774,0.0170,0.1410,0.2010,48.0000,21.9555,0.0000,100.0090,37.8763,-1.6387,3
-0.6082,-1.4911,-11.0951,0.0030,0.1350,0.2060,48.0000,21.9342,0.0100,100.0060,37.8637,-1.6676,3
-0.5592,-1.4715,-11.3011,0.0100,0.1560,0.1920,48.0000,21.9625,0.0200,99.9900,37.8102,-1.6807,3
-0.5297,-1.5009,-11.3109,0.0150,0.1500,0.1850,48.0000,21.9758,0.0300,99.9710,37.8622,-1.7072,3
-0.6278,-1.5990,-11.4581,0.0110,0.1680,0.1910,49.0000,21.9906,0.0200,99.9580,37.9969,-1.6361,3
-0.5690,-1.4813,-11.4483,0.0160,0.1600,0.1970,49.0000,22.0123,-0.0200,99.9600,38.0484,-1.5665,3
-0.5886,-1.5304,-11.3600,0.0060,0.1580,0.1970,48.0000,22.0327,-0.0300,99.9760,38.0256,-1.5072,3
-0.6278,-1.5598,-11.3011,0.0060,0.1510,0.1910,48.0000,22.0303,-0.0400,99.9970,37.9038,-1.4993,3
-0.6376,-1.4715,-10.8499,0.0080,0.1330,0.1930,48.0000,21.9736,-0.0200,100.0190,37.8366,-1.6112,3
-0.6278,-1.4813,-11.1638,0.0060,0.1550,0.1860,48.0000,21.9653,0.0400,100.0200,37.8183,-1.7336,3
-0.5886,-1.5205,-11.3992,0.0120,0.1540,0.1940,48.0000,21.9745,0.0000,100.0090,37.8914,-1.6201,3
-0.5395,-1.4813,-11.0559,0.0010,0.1450,0.1930,48.0000,22.0005,0.0000,100.0060,38.0195,-1.6604,3
-0.5788,-1.5205,-11.1442,0.0090,0.1430,0.1880,48.0000,21.9758,0.0400,99.9930,37.9379,-1.7498,3
-0.6376,-1.5402,-11.6739,0.0110,0.1770,0.1930,48.0000,21.9753,0.0200,99.9860,37.9822,-1.6331,3
-0.5494,-1.4911,-11.2521,0.0070,0.1480,0.1970,48.0000,21.9927,-0.0400,100.0010,38.0061,-1.5355,3
-0.5101,-1.5696,-11.1638,-0.0110,0.1320,0.1970,48.0000,21.9828,-0.0600,100.0190,37.8658,-1.4723,3
-0.6082,-1.5304,-10.7419,0.0170,0.1340,0.1920,48.0000,21.9774,0.0100,100.0310,37.7660,-1.7238,3
-0.5788,-1.5009,-11.3502,0.0140,0.1510,0.1880,48.0000,21.9847,0.0400,100.0270,37.9005,-1.7234,3
-0.6671,-1.5892,-11.6445,-0.0010,0.1710,0.1840,48.0000,21.9660,0.0000,100.0180,37.8856,-1.5743,3
-0.5690,-1.6186,-11.1932,0.0060,0.1360,0.1900,48.0000,21.9857,-0.0400,100.0130,37.8222,-1.5356,3
-0.5494,-1.5205,-10.8695,0.0110,0.1350,0.1830,48.0000,22.0490,0.0300,100.0050,37.8654,-1.7525,3
-0.6180,-1.5892,-11.4581,0.0070,0.1560,0.1920,48.0000,22.0087,0.0300,99.9850,37.9085,-1.6919,3
-0.5886,-1.4617,-11.5169,0.0270,0.1640,0.1880,48.0000,21.9946,0.0000,99.9870,38.0907,-1.6076,3
-0.5592,-1.5205,-11.2619,0.0110,0.1540,0.1880,48.0000,22.0288,-0.0200,99.9990,38.2367,-1.5272,3
-0.6180,-1.4813,-10.9774,-0.0020,0.1370,0.2030,48.0000,22.0446,-0.0200,100.0170,38.0404,-1.5772,3
-0.6475,-1.5402,-11.1147,0.0060,0.1430,0.1830,48.0000,22.0406,0.0100,100.0220,37.8809,-1.6732,3
-0.6965,-1.4519,-11.5071,0.0100,0.1630,0.1910,48.0000,22.0424,0.0200,100.0170,37.9264,-1.6722,3
-0.6475,-1.5696,-11.2423,0.0060,0.1420,0.1830,48.0000,22.0068,0.0000,100.0100,38.0694,-1.6036,3
-0.5494,-1.5205,-11.2128,0.0010,0.1490,0.1940,48.0000,22.0116,0.0300,100.0000,37.8331,-1.7091,3
-0.6082,-1.5009,-11.4973,0.0180,0.1620,0.1940,48.0000,21.9715,0.0100,99.9900,37.8992,-1.6767,3
-0.5984,-1.5107,-11.4385,0.0160,0.1680,0.1860,48.0000,22.0099,-0.0100,99.9910,38.0662,-1.5828,3
-0.5297,-1.5304,-11.2226,0.0000,0.1460,0.1900,48.0000,21.9806,-0.0300,100.0030,38.0477,-1.5391,3
-0.5690,-1.5402,-11.1049,-0.0080,0.1550,0.1830,48.0000,21.9755,0.0000,100.0140,37.8406,-1.6078,3
-0.6376,-1.5402,-11.4777,0.0010,0.1580,0.1970,48.0000,21.9734,-0.0200,100.0230,37.7169,-1.5283,3
-0.5984,-1.5304,-10.8793,0.0150,0.1290,0.1920,48.0000,21.9914,-0.0100,100.0410,37.7861,-1.6441,3
-0.6475,-1.5205,-10.9480,0.0120,0.1420,0.1970,48.0000,21.9718,0.0500,100.0330,37.8831,-1.7866,3
-0.5886,-1.5402,-11.2521,0.0000,0.1500,0.1920,48.0000,21.9857,0.0800,100.0130,37.7730,-1.8461,3
-0.5886,-1.5009,-11.8309,0.0130,0.1690,0.1960,48.0000,21.9815,0.0300,99.9960,37.8347,-1.7102,3
-0.5788,-1.4813,-11.5660,0.0170,0.1620,0.1870,48.0000,21.9678,-0.0400,100.0000,37.9981,-1.5398,3
-0.5101,-1.5794,-11.2030,-0.0050,0.1460,0.1820,48.0000,21.9839,-0.0500,100.0230,37.9313,-1.5023,3
-0.5297,-1.5892,-10.7812,0.0050,0.1260,0.1930,48.0000,21.9877,0.0000,100.0400,37.8358,-1.6682,3
-0.5788,-1.5892,-11.1736,0.0060,0.1540,0.1930,48.0000,22.0044,0.0300,100.0370,37.7951,-1.7181,3
-0.6180,-1.4126,-11.1540,0.0310,0.1480,0.1820,48.0000,22.0056,0.0500,100.0320,38.0141,-1.8206,3
-0.6082,-1.5304,-11.6543,-0.0070,0.1560,0.1950,48.0000,21.9964,0.0200,100.0180,38.0743,-1.6617,3
-0.5494,-1.5107,-11.4483,0.0020,0.1500,0.1990,48.0000,21.9879,0.0000,100.0120,37.8287,-1.6733,3
-0.6082,-1.4028,-11.3796,0.0090,0.1530,0.1990,48.0000,22.0011,0.0000,100.0120,37.9157,-1.6921,3
-0.6376,-1.5107,-11.3109,0.0170,0.1540,0.1850,48.0000,21.9883,0.0000,100.0110,37.9545,-1.6917,3
-0.5494,-1.5696,-11.4286,0.0070,0.1550,0.1850,48.0000,21.9702,0.0000,100.0150,38.0090,-1.6302,3
-0.5690,-1.5304,-11.0068,0.0000,0.1420,0.2020,48.0000,21.9840,0.0100,100.0250,37.7963,-1.7412,3
-0.6082,-1.5598,-11.4090,0.0040,0.1580,0.1770,48.0000,21.9753,0.0000,100.0300,37.7569,-1.6168,3
-0.5690,-1.5107,-11.3207,0.0030,0.1450,0.1950,48.0000,21.9711,-0.0500,100.0420,37.7850,-1.5479,3
-0.5984,-1.5205,-10.8499,0.0080,0.1250,0.1830,48.0000,21.9896,0.0000,100.0500,37.7563,-1.7085,3
-0.5984,-1.5402,-11.1147,0.0070,0.1500,0.1890,48.0000,21.9771,0.0500,100.0320,37.6175,-1.8309,3
-0.6475,-1.5794,-11.5856,0.0220,0.1560,0.1940,48.0000,21.9632,0.0100,100.0120,37.7629,-1.6926,3
-0.5297,-1.4519,-10.8793,0.0180,0.1310,0.1980,48.0000,21.9232,0.0200,100.0090,37.9893,-1.7777,3
-0.5690,-1.5990,-11.4090,-0.0020,0.1600,0.1890,48.0000,21.9379,0.0300,100.0050,37.9611,-1.7251,3
-0.5395,-1.5402,-11.4875,0.0140,0.1570,0.2010,48.0000,21.9876,-0.0100,100.0080,37.8793,-1.6181,3
-0.5886,-1.5304,-11.2423,0.0180,0.1470,0.2000,48.0000,22.0029,-0.0200,100.0210,38.0051,-1.6148,3
-0.5788,-1.4715,-11.1736,-0.0050,0.1500,0.1890,48.0000,22.0199,0.0200,100.0280,37.9401,-1.7211,3
-0.6278,-1.5892,-11.3207,0.0000,0.1560,0.1880,48.0000,22.0124,0.0100,100.0290,37.8352,-1.6543,3
-0.5788,-1.5009,-11.2423,0.0140,0.1510,0.1910,48.0000,21.9855,0.0000,100.0280,37.8104,-1.6941,3
-0.6475,-1.4519,-11.1540,0.0060,0.1420,0.2090,48.0000,21.9657,0.0000,100.0220,37.7767,-1.7221,3
-0.5592,-1.4911,-11.0559,0.0100,0.1490,0.1880,48.0000,21.9690,0.0500,100.0090,37.8486,-1.8787,3
-0.6376,-1.5107,-11.6150,0.0130,0.1680,0.1870,48.0000,22.0196,0.0300,99.9900,37.9715,-1.7637,3
-0.5690,-1.5696,-11.2913,0.0110,0.1420,0.1820,48.0000,22.0001,-0.0200,99.9960,38.0002,-1.6165,3
-0.5984,-1.5990,-11.1932,-0.0030,0.1520,0.1890,48.0000,22.0014,-0.0100,100.0050,37.9604,-1.6124,3
-0.6082,-1.4813,-11.0559,0.0040,0.1440,0.1940,48.0000,22.0062,0.0000,100.0140,37.8296,-1.6972,3
-0.5984,-1.5304,-10.9480,0.0160,0.1320,0.2060,48.0000,22.0475,0.0100,100.0160,37.8498,-1.7610,3
-0.6278,-1.4715,-11.3992,0.0090,0.1640,0.1890,48.0000,22.0102,0.0600,99.9950,37.9330,-1.8176,3
-0.5984,-1.4224,-11.7328,0.0050,0.1740,0.1940,48.0000,22.0363,0.0200,99.9750,37.9453,-1.7096,3
-0.6082,-1.5598,-11.4875,-0.0030,0.1620,0.1890,48.0000,22.0506,-0.0400,99.9730,37.9278,-1.5272,3
-0.6475,-1.4617,-10.9283,0.0000,0.1290,0.1880,48.0000,22.0204,-0.0400,99.9870,37.7960,-1.5857,3
-0.5984,-1.4911,-10.9970,0.0080,0.1410,0.1900,48.0000,21.9970,0.0000,99.9970,37.7466,-1.7054,3
-0.6769,-1.4715,-11.3011,0.0230,0.1490,0.1940,48.0000,21.9863,0.0000,100.0020,37.8122,-1.6761,3
-0.6867,-1.4911,-11.1049,0.0020,0.1450,0.1890,48.0000,21.9723,0.0000,100.0100,37.7940,-1.6922,3
-0.5984,-1.5696,-11.3011,0.0060,0.1460,0.1910,48.0000,21.9321,-0.0100,100.0120,37.7198,-1.6248,3
-0.5395,-1.4617,-11.1343,0.0090,0.1410,0.1870,48.0000,21.9503,0.0000,100.0100,37.6287,-1.6854,3
-0.4807,-1.5500,-11.0559,0.0190,0.1490,0.1720,48.0000,22.0008,0.0500,99.9960,37.7188,-1.7898,3
-0.5494,-1.5304,-11.3502,0.0150,0.1510,0.1960,48.0000,22.0086,0.0200,99.9680,37.7729,-1.7172,3
-0.5494,-1.4617,-11.2619,0.0190,0.1410,0.1990,48.0000,22.0383,0.0000,99.9530,37.8872,-1.7181,3
-0.6278,-1.6088,-11.5169,0.0120,0.1590,0.1840,48.0000,22.0013,-0.0100,99.9540,37.9642,-1.5488,3
-0.5984,-1.4911,-11.0853,0.0140,0.1340,0.1970,48.0000,21.9673,-0.0400,99.9730,37.9549,-1.5636,3
-0.5788,-1.5009,-11.2030,0.0080,0.1490,0.2000,48.0000,22.0219,-0.0100,99.9850,37.9179,-1.6139,3
-0.6278,-1.5205,-11.0068,-0.0030,0.1390,0.1900,48.0000,22.0290,0.0200,99.9870,37.8799,-1.7552,3
-0.6278,-1.6186,-11.6347,0.0190,0.1600,0.1840,48.0000,22.0279,0.0000,99.9760,37.8336,-1.5816,3
-0.6082,-1.5500,-11.3992,0.0160,0.1530,0.1960,48.0000,21.9885,-0.0400,99.9680,37.9146,-1.5171,3
-0.5101,-1.5696,-11.0264,0.0070,0.1440,0.1910,48.0000,21.9815,-0.0100,99.9600,37.8760,-1.6309,3
-0.5494,-1.5304,-11.1736,0.0160,0.1560,0.1930,48.0000,22.0082,0.0100,99.9510,37.9616,-1.6780,3
-0.6180,-1.5500,-11.4777,0.0110,0.1660,0.1800,48.0000,21.9898,0.0000,99.9500,38.0348,-1.6111,3
-0.5395,-1.5304,-11.2717,0.0110,0.1460,0.2000,48.0000,22.0233,-0.0500,99.9630,38.1553,-1.4753,3
-0.5984,-1.5107,-11.5758,0.0120,0.1630,0.1950,48.0000,22.0129,-0.0500,99.9810,38.1482,-1.4469,3
-0.5788,-1.5402,-10.9381,-0.0030,0.1470,0.1880,48.0000,22.0539,-0.0200,99.9950,38.0722,-1.5413,3
-0.5984,-1.5304,-11.0461,-0.0030,0.1450,0.2020,48.0000,22.0111,0.0100,100.0010,37.9221,-1.6735,3
-0.6475,-1.5696,-11.6935,0.0050,0.1650,0.1840,48.0000,22.0421,-0.0100,99.9960,37.8789,-1.5420,3
-0.6278,-1.4617,-11.1049,0.0090,0.1410,0.1930,48.0000,22.0291,-0.0200,99.9960,37.9778,-1.5896,3
-0.5788,-1.5598,-11.0559,0.0030,0.1510,0.1900,48.0000,21.9916,0.0300,99.9870,37.9948,-1.6974,3
-0.5984,-1.6186,-11.3109,0.0060,0.1590,0.2010,48.0000,22.0240,0.0200,99.9770,37.9098,-1.6606,3
-0.5788,-1.5402,-11.2619,0.0140,0.1490,0.1960,48.0000,22.0050,0.0000,99.9750,38.0229,-1.5849,3
-0.6082,-1.5598,-11.0951,0.0050,0.1500,0.1850,48.0000,22.0206,0.0000,99.9820,38.1057,-1.6117,3
-0.6180,-1.5500,-11.3207,0.0000,0.1500,0.1950,48.0000,22.0329,-0.0100,99.9840,37.9835,-1.5654,3
-0.6082,-1.3832,-11.3011,0.0170,0.1460,0.2020,48.0000,22.0060,-0.0100,99.9970,37.9838,-1.6277,3
-0.6180,-1.4813,-11.0951,0.0110,0.1450,0.1940,48.0000,22.0071,0.0000,100.0040,38.0728,-1.6252,3
-0.6376,-1.4911,-11.4483,0.0000,0.1560,0.1990,48.0000,22.0065,0.0000,99.9960,37.9930,-1.5884,3
-0.5886,-1.5205,-11.2226,0.0070,0.1500,0.2020,48.0000,22.0329,0.0000,99.9910,37.9063,-1.6212,3
-0.5690,-1.5304,-11.3011,0.0070,0.1550,0.1860,48.0000,21.9824,0.0000,99.9890,37.9688,-1.6253,3
-0.5395,-1.4519,-11.1147,0.0080,0.1310,0.1960,48.0000,21.9788,-0.0100,99.9980,38.0287,-1.6154,3
-0.5788,-1.5402,-11.1147,0.0000,0.1500,0.1890,48.0000,21.9892,0.0200,100.0040,37.9381,-1.6902,3
-0.5984,-1.4028,-11.4973,0.0130,0.1610,0.2020,48.0000,21.9895,0.0000,100.0070,37.9766,-1.6167,3
-0.5984,-1.5205,-11.2521,0.0050,0.1450,0.1910,48.0000,22.0209,-0.0100,100.0170,37.9308,-1.5708,3
-0.5788,-1.5107,-11.1932,-0.0120,0.1490,0.1950,48.0000,22.0253,0.0000,100.0230,37.7917,-1.6490,3
-0.6082,-1.5107,-10.9480,0.0080,0.1350,0.1970,48.0000,22.0197,0.0100,100.0190,37.6534,-1.7129,3
-0.6376,-1.5107,-11.4385,0.0080,0.1520,0.1900,48.0000,21.9986,0.0000,100.0110,37.6652,-1.6556,3
-0.6376,-1.4519,-11.1343,0.0160,0.1470,0.1930,48.0000,21.9681,0.0200,100.0020,37.8422,-1.7355,3
-0.5690,-1.4617,-11.2030,0.0160,0.1420,0.1800,48.0000,21.9795,0.0300,99.9920,37.8924,-1.6967,3
-0.5788,-1.5696,-11.5562,0.0050,0.1580,0.1870,48.0000,21.9971,0.0000,99.9920,37.8863,-1.6250,3
-0.5984,-1.5598,-11.3502,0.0010,0.1540,0.1840,48.0000,21.9935,0.0000,99.9930,37.8270,-1.5559,3
-0.5395,-1.4911,-11.1736,0.0120,0.1530,0.2020,48.0000,22.0342,0.0100,99.9950,37.7821,-1.6357,3
-0.5984,-1.4323,-11.0461,0.0090,0.1430,0.1970,48.0000,22.0270,0.0200,99.9980,37.8055,-1.7163,3
-0.6180,-1.4715,-11.3207,0.0160,0.1510,0.1970,48.0000,21.9970,0.0300,99.9960,37.7301,-1.7088,3
-0.6965,-1.5205,-11.3894,0.0070,0.1510,0.1890,48.0000,22.0018,0.0100,99.9900,37.8404,-1.6615,3
-0.5984,-1.5892,-11.2619,-0.0050,0.1440,0.1810,48.0000,21.9634,0.0000,99.9860,37.7083,-1.6095,3
-0.6082,-1.6383,-11.3796,0.0190,0.1610,0.2000,48.0000,21.9850,-0.0100,99.9880,37.6386,-1.5640,3
-0.5592,-1.5009,-10.8695,0.0260,0.1260,0.2040,48.0000,21.9867,-0.0100,99.9990,37.9143,-1.6608,3
-0.5984,-1.5009,-11.2325,0.0080,0.1630,0.1840,48.0000,21.9507,0.0600,99.9940,38.0089,-1.7962,3
-0.5788,-1.5990,-11.7524,0.0010,0.1680,0.1930,48.0000,21.9621,-0.0200,99.9940,37.9403,-1.4771,3
-0.5690,-1.5598,-11.3894,0.0040,0.1500,0.1920,48.0000,21.9737,-0.0800,100.0120,37.9091,-1.3929,3
-0.5494,-1.5892,-10.7321,0.0000,0.1210,0.1840,48.0000,21.9910,-0.0300,100.0280,37.8384,-1.5601,3
-0.5788,-1.5892,-11.0068,0.0130,0.1400,0.1900,48.0000,21.9654,0.0400,100.0170,37.7757,-1.7663,3
-0.6376,-1.5304,-11.4385,0.0190,0.1590,0.1980,48.0000,21.9665,0.0600,99.9910,37.8900,-1.8085,3
-0.5690,-1.4323,-11.7916,0.0260,0.1750,0.1920,48.0000,21.9820,0.0000,99.9760,38.1291,-1.6079,3
-0.5199,-1.5107,-11.2226,0.0080,0.1400,0.1890,48.0000,22.0062,-0.0500,99.9950,38.2285,-1.5014,3
-0.5592,-1.5500,-11.0461,-0.0040,0.1410,0.1980,48.0000,21.9843,-0.0200,100.0120,38.0955,-1.5804,3
-0.6376,-1.4813,-11.2815,0.0130,0.1570,0.1880,48.0000,21.9997,0.0000,100.0190,38.0404,-1.6323,3
-0.5788,-1.4519,-11.0951,0.0100,0.1460,0.1960,48.0000,21.9943,0.0000,100.0230,37.9885,-1.6698,3
-0.6671,-1.5304,-11.1343,0.0040,0.1380,0.1950,48.0000,22.0447,0.0200,100.0250,37.8687,-1.7362,3
-0.6278,-1.5402,-11.3109,0.0080,0.1490,0.1880,48.0000,22.0283,0.0100,100.0200,37.9348,-1.6622,3
-0.6278,-1.5500,-11.2521,0.0070,0.1510,0.1930,48.0000,22.0013,-0.0100,100.0170,37.9020,-1.6105,3
-0.6475,-1.5304,-11.4483,0.0220,0.1620,0.1950,48.0000,21.9554,-0.0100,100.0120,37.8786,-1.5926,3
-0.6082,-1.5794,-11.2423,0.0070,0.1470,0.1850,48.0000,21.9973,-0.0300,100.0190,37.8953,-1.5746,3
-0.5690,-1.5107,-11.0657,0.0120,0.1450,0.1960,48.0000,22.0128,0.0000,100.0260,37.8608,-1.6991,3
-0.5494,-1.5205,-11.1147,0.0140,0.1460,0.1950,48.0000,21.9738,0.0300,100.0270,37.9847,-1.7765,3
-0.5984,-1.4224,-11.7131,0.0140,0.1740,0.2030,48.0000,21.9526,0.0200,100.0230,38.0108,-1.6976,3
-0.6082,-1.4715,-11.2030,0.0010,0.1500,0.1880,48.0000,21.9772,0.0000,100.0290,38.0039,-1.6437,3
-0.6278,-1.5598,-10.9970,-0.0150,0.1420,0.1900,48.0000,21.9531,0.0100,100.0270,37.8005,-1.6997,3
-0.5788,-1.5304,-11.2815,0.0100,0.1530,0.1850,48.0000,21.9774,0.0100,100.0120,37.6833,-1.7515,3
-0.5788,-1.4519,-10.9872,0.0230,0.1350,0.1900,48.0000,21.9876,0.0200,100.0020,37.8559,-1.8076,3
-0.5199,-1.5107,-11.3992,0.0100,0.1530,0.1830,48.0000,22.0383,0.0300,99.9820,38.0098,-1.7681,3
-0.5788,-1.5892,-11.8014,0.0130,0.1730,0.1860,48.0000,22.0314,-0.0100,99.9750,38.0269,-1.5558,3
-0.5886,-1.5205,-11.2226,0.0000,0.1430,0.1930,48.0000,22.0170,-0.0800,99.9910,38.0033,-1.4700,3
-0.5788,-1.5794,-10.8106,-0.0090,0.1330,0.1870,48.0000,22.0146,0.0000,100.0100,37.7839,-1.6781,3
-0.6573,-1.5794,-11.2815,0.0050,0.1510,0.1950,48.0000,22.0215,0.0100,100.0120,37.7098,-1.7092,3
-0.5788,-1.5500,-10.9480,0.0230,0.1320,0.1820,48.0000,21.9806,0.0300,100.0130,37.7208,-1.7952,3
-0.5984,-1.5402,-11.2226,0.0190,0.1510,0.1900,48.0000,21.9817,0.0500,99.9980,37.8847,-1.8010,3
-0.5886,-1.5205,-11.4483,0.0080,0.1550,0.1910,48.0000,21.9721,0.0100,99.9820,37.9430,-1.7248,3
-0.5592,-1.5107,-11.3502,0.0070,0.1560,0.1970,48.0000,21.9990,-0.0100,99.9810,37.9807,-1.6491,3
-0.5101,-1.5402,-11.1442,0.0100,0.1470,0.1900,48.0000,22.0059,-0.0100,99.9870,38.0464,-1.6636,3
-0.5984,-1.5205,-11.5169,0.0020,0.1630,0.1950,48.0000,21.9755,-0.0200,99.9950,37.9314,-1.5512,3
-0.5690,-1.5107,-11.0461,0.0030,0.1310,0.1930,48.0000,21.9508,-0.0500,100.0130,37.8581,-1.5177,3
-0.5592,-1.4617,-11.0755,0.0010,0.1470,0.1970,48.0000,21.9962,0.0000,100.0280,37.7344,-1.7111,3
-0.5984,-1.4323,-11.2226,0.0230,0.1510,0.1930,48.0000,22.0316,0.0300,100.0250,37.8692,-1.7949,3
-0.6671,-1.5892,-11.2815,0.0030,0.1570,0.1990,48.0000,22.0119,0.0300,100.0130,37.8229,-1.7312,3
-0.6376,-1.5402,-11.3796,0.0130,0.1470,0.1860,48.0000,21.9888,-0.0100,99.9990,37.8957,-1.6403,3
-0.5592,-1.5107,-10.9774,0.0000,0.1340,0.1930,48.0000,22.0299,0.0100,99.9850,37.8473,-1.7177,3
-0.6180,-1.6088,-11.6150,0.0150,0.1610,0.1820,48.0000,22.0472,0.0000,99.9700,37.7920,-1.5998,3
-0.6376,-1.5304,-11.2325,0.0130,0.1440,0.1900,48.0000,22.0292,-0.0400,99.9770,37.9151,-1.5448,3
-0.5101,-1.5500,-10.8793,0.0030,0.1400,0.1920,48.0000,22.0305,0.0000,99.9870,37.8976,-1.6233,3
-0.5788,-1.5500,-11.2521,0.0190,0.1530,0.1860,48.0000,22.0053,0.0000,99.9940,37.9242,-1.6484,3
-0.6573,-1.4715,-11.3796,0.0000,0.1510,0.2020,48.0000,22.0052,-0.0100,100.0030,37.9192,-1.6107,3
-0.6180,-1.5205,-11.0755,0.0030,0.1440,0.1900,48.0000,21.9648,0.0200,100.0040,37.9296,-1.7081,3
-0.5690,-1.6285,-11.6150,0.0010,0.1660,0.1890,48.0000,21.9949,-0.0100,99.9900,37.8401,-1.5457,3
-0.5101,-1.4715,-11.0068,0.0110,0.1410,0.1870,48.0000,22.0223,-0.0100,99.9880,37.8623,-1.6317,3
-0.5690,-1.5402,-11.0951,0.0110,0.1440,0.1880,48.0000,21.9988,0.0300,99.9850,37.8915,-1.7237,3
-0.6180,-1.5009,-11.2226,0.0210,0.1540,0.1960,48.0000,22.0164,0.0200,99.9880,38.0203,-1.7259,3
-0.6180,-1.4715,-11.3894,0.0110,0.1600,0.1910,48.0000,22.0003,0.0200,99.9930,38.1462,-1.6627,3
-0.5886,-1.5205,-11.4483,-0.0030,0.1600,0.1940,48.0000,22.0254,-0.0300,100.0050,38.1193,-1.4698,3
-0.6082,-1.4911,-10.9774,0.0000,0.1420,0.1970,48.0000,22.0234,-0.0300,100.0260,37.9448,-1.5610,3
-0.5788,-1.5990,-10.8499,-0.0120,0.1290,0.1880,48.0000,22.0079,0.0400,100.0290,37.7636,-1.7444,3
-0.5984,-1.4911,-11.3796,0.0150,0.1550,0.1950,48.0000,21.9642,0.0600,100.0050,37.7383,-1.8171,3
-0.6180,-1.5009,-11.8112,0.0260,0.1670,0.1850,48.0000,21.9824,0.0100,99.9810,37.9703,-1.6195,3
-0.5690,-1.5205,-11.3796,0.0000,0.1500,0.1890,49.0000,21.9949,-0.0400,99.9840,38.0162,-1.4661,3
-0.5395,-1.5402,-10.9774,0.0010,0.1380,0.1950,48.0000,21.9733,-0.0400,100.0030,37.8768,-1.5147,3
-0.5690,-1.4911,-10.9381,0.0170,0.1320,0.1860,48.0000,21.9867,-0.0200,100.0160,37.8753,-1.5944,3
-0.5690,-1.5107,-10.8106,0.0140,0.1330,0.2000,48.0000,22.0216,0.0400,100.0180,37.9263,-1.7689,3
-0.6671,-1.5402,-11.4973,0.0130,0.1670,0.1870,48.0000,22.0070,0.0500,100.0050,37.9691,-1.7215,3
-0.7161,-1.5304,-11.6739,0.0090,0.1710,0.2000,48.0000,22.0111,-0.0100,100.0040,38.0377,-1.5107,3
-0.5297,-1.4519,-10.9676,-0.0020,0.1430,0.1870,48.0000,22.0430,0.0000,100.0070,37.9918,-1.6522,3
-0.5984,-1.5205,-11.0559,0.0040,0.1300,0.1880,48.0000,22.0182,0.0000,99.9990,37.8591,-1.5913,3
-0.5788,-1.4715,-11.2128,0.0200,0.1530,0.1950,48.0000,21.9942,0.0200,99.9850,37.7889,-1.6894,3
-0.5984,-1.5500,-11.3207,0.0260,0.1560,0.1900,48.0000,21.9782,0.0000,99.9780,38.0016,-1.5931,3
-0.5003,-1.5598,-11.2521,0.0050,0.1500,0.1910,48.0000,21.9924,0.0000,99.9870,38.0419,-1.5651,3
-0.6278,-1.4519,-11.2128,0.0080,0.1470,0.1980,48.0000,22.0027,-0.0100,100.0020,38.0672,-1.5897,3
-0.5690,-1.4617,-11.2226,0.0010,0.1500,0.1860,48.0000,22.0111,0.0000,100.0090,38.1043,-1.5982,3
-0.6082,-1.6285,-11.3698,-0.0080,0.1530,0.1960,48.0000,21.9994,-0.0200,100.0140,37.9086,-1.4958,3
-0.5984,-1.5304,-10.8989,0.0090,0.1260,0.1970,48.0000,22.0117,-0.0100,100.0280,37.7850,-1.5981,3
-0.6573,-1.5205,-11.0264,0.0210,0.1420,0.1870,48.0000,22.0363,0.0500,100.0140,37.7743,-1.8003,3
-0.6769,-1.5009,-11.2913,0.0200,0.1590,0.1920,48.0000,22.0489,0.0700,99.9880,38.0012,-1.7991,3
-0.6573,-1.5107,-11.7328,0.0120,0.1620,0.1910,48.0000,22.0244,-0.0100,99.9700,38.1715,-1.5186,3
-0.5984,-1.5205,-11.1540,0.0030,0.1430,0.1980,48.0000,21.9932,-0.0400,99.9800,38.1054,-1.4907,3
-0.5690,-1.5107,-10.8989,0.0010,0.1420,0.2020,48.0000,22.0046,0.0100,99.9850,37.9698,-1.6645,3
-0.6180,-1.5205,-11.5169,0.0010,0.1630,0.1900,48.0000,21.9747,0.0000,99.9820,37.9664,-1.6110,3
-0.5984,-1.4911,-11.3698,-0.0010,0.1520,0.1900,48.0000,22.0134,-0.0200,99.9870,37.9315,-1.5548,3
-0.5592,-1.5205,-11.1442,0.0100,0.1560,0.1880,48.0000,21.9996,-0.0100,99.9980,37.8677,-1.6042,3
-0.6082,-1.5107,-11.1442,0.0140,0.1500,0.1880,48.0000,22.0029,0.0000,99.9920,37.9025,-1.6324,3
-0.5592,-1.4911,-11.3502,0.0010,0.1530,0.1950,48.0000,22.0202,0.0100,99.9770,37.8078,-1.6660,3
-0.5984,-1.5304,-11.1442,0.0250,0.1420,0.1840,48.0000,22.0416,0.0000,99.9620,37.9054,-1.6299,3
-0.5984,-1.4617,-11.4286,0.0080,0.1590,0.1990,48.0000,21.9997,0.0000,99.9570,38.0309,-1.6149,3
-0.5984,-1.5205,-11.5267,-0.0070,0.1540,0.1880,48.0000,22.0085,-0.0500,99.9690,37.9567,-1.4492,3
-0.5690,-1.4715,-11.0657,0.0110,0.1360,0.1950,48.0000,22.0045,-0.0500,99.9930,37.9179,-1.4987,3
-0.5886,-1.5304,-10.9676,-0.0020,0.1350,0.1870,48.0000,22.0031,-0.0200,100.0100,37.8319,-1.5648,3
-0.5886,-1.5892,-11.0951,-0.0060,0.1490,0.1950,48.0000,22.0042,0.0100,100.0140,37.7044,-1.6282,3
-0.6671,-1.4421,-11.4385,0.0130,0.1590,0.1880,48.0000,21.9852,0.0000,100.0090,37.7845,-1.6211,3
-0.5984,-1.5107,-10.9185,0.0020,0.1370,0.1870,48.0000,21.9697,0.0000,100.0050,37.9153,-1.5968,3
-0.5494,-1.4715,-10.9872,0.0130,0.1450,0.1900,48.0000,21.9733,0.0600,99.9860,37.8342,-1.8215,3
-0.5984,-1.5598,-11.6739,0.0130,0.1740,0.1920,48.0000,21.9963,0.0400,99.9750,37.9301,-1.6406,3
-0.5592,-1.4715,-11.5071,0.0090,0.1550,0.1910,48.0000,22.0262,-0.0200,99.9860,38.0801,-1.5257,3
-0.5984,-1.5990,-11.1834,0.0000,0.1530,0.1900,48.0000,21.9883,-0.0400,100.0060,38.1115,-1.4675,3
-0.5592,-1.4813,-11.1049,-0.0110,0.1370,0.2010,48.0000,21.9906,-0.0300,100.0300,37.9111,-1.5575,3
-0.6376,-1.5598,-11.0559,0.0050,0.1380,0.1920,48.0000,22.0293,-0.0100,100.0450,37.7063,-1.5979,3
-0.5788,-1.5205,-10.9578,0.0170,0.1460,0.1830,48.0000,22.0406,0.0600,100.0430,37.7945,-1.7920,3
-0.6573,-1.4715,-11.3600,0.0050,0.1590,0.1880,48.0000,22.0157,0.0700,100.0210,37.9173,-1.8091,3
-0.6475,-1.5205,-11.4483,0.0150,0.1610,0.1900,48.0000,21.9893,0.0400,99.9960,37.9899,-1.7013,3
-0.6082,-1.4911,-11.6935,0.0090,0.1680,0.1930,48.0000,21.9990,0.0000,99.9820,38.0411,-1.5262,3
-0.5690,-1.5500,-11.1834,-0.0030,0.1420,0.1950,48.0000,21.9587,-0.0500,99.9970,37.9772,-1.4911,3
-0.5690,-1.5990,-10.8008,0.0000,0.1280,0.1920,48.0000,22.0057,0.0000,100.0140,37.8667,-1.6545,3
-0.5592,-1.5990,-11.3011,0.0080,0.1500,0.1890,48.0000,22.0034,0.0300,100.0160,37.8630,-1.6836,3
-0.5984,-1.5205,-11.6347,0.0210,0.1610,0.1990,48.0000,22.0154,0.0000,100.0130,37.9687,-1.5974,3
-0.5788,-1.4421,-11.2815,0.0000,0.1550,0.1940,48.0000,21.9978,-0.0300,100.0160,38.0992,-1.5291,3
-0.5592,-1.4813,-11.0166,-0.0160,0.1320,0.2000,48.0000,21.9773,0.0000,100.0110,37.9437,-1.6609,3
-0.5886,-1.5107,-10.9480,0.0140,0.1480,0.1870,48.0000,21.9808,0.0700,99.9940,37.8738,-1.8199,3
-0.5788,-1.5402,-11.6739,0.0180,0.1600,0.1980,48.0000,21.9890,0.0000,99.9720,37.9504,-1.5953,3
-0.5494,-1.5402,-11.3207,0.0090,0.1480,0.1940,48.0000,22.0107,-0.0300,99.9780,38.1145,-1.5508,3
-0.5297,-1.5794,-11.0264,-0.0100,0.1390,0.1940,48.0000,22.0129,-0.0200,99.9930,37.9776,-1.5809,3
-0.6082,-1.5500,-11.2815,0.0130,0.1500,0.1920,48.0000,22.0004,-0.0300,100.0110,37.7702,-1.5412,3
-0.6376,-1.5402,-11.0461,0.0200,0.1370,0.1830,48.0000,21.9941,0.0000,100.0260,37.8878,-1.6372,3
-0.6573,-1.5598,-11.1245,0.0010,0.1490,0.1980,48.0000,22.0006,0.0200,100.0270,37.8904,-1.7103,3
-0.6082,-1.4911,-11.1736,0.0150,0.1450,0.1950,48.0000,21.9973,0.0100,100.0210,37.9229,-1.7112,3
-0.5592,-1.5009,-11.3404,0.0060,0.1620,0.1970,48.0000,22.0245,0.0300,100.0050,37.9791,-1.7513,3
-0.6671,-1.4519,-11.5169,0.0100,0.1570,0.1970,48.0000,22.0249,-0.0100,99.9920,37.9220,-1.6360,3
-0.6376,-1.4911,-11.3207,-0.0050,0.1570,0.1970,48.0000,22.0077,-0.0400,100.0020,37.8325,-1.5767,3
-0.5886,-1.5205,-11.2226,0.0130,0.1410,0.1880,48.0000,22.0327,-0.0600,100.0180,37.7338,-1.5077,3
-0.6573,-1.5500,-10.8695,-0.0050,0.1260,0.1910,48.0000,22.0033,-0.0100,100.0340,37.7368,-1.6597,3
-0.6475,-1.5009,-11.1638,-0.0030,0.1520,0.1980,48.0000,22.0059,0.0400,100.0280,37.5896,-1.8077,3
-0.5297,-1.5107,-11.1834,0.0260,0.1410,0.2010,48.0000,21.9976,0.0300,100.0160,37.6711,-1.8117,3
-0.6573,-1.4323,-11.6248,0.0060,0.1690,0.1830,48.0000,21.9969,0.0300,99.9970,37.8774,-1.7281,3
-0.5984,-1.4813,-11.3502,0.0100,0.1530,0.1910,48.0000,21.9717,-0.0100,99.9850,37.7989,-1.6067,3
-0.6082,-1.5500,-11.1343,-0.0060,0.1530,0.1880,48.0000,21.9827,0.0000,99.9750,37.7025,-1.7070,3
-0.5984,-1.4813,-11.3109,0.0210,0.1500,0.1930,48.0000,21.9665,0.0000,99.9690,37.6935,-1.6956,3
-0.5494,-1.5598,-11.3894,0.0020,0.1610,0.1900,48.0000,21.9634,-0.0300,99.9790,37.7866,-1.5566,3
-0.4611,-1.5205,-10.9087,0.0080,0.1220,0.1870,48.0000,21.9666,-0.0400,100.0010,37.8589,-1.6131,3
-0.5199,-1.5009,-11.0264,0.0010,0.1430,0.1910,48.0000,21.9859,0.0200,100.0120,37.7197,-1.7540,3
-0.6376,-1.4715,-11.5856,0.0080,0.1670,0.1870,48.0000,22.0074,0.0100,100.0140,37.7241,-1.7200,3
-0.6376,-1.5696,-11.4188,0.0080,0.1500,0.1830,48.0000,21.9854,-0.0400,100.0150,37.7284,-1.5934,3
-0.5886,-1.5304,-11.0264,0.0030,0.1400,0.1930,48.0000,21.9465,-0.0200,100.0140,37.6879,-1.6675,3
-0.5788,-1.5892,-10.9578,0.0130,0.1360,0.1910,48.0000,21.9615,0.0200,100.0070,37.7023,-1.8056,3
-0.5886,-1.5794,-11.3698,0.0250,0.1480,0.1960,48.0000,21.9971,0.0300,99.9920,37.8274,-1.7810,3
-0.5101,-1.4715,-11.2815,0.0150,0.1540,0.1910,48.0000,21.9599,0.0200,99.9930,38.0975,-1.7844,3
-0.5788,-1.4028,-11.6248,0.0050,0.1610,0.1820,48.0000,21.9723,-0.0400,100.0020,38.1231,-1.5092,3
-0.5003,-1.5990,-11.1049,-0.0160,0.1400,0.1900,48.0000,21.9910,-0.0600,100.0230,37.9296,-1.4752,3
-0.5886,-1.5402,-10.9283,-0.0010,0.1340,0.1920,48.0000,21.9719,-0.0200,100.0420,37.6453,-1.6548,3
-0.6376,-1.4715,-11.1245,0.0230,0.1480,0.2070,48.0000,22.0124,0.0000,100.0510,37.7496,-1.7698,3
-0.6278,-1.5402,-11.4581,0.0120,0.1590,0.1780,48.0000,21.9764,0.0100,100.0390,37.8750,-1.6888,3
-0.5886,-1.5009,-11.0068,0.0110,0.1440,0.1910,48.0000,21.9612,0.0200,100.0260,37.8927,-1.7581,3
-0.5592,-1.5696,-11.3109,0.0070,0.1590,0.1910,48.0000,22.0018,0.0700,99.9990,37.9795,-1.8537,3
-0.6376,-1.5304,-11.3992,0.0200,0.1580,0.1940,48.0000,22.0077,0.0300,99.9810,38.0159,-1.7651,3
-0.5788,-1.6186,-11.2815,0.0120,0.1540,0.1820,48.0000,22.0163,0.0000,99.9750,38.0714,-1.6074,3
-0.5690,-1.5107,-11.2030,0.0040,0.1470,0.1940,48.0000,22.0239,-0.0100,99.9770,38.0583,-1.6258,3
-0.6180,-1.5794,-11.5856,-0.0030,0.1580,0.1870,48.0000,22.0239,-0.0400,99.9840,37.9512,-1.5059,3
-0.5690,-1.5205,-11.1834,0.0020,0.1430,0.1880,48.0000,22.0083,-0.0500,99.9970,37.8893,-1.5156,3
-0.5984,-1.4323,-10.8793,-0.0030,0.1360,0.1950,48.0000,21.9966,0.0100,99.9950,37.8387,-1.7392,3
-0.6082,-1.5696,-11.2226,0.0010,0.1610,0.1930,48.0000,22.0191,0.0600,99.9740,37.7945,-1.8142,3
-0.6671,-1.5107,-11.9191,0.0060,0.1790,0.1880,48.0000,21.9926,-0.0200,99.9580,37.8017,-1.5457,3
-0.4905,-1.5402,-10.9185,0.0070,0.1290,0.1750,48.0000,21.9714,-0.0500,99.9640,37.9159,-1.5412,3
-0.5788,-1.6383,-10.8302,0.0030,0.1330,0.1850,48.0000,21.9959,0.0200,99.9720,37.7945,-1.6904,3
-0.5984,-1.4813,-11.4875,0.0230,0.1590,0.2000,48.0000,21.9930,0.0100,99.9720,37.8726,-1.6885,3
-0.5690,-1.5205,-11.2913,0.0100,0.1460,0.1820,48.0000,22.0151,-0.0100,99.9790,38.1235,-1.5841,3
-0.5592,-1.5205,-11.1736,-0.0060,0.1420,0.1970,48.0000,22.0096,-0.0200,99.9860,38.0789,-1.5840,3
-0.5297,-1.4813,-11.5267,-0.0050,0.1630,0.2010,48.0000,22.0320,-0.0200,99.9900,37.9495,-1.5720,3
-0.5886,-1.4813,-11.0951,0.0000,0.1400,0.1900,48.0000,22.0395,-0.0500,99.9930,37.8567,-1.5449,3
-0.5984,-1.5500,-11.0559,0.0000,0.1390,0.1930,48.0000,21.9955,0.0000,99.9930,37.8342,-1.6467,3
-0.6475,-1.6088,-11.2325,0.0090,0.1570,0.1820,48.0000,22.0089,0.0300,99.9860,37.7810,-1.7203,3
-0.6180,-1.5205,-11.3992,0.0250,0.1590,0.1930,48.0000,21.9768,0.0000,99.9850,37.9973,-1.6743,3
-0.5199,-1.4519,-11.2226,0.0030,0.1440,0.1840,48.0000,21.9808,0.0200,99.9940,38.2062,-1.6875,3
-0.5984,-1.5696,-11.4679,-0.0010,0.1600,0.1940,48.0000,21.9995,0.0300,99.9940,38.0013,-1.6911,3
-0.6082,-1.5500,-11.5562,0.0030,0.1590,0.2040,48.0000,22.0285,0.0000,99.9970,37.9090,-1.5971,3
-0.6082,-1.4715,-11.2423,0.0040,0.1480,0.2000,48.0000,22.0207,-0.0400,100.0110,37.9045,-1.5613,3
-0.5395,-1.4617,-10.9872,0.0010,0.1400,0.1950,48.0000,22.0246,0.0000,100.0150,37.8649,-1.6780,3
-0.5886,-1.5402,-11.0951,0.0020,0.1440,0.2020,48.0000,22.0087,0.0200,100.0010,37.7901,-1.7227,3
-0.5494,-1.4911,-11.3796,0.0200,0.1580,0.1900,48.0000,22.0151,0.0200,99.9830,37.8650,-1.7264,3
-0.5984,-1.5696,-11.4188,0.0240,0.1510,0.1980,48.0000,22.0164,0.0100,99.9690,37.9839,-1.6729,3
-0.6180,-1.5794,-11.4581,0.0000,0.1610,0.1890,48.0000,22.0285,0.0000,99.9650,38.0233,-1.5809,3
-0.6082,-1.5402,-11.4679,0.0090,0.1510,0.1980,48.0000,22.0210,-0.0400,99.9750,37.9422,-1.4922,3
-0.6082,-1.4911,-11.1343,0.0100,0.1400,0.1900,48.0000,22.0086,-0.0400,99.9910,37.9153,-1.5296,3
-0.5886,-1.5107,-11.3011,-0.0130,0.1570,0.2000,48.0000,22.0001,-0.0100,100.0040,37.7233,-1.5901,3
-0.6475,-1.5205,-10.9676,0.0090,0.1340,0.1800,48.0000,22.0258,-0.0100,100.0090,37.7147,-1.6312,3
-0.6376,-1.5205,-11.1049,0.0180,0.1550,0.1890,48.0000,21.9953,0.0500,99.9940,37.8271,-1.7838,3
-0.5886,-1.6481,-11.6445,0.0160,0.1690,0.1870,48.0000,22.0317,0.0100,99.9800,37.9165,-1.6227,3
-0.5886,-1.5794,-11.3305,0.0180,0.1530,0.2000,48.0000,22.0160,-0.0400,99.9910,38.0504,-1.4916,3
-0.5592,-1.5107,-11.2030,0.0010,0.1520,0.1910,48.0000,21.9980,-0.0300,100.0110,38.1028,-1.5560,3
-0.5984,-1.4911,-11.2030,-0.0070,0.1470,0.2020,48.0000,21.9849,-0.0200,100.0330,37.9289,-1.5895,3
-0.5984,-1.4519,-11.1638,-0.0080,0.1440,0.1870,48.0000,21.9731,-0.0100,100.0480,37.8403,-1.6271,3
-0.6082,-1.4519,-11.1442,0.0000,0.1390,0.1920,48.0000,21.9433,0.0000,100.0560,37.7417,-1.6645,3
-0.6475,-1.5009,-10.9872,0.0220,0.1380,0.1940,48.0000,21.9935,0.0400,100.0540,37.8484,-1.7766,3
-0.6180,-1.5500,-11.3109,-0.0040,0.1600,0.1760,48.0000,21.9579,0.0600,100.0320,37.8700,-1.7545,3
-0.5494,-1.6285,-11.2521,0.0090,0.1460,0.1910,48.0000,21.9874,0.0200,100.0190,37.8309,-1.6869,3
-0.6278,-1.4126,-11.1736,0.0260,0.1490,0.2000,48.0000,21.9958,0.0600,100.0070,38.0178,-1.8722,3
-0.5984,-1.5794,-11.9191,0.0210,0.1840,0.1830,48.0000,21.9947,0.0200,99.9980,38.2413,-1.5967,3
-0.5886,-1.5107,-11.4188,0.0020,0.1540,0.1920,48.0000,21.9951,-0.0700,100.0210,38.2464,-1.4117,3
-0.5592,-1.5205,-11.0657,-0.0230,0.1500,0.1830,48.0000,21.9642,-0.0500,100.0460,38.0430,-1.4897,3
-0.5690,-1.5009,-10.7714,-0.0050,0.1300,0.2040,48.0000,22.0074,0.0000,100.0660,37.7576,-1.7101,3
-0.6475,-1.4715,-11.0362,0.0220,0.1440,0.1870,48.0000,22.0351,0.0500,100.0670,37.8318,-1.8573,3
-0.6376,-1.5500,-11.4973,0.0070,0.1540,0.1990,48.0000,22.0129,0.0300,100.0480,38.0059,-1.7443,3
-0.6082,-1.4421,-11.3404,0.0090,0.1540,0.1890,48.0000,21.9840,0.0300,100.0370,38.0154,-1.7504,3
-0.5886,-1.5794,-11.2913,-0.0060,0.1500,0.1910,48.0000,21.9962,0.0300,100.0200,37.9396,-1.7167,3
-0.6082,-1.6383,-11.5660,0.0060,0.1580,0.1900,48.0000,21.9711,-0.0100,100.0210,37.8479,-1.5728,3
-0.5984,-1.5009,-11.0264,0.0150,0.1390,0.1870,48.0000,21.9306,-0.0100,100.0420,37.9911,-1.6822,3
-0.5886,-1.5205,-11.1049,0.0000,0.1450,0.1940,48.0000,21.9201,0.0200,100.0470,37.8939,-1.7277,3
-0.5297,-1.4126,-11.2226,0.0000,0.1550,0.1870,48.0000,21.9546,0.0500,100.0410,37.8367,-1.8502,3
-0.5592,-1.5205,-11.4286,0.0050,0.1580,0.1930,48.0000,21.9828,0.0200,100.0300,37.8618,-1.7365,3
-0.5690,-1.5598,-11.0755,0.0000,0.1370,0.1850,48.0000,22.0122,0.0000,100.0270,37.7684,-1.6968,3
-0.6671,-1.5009,-11.3109,0.0180,0.1570,0.1980,48.0000,21.9868,0.0200,100.0150,37.7640,-1.7395,3
-0.5984,-1.5696,-11.4385,0.0030,0.1540,0.1860,48.0000,21.9690,0.0000,99.9990,37.7363,-1.6552,3
-0.6278,-1.4519,-11.1442,0.0170,0.1460,0.1920,48.0000,22.0084,0.0100,99.9900,37.8544,-1.7737,3
-0.5886,-1.5500,-11.4777,0.0100,0.1670,0.2050,48.0000,21.9698,0.0200,99.9860,37.9273,-1.7217,3
-0.6082,-1.4715,-11.2717,0.0070,0.1440,0.1980,48.0000,21.9726,0.0000,99.9930,37.8701,-1.7022,3
-0.5199,-1.5107,-11.2913,-0.0010,0.1480,0.1810,48.0000,22.0118,0.0000,100.0070,37.8881,-1.6804,3
-0.6475,-1.4715,-11.3109,0.0040,0.1490,0.1920,48.0000,21.9778,0.0000,100.0170,37.8383,-1.6709,3
-0.6180,-1.5402,-11.2815,-0.0030,0.1420,0.1910,48.0000,22.0250,-0.0100,100.0230,37.7668,-1.6471,3
-0.5788,-1.6088,-11.2423,0.0000,0.1540,0.1920,48.0000,22.0205,0.0000,100.0200,37.6786,-1.6478,3
-0.6180,-1.5304,-10.8597,0.0260,0.1330,0.1880,48.0000,22.0010,0.0100,100.0170,37.6655,-1.7997,3
-0.6082,-1.4813,-11.2619,0.0120,0.1500,0.1890,48.0000,21.9575,0.0200,100.0060,37.8387,-1.7839,3
-0.5788,-1.4421,-11.2030,0.0160,0.1440,0.1890,48.0000,21.9849,0.0200,100.0110,38.0009,-1.7965,3
-0.5886,-1.5402,-11.3894,0.0010,0.1550,0.1860,48.0000,22.0019,0.0100,100.0120,37.9961,-1.6877,3
-0.5592,-1.5205,-11.2030,0.0090,0.1440,0.1940,48.0000,21.9960,-0.0100,100.0190,37.8956,-1.6587,3
-0.6475,-1.5304,-11.0362,-0.0040,0.1430,0.1980,48.0000,21.9847,0.0000,100.0260,37.7734,-1.7011,3
-0.5984,-1.5892,-11.2128,0.0130,0.1420,0.1920,48.0000,21.9461,-0.0100,100.0280,37.6784,-1.6666,3
-0.5984,-1.5696,-11.0362,0.0100,0.1410,0.1900,48.0000,21.9541,0.0100,100.0290,37.7223,-1.7521,3
-0.5395,-1.5304,-10.8204,0.0240,0.1250,0.2000,48.0000,21.9438,0.0600,100.0140,37.8419,-1.9323,3
-0.5592,-1.5107,-11.5071,0.0140,0.1670,0.1780,48.0000,21.9598,0.0900,99.9850,37.9653,-1.9123,3
-0.5592,-1.5990,-11.9976,0.0110,0.1750,0.1930,49.0000,21.9855,-0.0500,99.9830,37.9951,-1.4950,3
-0.5395,-1.4813,-11.2717,0.0070,0.1410,0.1920,48.0000,22.0203,-0.1000,100.0160,38.0477,-1.4528,3
-0.5297,-1.5107,-10.8499,-0.0080,0.1250,0.2000,48.0000,21.9905,-0.0100,100.0470,37.8888,-1.7174,3
-0.6475,-1.5304,-11.0068,0.0070,0.1480,0.1890,48.0000,21.9991,0.0500,100.0510,37.7759,-1.8750,3
-0.6671,-1.5009,-11.2325,0.0280,0.1500,0.1930,48.0000,22.0161,0.0400,100.0430,37.9787,-1.8445,3
-0.5886,-1.5696,-11.2913,0.0110,0.1460,0.1890,48.0000,22.0081,0.0300,100.0270,38.0646,-1.7733,3
-0.6573,-1.5990,-11.3109,-0.0020,0.1510,0.1910,48.0000,21.9945,0.0200,100.0040,38.0744,-1.7299,3
-0.5592,-1.5107,-11.2717,0.0060,0.1520,0.1930,48.0000,22.0237,0.0200,99.9890,38.0526,-1.7849,3
-0.6180,-1.5402,-11.5954,0.0210,0.1600,0.1970,48.0000,22.0252,-0.0400,99.9880,38.1069,-1.5823,3
-0.5690,-1.5107,-11.0755,0.0040,0.1470,0.1910,48.0000,22.0281,-0.0400,100.0120,38.1747,-1.6337,3
-0.5886,-1.4813,-11.1638,0.0040,0.1470,0.1980,48.0000,22.0097,-0.0500,100.0380,38.1456,-1.6444,3
-0.6475,-1.4813,-11.1343,-0.0010,0.1440,0.1820,48.0000,22.0322,-0.0400,100.0580,38.0379,-1.6305,3
-0.6769,-1.5794,-10.8106,-0.0120,0.1360,0.1880,48.0000,22.0064,0.0100,100.0720,37.8689,-1.7787,3
-0.6180,-1.4813,-10.9283,0.0100,0.1430,0.1940,48.0000,22.0030,0.0800,100.0590,37.8151,-2.0055,3
-0.5984,-1.5304,-11.4188,0.0140,0.1630,0.1870,48.0000,21.9603,0.0800,100.0310,37.9704,-1.9615,3
-0.5886,-1.5205,-11.8407,0.0040,0.1760,0.1910,48.0000,21.9681,0.0000,100.0090,38.0233,-1.7262,3
-0.5592,-1.5598,-11.3207,-0.0040,0.1520,0.1860,48.0000,21.9710,-0.0400,100.0130,38.0495,-1.6325,3
-0.5494,-1.5696,-11.0166,-0.0060,0.1380,0.1990,48.0000,21.9969,-0.0400,100.0310,37.7925,-1.6671,3
-0.6278,-1.5892,-11.1343,0.0200,0.1500,0.1770,48.0000,21.9791,0.0000,100.0430,37.8024,-1.7285,3
-0.6671,-1.4911,-11.2128,0.0060,0.1520,0.1930,48.0000,21.9853,0.0000,100.0470,37.8420,-1.7558,3
-0.5984,-1.4715,-10.9872,0.0160,0.1360,0.1860,48.0000,22.0276,0.0100,100.0520,37.8647,-1.8125,3
-0.5984,-1.5598,-11.3207,0.0000,0.1520,0.1950,48.0000,22.0401,0.0200,100.0520,37.8897,-1.7874,3
-0.6671,-1.4911,-11.2226,0.0020,0.1580,0.1920,48.0000,21.9732,0.0200,100.0430,37.8481,-1.8311,3
-0.6475,-1.5009,-11.1638,0.0000,0.1480,0.1930,48.0000,21.9991,0.0200,100.0290,37.7738,-1.8560,3
-0.5984,-1.5107,-11.1540,0.0050,0.1540,0.1900,48.0000,21.9713,0.0400,100.0110,37.6678,-1.9147,3
-0.5984,-1.5794,-11.2717,0.0200,0.1580,0.1900,48.0000,21.9482,0.0300,99.9960,37.7179,-1.8856,3
-0.5984,-1.5500,-11.6837,0.0150,0.1680,0.1830,48.0000,21.9482,-0.0300,99.9970,37.8184,-1.6417,3
-0.5003,-1.5107,-11.1932,0.0120,0.1400,0.1980,48.0000,21.9693,-0.0700,100.0220,37.8575,-1.6274,3
-0.5592,-1.4911,-10.8597,-0.0030,0.1290,0.1900,48.0000,22.0083,0.0000,100.0390,37.7211,-1.8110,3
-0.5101,-1.4421,-11.2325,0.0040,0.1460,0.1960,48.0000,21.9863,0.0300,100.0390,37.5969,-1.9215,3
-0.6180,-1.5009,-11.4188,0.0180,0.1590,0.1940,48.0000,21.9760,0.0200,100.0270,37.6026,-1.8593,3
-0.5984,-1.4813,-11.3011,0.0200,0.1430,0.1890,48.0000,21.9651,0.0000,100.0170,37.7793,-1.8051,3
-0.6278,-1.4126,-11.1540,0.0030,0.1440,0.1900,48.0000,21.9453,0.0100,100.0110,37.7815,-1.8581,3
-0.5494,-1.6088,-11.3894,-0.0030,0.1580,0.1940,48.0000,21.9430,0.0100,100.0040,37.6989,-1.8070,3
-0.5297,-1.5304,-11.3404,0.0180,0.1520,0.1880,48.0000,21.9523,-0.0400,100.0130,37.7250,-1.6953,3
-0.5199,-1.5500,-11.0068,-0.0010,0.1490,0.1830,48.0000,21.9615,-0.0100,100.0240,37.7777,-1.7694,3
-0.5494,-1.5598,-11.1638,0.0050,0.1440,0.1930,48.0000,22.0002,-0.0100,100.0310,37.7180,-1.7823,3
-0.5788,-1.4224,-11.0362,0.0180,0.1350,0.2000,48.0000,21.9659,0.0000,100.0330,37.6856,-1.8797,3
-0.6180,-1.4519,-11.1442,0.0070,0.1550,0.1920,48.0000,22.0003,0.0900,100.0170,37.7913,-2.1054,3
-0.6278,-1.5205,-11.5856,0.0100,0.1670,0.1890,48.0000,22.0137,0.0500,99.9870,37.7986,-1.9040,3
-0.5984,-1.5304,-11.7524,0.0090,0.1680,0.1900,48.0000,22.0082,-0.0500,99.9780,37.8064,-1.6212,3
-0.5592,-1.5304,-11.0559,-0.0070,0.1330,0.1930,48.0000,21.9726,-0.0900,99.9990,37.6576,-1.6188,3
-0.5297,-1.4911,-10.5654,0.0080,0.1150,0.2030,48.0000,22.0299,-0.0300,100.0180,37.5833,-1.8547,3
-0.5788,-1.4617,-11.0166,0.0310,0.1430,0.1870,48.0000,22.0104,0.0400,100.0160,37.6920,-2.0279,3
-0.5886,-1.5990,-11.6052,0.0100,0.1670,0.1850,48.0000,22.0051,0.0300,100.0020,37.8770,-1.8613,3
-0.5886,-1.4617,-11.5954,0.0030,0.1610,0.1880,48.0000,22.0152,-0.0500,100.0070,37.9052,-1.6498,3
-0.5690,-0.8633,-11.2128,-0.2150,0.1370,0.1420,48.0000,21.9958,-0.0500,100.0330,37.2499,-1.5797,3
-0.7652,-2.4133,-11.7328,-1.4440,0.0260,0.0610,43.0000,21.9917,-0.2200,100.0480,23.7235,-0.9819,2
-1.1576,-2.1190,-8.1031,-1.6110,-0.2090,0.1070,40.0000,21.8916,-0.3800,100.1500,0.0254,-2.7958,2
-1.1183,-0.8829,-6.1116,-1.5710,-0.1690,-0.0230,42.0000,21.7587,0.5200,100.1380,-21.8559,-5.7948,2
-0.8142,-0.1668,-12.0467,-0.8390,0.2580,-0.0290,48.0000,21.5666,1.2000,99.8830,-41.0408,-5.6154,1
0.0294,1.7364,-18.6979,0.2970,0.5180,-0.1030,57.0000,21.5812,0.6400,99.6340,-43.2570,-1.7899,3
0.1373,2.3152,-16.5004,0.6810,0.2650,-0.2000,53.0000,21.7876,-0.8900,99.6910,-34.7243,1.3961,3
-0.1668,1.8933,-7.5145,0.5030,-0.1500,-0.1990,45.0000,21.8816,-1.2200,99.9970,-26.6221,0.3783,3
-0.5886,1.1968,-3.9240,0.1430,-0.2040,-0.1670,42.0000,21.8862,0.0900,100.1630,-22.0846,-3.7694,2
-1.1968,0.7456,-9.5451,-0.0450,0.0780,-0.1260,43.0000,21.8186,0.8700,100.0020,-21.5925,-5.2178,1
-1.1478,0.7456,-13.6163,0.0190,0.2010,-0.0980,45.0000,21.7434,0.3400,99.8130,-21.9771,-3.4231,2
-0.7259,1.0399,-10.9185,0.2110,0.0400,-0.0860,46.0000,21.6889,-0.1700,99.8120,-20.2070,-2.3898,2
0.0000,0.0000,-9.8198,0.0000,0.0000,0.0000,0.0000,0.4530,-0.0100,0.0090,0.0275,0.0163,0
0.0000,0.0000,-9.8198,0.0000,0.0000,0.0000,0.0000,0.5256,-0.0100,0.0360,0.0301,0.0180,0
0.0000,0.0000,-9.8198,0.0000,0.0000,0.0000,0.0000,0.5166,-0.0100,0.0460,0.0307,0.0186,0
0.0000,0.0000,-9.8198,0.0000,0.0000,0.0000,0.0000,0.3538,-0.0100,0.0520,0.0313,0.0189,0
0.0000,0.0000,-9.8198,0.0000,0.0000,0.0000,0.0000,0.2482,-0.0100,0.0610,0.0317,0.0199,0
0.0000,0.0000,-9.8198,0.0000,0.0000,0.0000,0.0000,0.0675,-0.0100,0.0670,0.0322,0.0203,0
0.0000,0.0000,-9.8198,0.0000,0.0000,0.0000,0.0000,0.2536,-0.0100,0.0710,0.0329,0.0208,0
0.0000,0.0000,-9.8198,0.0000,0.0000,0.0000,0.0000,0.4599,-0.0100,0.0740,0.0336,0.0210,0
0.0000,0.0000,-9.8198,0.0000,0.0000,0.0000,0.0000,0.7482,-0.0100,0.0770,0.0348,0.0215,0
0.0000,0.0000,-9.8198,0.0000,0.0000,0.0000,0.0000,0.4717,-0.0100,0.0820,0.0353,0.0220,0
0.0000,0.0000,-9.8198,0.0000,0.0000,0.0000,0.0000,0.7738,-0.0100,0.0840,0.0360,0.0228,0
0.0000,0.0000,-9.8198,0.0000,0.0000,0.0000,0.0000,0.2762,-0.0100,0.0860,0.0366,0.0232,0
0.0000,0.0000,-9.8198,0.0000,0.0000,0.0000,0.0000,0.4693,-0.0100,0.0840,0.0368,0.0239,0
0.0000,0.0000,-9.8198,0.0000,0.0000,0.0000,0.0000,0.6874,-0.0100,0.0820,0.0373,0.0240,0
0.0000,0.0000,-9.8198,0.0000,0.0000,0.0000,0.0000,0.4740,-0.0100,0.0840,0.0379,0.0244,0
0.0000,0.0000,-9.8198,0.0000,0.0000,0.0000,0.0000,0.5423,-0.0100,0.0810,0.0383,0.0247,0
0.0000,0.0000,-9.8198,0.0000,0.0000,0.0000,0.0000,0.5936,-0.0100,0.0490,0.0389,0.0251,0
0.0000,0.0000,-9.8198,0.0000,0.0000,0.0000,0.0000,0.6990,-0.0100,0.0140,0.0393,0.0259,0
0.0000,0.0000,-9.8198,0.0000,0.0000,0.0000,0.0000,0.6590,-0.0100,0.0070,0.0398,0.0263,0
0.0000,0.0000,-9.8198,0.0000,0.0000,0.0000,0.0000,0.4478,-0.0100,0.0120,0.0400,0.0264,0
0.0000,0.0000,-9.8198,0.0000,0.0000,0.0000,0.0000,0.0958,-0.0100,0.0220,0.0404,0.0267,0
0.0000,0.0000,-9.8198,0.0000,0.0000,0.0000,0.0000,0.2432,-0.0100,0.0340,0.0408,0.0269,0
0.0000,0.0000,-9.8100,0.0000,0.0000,0.0000,0.0000,0.0133,-0.0100,0.0480,0.0412,0.0276,0
0.0000,0.0000,-9.8198,0.0000,0.0000,0.0000,0.0000,0.4240,-0.0100,0.0580,0.0417,0.0282,0
0.0000,0.0000,-9.8198,0.0000,0.0000,0.0000,0.0000,0.1429,-0.0100,0.0650,0.0422,0.0287,0
0.0000,0.0000,-9.8198,0.0000,0.0000,0.0000,0.0000,0.4470,-0.0200,0.0730,0.0425,0.0293,0
0.0000,0.0000,-9.8198,0.0000,0.0000,0.0000,0.0000,0.4797,-0.0200,0.0830,0.0424,0.0295,0
0.0000,0.0000,-9.8100,0.0000,0.0000,0.0000,0.0000,0.3681,-0.0200,0.0890,0.0429,0.0297,0
0.0000,0.0000,-9.8198,0.0000,0.0000,0.0000,0.0000,0.6188,-0.0200,0.0970,0.0433,0.0298,0
0.0000,0.0000,-9.8198,0.0000,0.0000,0.0000,0.0000,0.7781,-0.0200,0.1010,0.0436,0.0302,0
0.0000,0.0000,-9.8198,0.0000,0.0000,0.0000,0.0000,0.5787,-0.0200,0.1050,0.0437,0.0306,0
0.0000,0.0000,-9.8198,0.0000,0.0000,0.0000,0.0000,0.5771,-0.0200,0.1090,0.0442,0.0310,0
0.0000,0.0000,-9.8198,0.0000,0.0000,0.0000,0.0000,0.2935,-0.0100,0.1110,0.0451,0.0320,0
0.0000,0.0000,-9.8198,0.0000,0.0000,0.0000,0.0000,0.6736,-0.0100,0.1090,0.0454,0.0326,0
0.0000,0.0000,-9.8198,0.0000,0.0000,0.0000,0.0000,0.7083,-0.0100,0.1110,0.0453,0.0331,0
0.0000,0.0000,-9.8198,0.0000,0.0000,0.0000,0.0000,0.3711,-0.0100,0.1120,0.0456,0.0334,0
0.0000,0.0000,-9.8198,0.0000,0.0000,0.0000,0.0000,0.8270,-0.0100,0.1170,0.0458,0.0339,0
0.0000,0.0000,-9.8198,0.0000,0.0000,0.0000,0.0000,0.1990,-0.0100,0.1200,0.0460,0.0341,0
0.0000,0.0000,-9.8198,0.0000,0.0000,0.0000,0.0000,0.5225,-0.0100,0.1190,0.0462,0.0343,0
0.0000,0.0000,-9.8198,0.0000,0.0000,0.0000,0.0000,0.2125,-0.0100,0.1200,0.0467,0.0350,0
0.0000,0.0000,-9.8198,0.0000,0.0000,0.0000,0.0000,0.4881,-0.0100,0.0790,0.0471,0.0351,0
0.0000,0.0000,-9.8198,0.0000,0.0000,0.0000,0.0000,0.6960,-0.0100,0.0220,0.0475,0.0354,0
0.0000,0.0000,-9.8100,0.0000,0.0000,0.0000,0.0000,0.5086,-0.0100,0.0000,0.0481,0.0361,0
0.0000,0.0000,-9.8198,0.0000,0.0000,0.0000,0.0000,0.7136,-0.0100,-0.0040,0.0484,0.0365,0
0.0000,0.0000,-9.8198,0.0000,0.0000,0.0000,0.0000,0.4412,-0.0100,-0.0010,0.0491,0.0369,0
0.0000,0.0000,-9.8198,0.0000,0.0000,0.0000,0.0000,0.4999,-0.0100,0.0020,0.0496,0.0375,0
0.0000,0.0000,-9.8198,0.0000,0.0000,0.0000,0.0000,0.2770,-0.0100,0.0080,0.0500,0.0378,0
0.0000,0.0000,-9.8198,0.0000,0.0000,0.0000,0.0000,0.3322,-0.0100,0.0140,0.0502,0.0383,0
0.0000,0.0000,-9.8198,0.0000,0.0000,0.0000,0.0000,0.6659,-0.0100,0.0230,0.0505,0.0381,0
0.0000,0.0000,-9.8198,0.0000,0.0000,0.0000,0.0000,0.5007,-0.0100,0.0340,0.0509,0.0387,0
0.0000,0.0000,-9.8100,0.0000,0.0000,0.0000,0.0000,0.5914,-0.0100,0.0450,0.0513,0.0394,0
0.0000,0.0000,-9.8100,0.0000,0.0000,0.0000,0.0000,0.2152,-0.0100,0.0490,0.0516,0.0397,0
0.0000,0.0000,-9.8198,0.0000,0.0000,0.0000,0.0000,0.5056,-0.0100,0.0530,0.0518,0.0399,0
0.0000,0.0000,-9.8198,0.0000,0.0000,0.0000,0.0000,0.0863,-0.0100,0.0610,0.0524,0.0406,0
0.0000,0.0000,-9.8198,0.0000,0.0000,0.0000,0.0000,0.6087,-0.0100,0.0660,0.0527,0.0409,0
0.0000,0.0000,-9.8198,0.0000,0.0000,0.0000,0.0000,0.5722,-0.0100,0.0690,0.0528,0.0410,0
0.0000,0.0000,-9.8198,0.0000,0.0000,0.0000,0.0000,0.9372,-0.0100,0.0670,0.0531,0.0413,0
0.0000,0.0000,-9.8198,0.0000,0.0000,0.0000,0.0000,0.6048,-0.0100,0.0680,0.0535,0.0417,0
0.0000,0.0000,-9.8198,0.0000,0.0000,0.0000,0.0000,0.6310,-0.0100,0.0720,0.0538,0.0421,0
0.0000,0.0000,-9.8198,0.0000,0.0000,0.0000,0.0000,0.4355,-0.0100,0.0770,0.0541,0.0424,0
0.0000,0.0000,-9.8198,0.0000,0.0000,0.0000,0.0000,0.4541,-0.0100,0.0820,0.0542,0.0425,0
0.0000,0.0000,-9.8198,0.0000,0.0000,0.0000,0.0000,0.4414,-0.0100,0.0930,0.0546,0.0430,0
0.0000,0.0000,-9.8198,0.0000,0.0000,0.0000,0.0000,0.7628,-0.0100,0.1010,0.0549,0.0429,0
0.0000,0.0000,-9.8198,0.0000,0.0000,0.0000,0.0000,0.5290,-0.0100,0.1030,0.0553,0.0430,0
0.0000,0.0000,-9.8198,0.0000,0.0000,0.0000,0.0000,0.4725,-0.0100,0.0680,0.0555,0.0427,0
0.0000,0.0000,-9.8198,0.0000,0.0000,0.0000,0.0000,0.4454,-0.0100,0.0210,0.0557,0.0428,0
0.0000,0.0000,-9.8198,0.0000,0.0000,0.0000,0.0000,0.2027,-0.0100,0.0050,0.0563,0.0431,0
0.0000,0.0000,-9.8198,0.0000,0.0000,0.0000,0.0000,0.1911,-0.0100,0.0000,0.0570,0.0432,0
0.0000,0.0000,-9.8198,0.0000,0.0000,0.0000,0.0000,0.4076,-0.0100,-0.0020,0.0577,0.0434,0
0.0000,0.0000,-9.8198,0.0000,0.0000,0.0000,0.0000,0.7561,-0.0100,-0.0020,0.0579,0.0435,0
0.0000,0.0000,-9.8198,0.0000,0.0000,0.0000,0.0000,0.5393,-0.0100,0.0000,0.0584,0.0436,0
0.0000,0.0000,-9.8198,0.0000,0.0000,0.0000,0.0000,0.5506,-0.0100,0.0020,0.0586,0.0439,0
0.0000,0.0000,-9.8198,0.0000,0.0000,0.0000,0.0000,0.7526,-0.0100,0.0070,0.0588,0.0440,0
0.0000,0.0000,-9.8198,0.0000,0.0000,0.0000,0.0000,0.4990,-0.0100,0.0120,0.0594,0.0445,0
0.0000,0.0000,-9.8198,0.0000,0.0000,0.0000,0.0000,0.6789,-0.0100,0.0200,0.0600,0.0445,0
0.0000,0.0000,-9.8198,0.0000,0.0000,0.0000,0.0000,0.7793,-0.0100,0.0300,0.0604,0.0453,0
0.0000,0.0000,-9.8198,0.0000,0.0000,0.0000,0.0000,0.3779,-0.0100,0.0360,0.0608,0.0458,0
0.0000,0.0000,-9.8198,0.0000,0.0000,0.0000,0.0000,0.8243,-0.0100,0.0390,0.0611,0.0462,0
0.0000,0.0000,-9.8198,0.0000,0.0000,0.0000,0.0000,0.5201,-0.0100,0.0400,0.0610,0.0463,0
0.0000,0.0000,-9.8198,0.0000,0.0000,0.0000,0.0000,0.5092,-0.0100,0.0420,0.0612,0.0462,0
0.0000,0.0000,-9.8198,0.0000,0.0000,0.0000,0.0000,0.2344,-0.0100,0.0430,0.0615,0.0459,0
0.0000,0.0000,-9.8198,0.0000,0.0000,0.0000,0.0000,0.7310,0.0000,0.0410,0.0620,0.0464,0
0.0000,0.0000,-9.8198,0.0000,0.0000,0.0000,0.0000,0.6108,0.0000,0.0360,0.0621,0.0469,0
0.0000,0.0000,-9.8198,0.0000,0.0000,0.0000,0.0000,0.7247,0.0000,0.0320,0.0627,0.0474,0
0.0000,0.0000,-9.8198,0.0000,0.0000,0.0000,0.0000,0.2561,0.0000,0.0340,0.0627,0.0476,0
0.0000,0.0000,-9.8198,0.0000,0.0000,0.0000,0.0000,0.5670,0.0000,0.0410,0.0628,0.0481,0
0.0000,0.0000,-9.8198,0.0000,0.0000,0.0000,0.0000,0.7500,0.0000,0.0450,0.0630,0.0482,0
0.0000,0.0000,-9.8198,0.0000,0.0000,0.0000,0.0000,0.7912,0.0000,0.0430,0.0631,0.0482,0
0.0000,0.0000,-9.8198,0.0000,0.0000,0.0000,0.0000,0.6647,0.0000,0.0240,0.0631,0.0484,0
0.0000,0.0000,-9.8198,0.0000,0.0000,0.0000,0.0000,0.6318,0.0000,0.0000,0.0634,0.0483,0
0.0000,0.0000,-9.8198,0.0000,0.0000,0.0000,0.0000,0.0786,0.0000,-0.0040,0.0637,0.0483,0
0.0000,0.0000,-9.8198,0.0000,0.0000,0.0000,0.0000,0.1973,0.0000,-0.0010,0.0639,0.0487,0
0.0000,0.0000,-9.8198,0.0000,0.0000,0.0000,0.0000,0.5003,0.0000,0.0080,0.0642,0.0492,0
0.0000,0.0000,-9.8198,0.0000,0.0000,0.0000,0.0000,0.2619,0.0000,0.0210,0.0647,0.0495,0
0.0000,0.0000,-9.8198,0.0000,0.0000,0.0000,0.0000,0.0553,-0.0100,0.0320,0.0649,0.0496,0
0.0000,0.0000,-9.8198,0.0000,0.0000,0.0000,0.0000,0.5799,-0.0100,0.0360,0.0646,0.0495,0
0.0000,0.0000,-9.8198,0.0000,0.0000,0.0000,0.0000,0.6557,-0.0100,0.0410,0.0646,0.0496,0
0.0000,0.0000,-9.8198,0.0000,0.0000,0.0000,0.0000,0.5881,-0.0100,0.0510,0.0642,0.0502,0
0.0000,0.0000,-9.8198,0.0000,0.0000,0.0000,0.0000,0.4705,-0.0100,0.0610,0.0638,0.0499,0
0.0000,0.0000,-9.8198,0.0000,0.0000,0.0000,0.0000,0.0824,-0.0100,0.0750,0.0638,0.0502,0
0.0000,0.0000,-9.8198,0.0000,0.0000,0.0000,0.0000,0.4253,-0.0100,0.0850,0.0641,0.0507,0
0.0000,0.0000,-9.8198,0.0000,0.0000,0.0000,0.0000,0.5868,-0.0100,0.0940,0.0645,0.0508,0
0.0000,0.0000,-9.8198,0.0000,0.0000,0.0000,0.0000,0.8137,-0.0100,0.0990,0.0646,0.0510,0
0.0000,0.0000,-9.8198,0.0000,0.0000,0.0000,0.0000,0.7101,-0.0100,0.1040,0.0649,0.0514,0
0.0000,0.0000,-9.8198,0.0000,0.0000,0.0000,0.0000,0.4486,-0.0100,0.1080,0.0650,0.0517,0
0.0000,0.0000,-9.8198,0.0000,0.0000,0.0000,0.0000,0.1523,-0.0100,0.1080,0.0653,0.0520,0
0.0000,0.0000,-9.8198,0.0000,0.0000,0.0000,0.0000,0.8356,-0.0100,0.1110,0.0646,0.0521,0
0.0000,0.0000,-9.8198,0.0000,0.0000,0.0000,0.0000,0.7586,-0.0100,0.1120,0.0647,0.0522,0
0.0000,0.0000,-9.8198,0.0000,0.0000,0.0000,0.0000,0.2101,-0.0100,0.1150,0.0651,0.0530,0
0.0000,0.0000,-9.8198,0.0000,0.0000,0.0000,0.0000,0.2086,-0.0100,0.1200,0.0653,0.0532,0
0.0000,0.0000,-9.8198,0.0000,0.0000,0.0000,0.0000,0.8535,-0.0100,0.1250,0.0655,0.0532,0
0.0000,0.0000,-9.8198,0.0000,0.0000,0.0000,0.0000,0.2630,-0.0100,0.1250,0.0657,0.0532,0
0.0000,0.0000,-9.8198,0.0000,0.0000,0.0000,0.0000,0.7920,-0.0100,0.0800,0.0661,0.0533,0
0.0000,0.0000,-9.8198,0.0000,0.0000,0.0000,0.0000,0.6228,-0.0100,0.0230,0.0663,0.0532,0
0.0000,0.0000,-9.8198,0.0000,0.0000,0.0000,0.0000,0.4410,0.0000,-0.0040,0.0665,0.0529,0
0.0000,0.0000,-9.8100,0.0000,0.0000,0.0000,0.0000,0.6377,0.0000,-0.0160,0.0664,0.0527,0
0.0000,0.0000,-9.8198,0.0000,0.0000,0.0000,0.0000,0.3674,0.0000,-0.0270,0.0667,0.0529,0
0.0000,0.0000,-9.8198,0.0000,0.0000,0.0000,0.0000,0.9228,0.0000,-0.0370,0.0669,0.0535,0
0.0000,0.0000,-9.8198,0.0000,0.0000,0.0000,0.0000,1.1148,0.0000,-0.0440,0.0672,0.0538,0
0.0000,0.0000,-9.8198,0.0000,0.0000,0.0000,0.0000,1.1831,0.0000,-0.0430,0.0671,0.0540,0
0.0000,0.0000,-9.8198,0.0000,0.0000,0.0000,0.0000,0.8248,0.0000,-0.0430,0.0671,0.0545,0
0.0000,0.0000,-9.8198,0.0000,0.0000,0.0000,0.0000,0.7588,0.0000,-0.0480,0.0673,0.0547,0
0.0000,0.0000,-9.8198,0.0000,0.0000,0.0000,0.0000,0.5749,0.0000,-0.0560,0.0671,0.0548,0
0.0000,0.0000,-9.8198,0.0000,0.0000,0.0000,0.0000,0.2065,0.0000,-0.0630,0.0672,0.0547,0
0.0000,0.0000,-9.8198,0.0000,0.0000,0.0000,0.0000,0.6529,0.0000,-0.0710,0.0673,0.0551,0
0.0000,0.0000,-9.8198,0.0000,0.0000,0.0000,0.0000,0.6049,0.0000,-0.0710,0.0678,0.0556,0
0.0000,0.0000,-9.8198,0.0000,0.0000,0.0000,0.0000,0.5290,0.0000,-0.0700,0.0676,0.0558,0
0.0000,0.0000,-9.8198,0.0000,0.0000,0.0000,0.0000,0.7463,0.0000,-0.0730,0.0675,0.0559,0
0.0000,0.0000,-9.8198,0.0000,0.0000,0.0000,0.0000,0.5867,0.0000,-0.0780,0.0674,0.0563,0
0.0000,0.0000,-9.8198,0.0000,0.0000,0.0000,0.0000,0.5765,0.0000,-0.0810,0.0678,0.0569,0
0.0000,0.0000,-9.8198,0.0000,0.0000,0.0000,0.0000,0.6988,0.0000,-0.0830,0.0679,0.0568,0
0.0000,0.0000,-9.8198,0.0000,0.0000,0.0000,0.0000,0.5265,0.0000,-0.0840,0.0682,0.0570,0
0.0000,0.0000,-9.8198,0.0000,0.0000,0.0000,0.0000,0.4156,0.0000,-0.0900,0.0687,0.0571,0
0.0000,0.0000,-9.8198,0.0000,0.0000,0.0000,0.0000,0.4383,0.0000,-0.0960,0.0691,0.0575,0
0.0000,0.0000,-9.8198,0.0000,0.0000,0.0000,0.0000,0.5303,0.0000,-0.1030,0.0692,0.0580,0
0.0000,0.0000,-9.8198,0.0000,0.0000,0.0000,0.0000,0.7287,0.0000,-0.1060,0.0692,0.0578,0
0.0000,0.0000,-9.8198,0.0010,0.0010,0.0000,0.0000,0.7878,0.0000,-0.0770,0.0694,0.0584,0
0.0000,0.0000,-9.8198,0.0010,0.0000,0.0000,0.0000,0.6690,0.0100,-0.0390,0.0696,0.0585,0
0.0000,0.0000,-9.8198,0.0000,0.0000,0.0000,0.0000,0.2536,0.0100,-0.0280,0.0695,0.0585,0
0.0000,0.0000,-9.8198,0.0000,0.0000,0.0000,0.0000,0.5852,0.0100,-0.0310,0.0696,0.0586,0
0.0000,0.0000,-9.8198,0.0000,0.0000,0.0000,0.0000,0.3607,0.0100,-0.0370,0.0695,0.0588,0
0.0000,0.0000,-9.8198,0.0000,0.0000,0.0000,0.0000,0.4978,0.0100,-0.0380,0.0701,0.0591,0
0.0000,0.0000,-9.8198,0.0000,0.0000,0.0000,0.0000,0.2210,0.0100,-0.0350,0.0701,0.0591,0
0.0000,0.0000,-9.8198,0.0000,0.0000,0.0000,0.0000,0.5302,0.0100,-0.0360,0.0700,0.0593,0
0.0000,0.0000,-9.8198,0.0000,0.0000,0.0000,0.0000,0.5452,0.0100,-0.0360,0.0703,0.0594,0
0.0000,0.0000,-9.8198,0.0000,0.0010,0.0000,0.0000,0.4234,0.0100,-0.0420,0.0704,0.0592,0
0.0000,0.0000,-9.8198,0.0000,0.0000,0.0010,0.0000,0.2857,0.0100,-0.0480,0.0705,0.0592,0
0.0000,0.0000,-9.8198,0.0000,0.0000,0.0010,0.0000,0.9634,0.0100,-0.0540,0.0704,0.0589,0
0.0000,0.0000,-9.8198,0.0000,0.0000,0.0000,0.0000,0.4033,0.0100,-0.0590,0.0702,0.0586,0
0.0000,0.0000,-9.8198,0.0000,0.0000,0.0000,0.0000,0.7185,0.0100,-0.0610,0.0704,0.0586,0
0.0000,0.0000,-9.8198,0.0000,0.0000,0.0000,0.0000,0.7430,0.0100,-0.0620,0.0706,0.0590,0
0.0000,0.0000,-9.8198,0.0010,0.0000,0.0000,0.0000,0.5891,0.0100,-0.0640,0.0709,0.0590,0
0.0000,0.0000,-9.8198,0.0010,0.0010,0.0010,0.0000,0.2355,0.0100,-0.0620,0.0709,0.0589,0
0.0000,0.0000,-9.8198,0.0010,0.0000,0.0010,0.0000,0.4914,0.0100,-0.0630,0.0714,0.0589,0
0.0000,0.0000,-9.8198,0.0010,0.0000,0.0010,0.0000,0.8516,0.0000,-0.0630,0.0715,0.0588,0
0.0000,0.0000,-9.8198,0.0000,0.0000,0.0010,0.0000,0.5454,0.0000,-0.0620,0.0714,0.0583,0
0.0000,0.0000,-9.8100,0.0000,0.0000,0.0000,0.0000,0.7126,0.0000,-0.0640,0.0713,0.0581,0
0.0000,0.0000,-9.8198,0.0010,0.0000,0.0010,0.0000,0.7456,0.0000,-0.0620,0.0714,0.0583,0
0.0000,0.0000,-9.8198,0.0010,0.0010,0.0000,0.0000,0.2951,0.0000,-0.0620,0.0717,0.0588,0
0.0000,0.0000,-9.8198,0.0000,0.0010,0.0010,0.0000,0.7009,0.0000,-0.0620,0.0716,0.0587,0
0.0000,0.0000,-9.8198,0.0000,0.0010,0.0010,0.0000,0.6771,0.0000,-0.0460,0.0715,0.0585,0
0.0000,0.0000,-9.8198,0.0010,0.0010,0.0010,0.0000,0.3163,0.0000,-0.0240,0.0718,0.0586,0
0.0000,0.0000,-9.8198,0.0010,0.0000,0.0010,0.0000,0.6521,0.0000,-0.0050,0.0714,0.0587,0
0.0000,0.0000,-9.8198,0.0010,0.0010,0.0000,0.0000,0.6014,0.0000,0.0110,0.0713,0.0588,0
0.0000,0.0000,-9.8198,0.0010,0.0010,0.0010,0.0000,0.7250,0.0000,0.0250,0.0714,0.0587,0
0.0000,0.0000,-9.8100,0.0010,0.0010,0.0000,0.0000,0.1756,0.0000,0.0380,0.0715,0.0590,0
0.0000,0.0000,-9.8198,0.0010,0.0000,0.0010,0.0000,0.1677,0.0000,0.0450,0.0718,0.0592,0
0.0000,0.0000,-9.8198,0.0010,0.0010,0.0010,0.0000,0.2839,0.0000,0.0490,0.0721,0.0595,0
0.0000,0.0000,-9.8198,0.0010,0.0010,0.0010,0.0000,0.3413,0.0000,0.0500,0.0721,0.0593,0
0.0000,0.0000,-9.8198,0.0010,0.0010,0.0010,0.0000,0.3861,0.0000,0.0540,0.0725,0.0597,0
0.0000,0.0000,-9.8198,0.0000,0.0010,0.0010,0.0000,0.4152,0.0000,0.0600,0.0720,0.0591,0
0.0000,0.0000,-9.8198,0.0010,0.0010,0.0000,0.0000,0.1578,0.0000,0.0660,0.0719,0.0593,0
0.0000,0.0000,-9.8198,0.0010,0.0010,0.0010,0.0000,0.8796,0.0000,0.0710,0.0716,0.0594,0
0.0000,0.0000,-9.8198,0.0010,0.0010,0.0010,0.0000,0.6021,0.0000,0.0730,0.0717,0.0596,0
0.0000,0.0000,-9.8198,0.0010,0.0010,0.0010,0.0000,0.8610,0.0000,0.0710,0.0717,0.0596,0
0.0000,0.0000,-9.8198,0.0010,0.0010,0.0010,0.0000,0.7461,0.0000,0.0760,0.0719,0.0598,0
0.0000,0.0000,-9.8198,0.0010,0.0010,0.0010,0.0000,0.4225,0.0000,0.0830,0.0720,0.0599,0
0.0000,0.0000,-9.8198,0.0010,0.0010,0.0010,0.0000,0.8106,0.0000,0.0850,0.0723,0.0598,0
0.0000,0.0000,-9.8198,0.0010,0.0010,0.0010,0.0000,0.8693,0.0000,0.0880,0.0720,0.0599,0
0.0000,0.0000,-9.8198,0.0010,0.0010,0.0010,0.0000,0.8677,0.0000,0.0950,0.0721,0.0600,0
0.0000,0.0000,-9.8198,0.0000,0.0010,0.0010,0.0000,1.0081,0.0000,0.0990,0.0721,0.0602,0
0.0000,0.0000,-9.8100,0.0010,0.0010,0.0010,0.0000,1.0093,0.0000,0.1010,0.0724,0.0602,0
0.0000,0.0000,-9.8198,0.0010,0.0010,0.0010,0.0000,0.7727,0.0000,0.1050,0.0728,0.0601,0
0.0000,0.0000,-9.8198,0.0010,0.0010,0.0010,0.0000,0.6281,0.0000,0.1070,0.0733,0.0602,0
0.0000,0.0000,-9.8198,0.0010,0.0010,0.0010,0.0000,0.4500,0.0000,0.0700,0.0731,0.0603,0
0.0000,0.0000,-9.8198,0.0010,0.0010,0.0010,0.0000,0.6605,0.0000,0.0190,0.0726,0.0607,0
0.0000,0.0000,-9.8198,0.0010,0.0010,0.0010,0.0000,1.0782,0.0000,-0.0050,0.0727,0.0608,0
0.0000,0.0000,-9.8100,0.0010,0.0010,0.0010,0.0000,0.4048,0.0000,-0.0180,0.0725,0.0607,0
0.0000,0.0000,-9.8198,0.0010,0.0010,0.0010,0.0000,0.7800,0.0000,-0.0300,0.0723,0.0610,0
0.0000,0.0000,-9.8198,0.0010,0.0010,0.0010,0.0000,0.8230,0.0000,-0.0370,0.0724,0.0612,0
0.0000,0.0000,-9.8198,0.0010,0.0010,0.0010,0.0000,0.7829,0.0000,-0.0460,0.0722,0.0611,0
0.0000,0.0000,-9.8198,0.0010,0.0010,0.0010,0.0000,0.3484,0.0000,-0.0530,0.0724,0.0611,0
0.0000,0.0000,-9.8198,0.0010,0.0010,0.0010,0.0000,0.5473,0.0000,-0.0520,0.0732,0.0613,0
0.0000,0.0000,-9.8198,0.0010,0.0010,0.0010,0.0000,0.4829,0.0000,-0.0460,0.0733,0.0613,0
0.0000,0.0000,-9.8198,0.0010,0.0010,0.0010,0.0000,0.0881,0.0000,-0.0430,0.0739,0.0610,0
0.0000,0.0000,-9.8198,0.0010,0.0010,0.0010,0.0000,0.2923,0.0000,-0.0410,0.0737,0.0607,0
0.0000,0.0000,-9.8198,0.0010,0.0010,0.0010,0.0000,0.7844,0.0000,-0.0420,0.0742,0.0608,0
0.0000,0.0000,-9.8198,0.0010,0.0010,0.0010,0.0000,0.8786,0.0000,-0.0470,0.0740,0.0605,0
0.0000,0.0000,-9.8198,0.0010,0.0010,0.0010,0.0000,0.6885,0.0000,-0.0510,0.0737,0.0602,0
0.0000,0.0000,-9.8198,0.0010,0.0010,0.0010,0.0000,0.3929,0.0000,-0.0540,0.0739,0.0601,0
0.0000,0.0000,-9.8198,0.0010,0.0010,0.0010,0.0000,0.7852,0.0000,-0.0590,0.0740,0.0606,0
0.0000,0.0000,-9.8198,0.0010,0.0010,0.0010,0.0000,0.2819,0.0000,-0.0640,0.0742,0.0610,0
0.0000,0.0000,-9.8198,0.0010,0.0010,0.0010,0.0000,0.6155,0.0000,-0.0630,0.0739,0.0608,0
0.0000,0.0000,-9.8198,0.0010,0.0010,0.0010,0.0000,0.8618,0.0000,-0.0590,0.0738,0.0606,0
0.0000,0.0000,-9.8198,0.0010,0.0010,0.0010,0.0000,0.1101,0.0000,-0.0580,0.0741,0.0606,0
0.0000,0.0000,-9.8198,0.0010,0.0010,0.0010,0.0000,0.1414,0.0000,-0.0580,0.0740,0.0606,0
0.0000,0.0000,-9.8198,0.0010,0.0010,0.0010,0.0000,0.1053,0.0000,-0.0640,0.0738,0.0606,0
0.0000,0.0000,-9.8198,0.0010,0.0010,0.0010,0.0000,0.0922,0.0000,-0.0640,0.0740,0.0608,0
0.0000,0.0000,-9.8198,0.0010,0.0010,0.0010,0.0000,0.3956,0.0000,-0.0470,0.0742,0.0613,0
0.0000,0.0000,-9.8198,0.0010,0.0010,0.0010,0.0000,0.8034,0.0000,-0.0250,0.0745,0.0616,0
0.0000,0.0000,-9.8198,0.0010,0.0010,0.0010,0.0000,0.3756,0.0000,-0.0180,0.0745,0.0616,0
0.0000,0.0000,-9.8198,0.0010,0.0010,0.0010,0.0000,0.3720,0.0000,-0.0210,0.0743,0.0615,0
0.0000,0.0000,-9.8198,0.0010,0.0010,0.0010,0.0000,0.4936,0.0000,-0.0270,0.0743,0.0616,0
0.0000,0.0000,-9.8198,0.0010,0.0010,0.0010,0.0000,0.7217,0.0000,-0.0370,0.0747,0.0617,0
0.0000,0.0000,-9.8198,0.0010,0.0010,0.0010,0.0000,0.7170,0.0000,-0.0520,0.0745,0.0615,0
0.0000,0.0000,-9.8198,0.0010,0.0010,0.0010,0.0000,0.3117,0.0100,-0.0580,0.0748,0.0615,0
0.0000,0.0000,-9.8198,0.0010,0.0010,0.0010,0.0000,0.6551,0.0100,-0.0660,0.0754,0.0618,0
0.0000,0.0000,-9.8198,0.0010,0.0010,0.0010,0.0000,0.6895,0.0100,-0.0760,0.0759,0.0617,0
0.0000,0.0000,-9.8198,0.0010,0.0010,0.0010,0.0000,0.8775,0.0100,-0.0870,0.0760,0.0619,0
0.0000,0.0000,-9.8198,0.0010,0.0010,0.0010,0.0000,0.3127,0.0100,-0.0910,0.0761,0.0620,0
0.0000,0.0000,-9.8198,0.0010,0.0010,0.0010,0.0000,0.8486,0.0100,-0.0970,0.0761,0.0619,0
0.0000,0.0000,-9.8198,0.0010,0.0010,0.0010,0.0000,0.8594,0.0100,-0.1050,0.0763,0.0621,0
0.0000,0.0000,-9.8198,0.0010,0.0010,0.0010,0.0000,0.2684,0.0100,-0.1100,0.0763,0.0619,0
0.0000,0.0000,-9.8198,0.0010,0.0010,0.0010,0.0000,0.4774,0.0100,-0.1180,0.0762,0.0618,0
0.0000,0.0000,-9.8198,0.0010,0.0010,0.0010,0.0000,0.5673,0.0100,-0.1230,0.0760,0.0620,0
0.0000,0.0000,-9.8198,0.0010,0.0010,0.0010,0.0000,0.2810,0.0100,-0.1230,0.0763,0.0627,0
0.0000,0.0000,-9.8198,0.0010,0.0010,0.0010,0.0000,0.6055,0.0100,-0.1230,0.0761,0.0626,0
0.0000,0.0000,-9.8198,0.0010,0.0010,0.0010,0.0000,0.5147,0.0100,-0.1190,0.0759,0.0625,0
0.0000,0.0000,-9.8198,0.0010,0.0010,0.0010,0.0000,0.8803,0.0000,-0.1100,0.0760,0.0624,0
0.0000,0.0000,-9.8198,0.0010,0.0010,0.0010,0.0000,0.8560,0.0000,-0.1040,0.0758,0.0624,0
0.0000,0.0000,-9.8198,0.0010,0.0010,0.0010,0.0000,0.4459,0.0000,-0.0970,0.0758,0.0623,0
0.0000,0.0000,-9.8198,0.0010,0.0010,0.0010,0.0000,0.3351,0.0000,-0.0950,0.0762,0.0625,0
0.0000,0.0000,-9.8198,0.0010,0.0010,0.0010,0.0000,0.1520,0.0000,-0.0660,0.0761,0.0626,0
0.0000,0.0000,-9.8198,0.0010,0.0010,0.0010,0.0000,0.9899,0.0000,-0.0300,0.0763,0.0629,0
0.0000,0.0000,-9.8198,0.0010,0.0010,0.0010,0.0000,0.5107,0.0000,-0.0290,0.0767,0.0631,0
0.0000,0.0000,-9.8198,0.0010,0.0010,0.0010,0.0000,0.2816,0.0100,-0.0370,0.0766,0.0632,0
0.0000,0.0000,-9.8198,0.0010,0.0010,0.0010,0.0000,0.5570,0.0100,-0.0520,0.0764,0.0635,0
0.0000,0.0000,-9.8198,0.0010,0.0010,0.0010,0.0000,0.4755,0.0100,-0.0650,0.0764,0.0636,0
0.0000,0.0000,-9.8198,0.0010,0.0010,0.0010,0.0000,0.8858,0.0100,-0.0740,0.0761,0.0630,0
0.0000,0.0000,-9.8198,0.0010,0.0010,0.0010,0.0000,0.6159,0.0100,-0.0840,0.0759,0.0627,0
0.0000,0.0000,-9.8198,0.0010,0.0010,0.0010,0.0000,0.7625,0.0100,-0.0940,0.0757,0.0625,0
0.0000,0.0000,-9.8198,0.0010,0.0010,0.0010,0.0000,0.4050,0.0100,-0.1050,0.0762,0.0628,0
0.0000,0.0000,-9.8198,0.0010,0.0010,0.0010,0.0000,0.7905,0.0100,-0.1060,0.0759,0.0631,0
0.0000,0.0000,-9.8198,0.0010,0.0010,0.0010,0.0000,0.9735,0.0100,-0.1070,0.0758,0.0631,0
0.0000,0.0000,-9.8198,0.0010,0.0010,0.0010,0.0000,1.0898,0.0100,-0.1090,0.0759,0.0632,0
0.0000,0.0000,-9.8100,0.0010,0.0010,0.0010,0.0000,0.6722,0.0100,-0.1110,0.0756,0.0634,0
0.0000,0.0000,-9.8198,0.0010,0.0010,0.0010,0.0000,0.7663,0.0100,-0.1090,0.0755,0.0635,0
0.0000,0.0000,-9.8198,0.0010,0.0010,0.0010,0.0000,0.2304,0.0100,-0.1080,0.0753,0.0634,0
0.0000,0.0000,-9.8198,0.0010,0.0010,0.0010,0.0000,0.1584,0.0100,-0.1130,0.0752,0.0634,0
0.0000,0.0000,-9.8198,0.0010,0.0010,0.0010,0.0000,0.2608,0.0100,-0.1180,0.0754,0.0636,0
0.0000,0.0000,-9.8198,0.0010,0.0010,0.0010,0.0000,0.7312,0.0100,-0.1330,0.0756,0.0641,0
0.0000,0.0000,-9.8198,0.0010,0.0010,0.0010,0.0000,0.8636,0.0100,-0.1380,0.0755,0.0640,0
0.0000,0.0000,-9.8198,0.0010,0.0010,0.0010,0.0000,0.6431,0.0100,-0.1470,0.0759,0.0636,0
0.0000,0.0000,-9.8198,0.0010,0.0010,0.0010,0.0000,0.5572,0.0100,-0.1540,0.0761,0.0636,0
0.0000,0.0000,-9.8198,0.0010,0.0010,0.0010,0.0000,0.2963,0.0100,-0.1610,0.0762,0.0639,0
0.0000,0.0000,-9.8198,0.0010,0.0010,0.0010,0.0000,0.6589,0.0100,-0.1670,0.0757,0.0638,0
0.0000,0.0000,-9.8198,0.0010,0.0010,0.0010,0.0000,0.3613,0.0100,-0.1180,0.0754,0.0639,0
0.0000,0.0000,-9.8198,0.0010,0.0010,0.0010,0.0000,0.5278,0.0100,-0.0530,0.0756,0.0638,0
0.0000,0.0000,-9.8198,0.0010,0.0010,0.0010,0.0000,0.3541,0.0100,-0.0200,0.0754,0.0637,0
0.0000,0.0000,-9.8198,0.0010,0.0010,0.0010,0.0000,0.5414,0.0100,-0.0030,0.0757,0.0638,0
0.0000,0.0000,-9.8198,0.0010,0.0010,0.0010,0.0000,0.7126,0.0100,0.0050,0.0756,0.0639,0
0.0000,0.0000,-9.8198,0.0010,0.0010,0.0010,0.0000,0.4140,0.0000,0.0110,0.0757,0.0636,0
0.0000,0.0000,-9.8198,0.0010,0.0010,0.0010,0.0000,0.6180,0.0000,0.0150,0.0758,0.0637,0
0.0000,0.0000,-9.8198,0.0010,0.0010,0.0010,0.0000,0.6632,0.0000,0.0200,0.0757,0.0633,0
0.0000,0.0000,-9.8198,0.0010,0.0010,0.0010,0.0000,0.9416,0.0000,0.0240,0.0757,0.0630,0
0.0000,0.0000,-9.8198,0.0010,0.0010,0.0010,0.0000,0.7247,0.0000,0.0290,0.0759,0.0631,0
0.0000,0.0000,-9.8198,0.0010,0.0010,0.0010,0.0000,0.8612,0.0000,0.0420,0.0759,0.0635,0
0.0000,0.0000,-9.8198,0.0010,0.0010,0.0010,0.0000,0.9973,0.0000,0.0560,0.0760,0.0636,0
0.0000,0.0000,-9.8100,0.0010,0.0010,0.0010,0.0000,0.6961,0.0000,0.0670,0.0759,0.0634,0
0.0000,0.0000,-9.8198,0.0010,0.0010,0.0010,0.0000,0.7354,0.0000,0.0770,0.0757,0.0634,0
0.0000,0.0000,-9.8198,0.0010,0.0010,0.0010,0.0000,0.8661,0.0000,0.0820,0.0755,0.0633,0
0.0000,0.0000,-9.8198,0.0010,0.0010,0.0010,0.0000,0.3442,0.0000,0.0860,0.0753,0.0636,0
0.0000,0.0000,-9.8198,0.0010,0.0010,0.0010,0.0000,0.5604,0.0000,0.0960,0.0751,0.0637,0
0.0000,0.0000,-9.8198,0.0010,0.0010,0.0010,0.0000,0.4002,0.0000,0.1010,0.0753,0.0642,0
0.0000,0.0000,-9.8198,0.0010,0.0010,0.0010,0.0000,0.4120,0.0000,-0.0030,0.0756,0.0640,0
0.0000,0.0000,-9.8198,0.0010,0.0010,0.0010,0.0000,0.6166,0.0000,-0.0660,0.0756,0.0643,0
0.0000,0.0000,-9.8198,0.0010,0.0010,0.0010,0.0000,0.8781,0.0000,-0.0900,0.0757,0.0647,0
0.0000,0.0000,-9.8198,0.0010,0.0010,0.0010,0.0000,0.9945,-0.0100,-0.0900,0.0761,0.0651,0
0.0000,0.0000,-9.8198,0.0010,0.0010,0.0010,0.0000,0.3853,-0.0100,-0.0830,0.0769,0.0655,0
0.0000,0.0000,-9.8198,0.0010,0.0010,0.0010,0.0000,0.4080,-0.0100,-0.0750,0.0779,0.0668,0
0.0000,0.0000,-9.8198,0.0010,0.0010,0.0010,0.0000,0.4744,-0.0100,-0.0660,0.0797,0.0688,0
0.0000,0.0000,-9.8198,0.0010,0.0010,0.0010,0.0000,0.1637,-0.0100,-0.0530,0.0822,0.0712,0
0.0000,0.0000,-9.8198,0.0010,0.0010,0.0010,0.0000,0.4405,-0.0100,-0.0450,0.0854,0.0744,0
0.0000,0.0000,-9.8198,0.0010,0.0010,0.0010,0.0000,0.5048,-0.0100,-0.0380,0.0889,0.0781,0
0.0000,0.0000,-9.8198,0.0010,0.0010,0.0010,0.0000,0.5378,-0.0100,-0.0320,0.0928,0.0821,0
0.0000,0.0000,-9.8198,0.0010,0.0010,0.0010,0.0000,0.8493,-0.0100,-0.0220,0.0966,0.0861,0
0.0000,0.0000,-9.8198,0.0010,0.0010,0.0010,0.0000,0.5840,-0.0100,-0.0120,0.1010,0.0903,0
0.0000,0.0000,-9.8198,0.0010,0.0010,0.0010,0.0000,0.5182,-0.0100,-0.0030,0.1055,0.0948,0
0.0000,0.0000,-9.8198,0.0010,0.0010,0.0010,0.0000,0.7788,-0.0100,0.0050,0.1100,0.0993,0
0.0000,0.0000,-9.8198,0.0010,0.0010,0.0010,0.0000,0.4978,-0.0100,0.0070,0.1144,0.1040,0
0.0000,0.0000,-9.8198,0.0010,0.0010,0.0010,0.0000,0.5749,-0.0100,0.0080,0.1193,0.1085,0
0.0098,0.0000,-9.8198,0.0010,0.0010,0.0010,4.0000,0.4420,-0.0100,0.0090,0.1233,0.1129,0
2.1484,0.0000,-9.8198,0.0010,0.0010,0.0010,30.0000,0.3620,-0.0100,0.0140,0.1280,0.1178,0
5.0423,0.0098,-9.8100,0.0010,0.0010,0.0010,54.0000,0.7232,-0.0100,0.0180,0.1327,0.1214,0
7.9951,-0.0196,-9.8198,0.0010,0.0010,0.0010,80.0000,0.6454,-0.0200,0.0230,0.1376,0.1229,0
10.4673,0.0589,-9.8198,0.0010,0.0010,0.0010,100.0000,2.8982,-0.0200,0.0260,0.1420,0.1210,0
10.5654,0.0000,-9.8100,0.0010,0.0020,0.0010,100.0000,5.7181,-0.0300,0.0290,0.1461,0.1263,0
9.3784,-0.0785,-9.8100,0.0010,0.0030,0.0010,100.0000,7.6039,-0.0300,0.0320,0.1493,0.1366,0
7.9559,-0.0589,-10.4476,0.0010,0.0040,0.0010,100.0000,10.0658,-0.0700,0.0350,0.1524,0.1585,2
6.8081,0.0589,-9.8296,0.0010,0.0060,0.0010,100.0000,11.6176,-0.1700,0.0660,0.1560,0.2052,2
5.6211,0.0294,-9.5255,0.0010,0.0090,0.0010,100.0000,13.7017,-0.1200,0.1040,0.1605,0.3000,2
4.7284,0.0294,-9.7511,0.0010,0.0100,0.0010,100.0000,14.8618,-0.1000,0.1300,0.1646,0.4302,2
3.8553,0.0098,-9.7806,0.0010,0.0120,0.0010,100.0000,16.3084,-0.1000,0.1570,0.1691,0.6033,2
3.2863,0.0000,-9.7904,0.0010,0.0130,0.0010,100.0000,17.1075,-0.0900,0.1810,0.1735,0.7842,2
8.6818,0.0490,-31.4116,-0.0290,1.1910,-0.0040,100.0000,18.2521,-1.4900,0.2590,0.0673,5.8261,2
7.4948,0.1177,-31.1860,-0.0150,0.7000,0.0000,100.0000,19.2248,-8.4800,1.5570,-0.1730,21.9618,2
7.2986,-0.0196,-2.8547,-0.0130,-0.4410,0.0100,100.0000,20.4944,-10.0700,4.2280,-0.4181,22.1751,2
7.3183,0.0981,1.1478,-0.0090,-0.4110,-0.0200,100.0000,21.2245,-7.8900,6.4130,-0.5386,14.9535,2
5.8664,-0.0687,-10.6733,0.0110,0.1260,0.0180,100.0000,22.3026,-6.9600,8.2400,-0.5052,13.0428,2
5.3268,0.2649,-15.7745,-0.0080,0.2270,-0.0220,100.0000,22.9949,-8.3200,10.0420,-0.2029,16.1085,2
5.0129,-0.0883,-11.3502,-0.0170,0.0370,-0.0040,100.0000,23.8614,-9.5300,12.3930,-0.5458,18.0213,2
4.8363,0.1373,-8.1717,0.0330,-0.0640,0.0090,100.0000,24.3613,-9.7000,14.7150,-0.3203,17.7000,2
4.4734,-0.0981,-8.1031,0.0350,-0.0360,0.0000,100.0000,24.9312,-9.4400,17.1960,0.0168,16.7083,2
4.2281,0.0000,-10.5261,-0.0090,0.0330,-0.0030,100.0000,25.2840,-9.6000,19.4720,0.1069,16.9555,2
4.0613,0.1275,-10.0454,0.0080,0.0150,0.0270,100.0000,25.7208,-9.8600,21.9900,0.0485,17.1885,2
3.9240,0.0000,-9.7806,-0.0120,0.0030,-0.0240,100.0000,25.9263,-10.0400,24.3660,-0.0429,17.3221,2
3.7474,0.0883,-9.2999,-0.0010,0.0110,0.0050,100.0000,26.2039,-10.1100,26.9800,-0.3335,17.2680,2
3.5316,0.0000,-9.0939,0.0020,-0.0050,-0.0240,100.0000,26.4017,-10.2100,29.4160,-0.2772,17.3438,2
3.5316,0.1275,-9.7609,0.0320,0.0210,0.0110,100.0000,26.5968,-10.2500,32.0690,-0.1123,17.3743,2
3.4237,-0.0392,-9.1135,0.0000,-0.0090,-0.0250,100.0000,26.7055,-10.3100,34.5300,-0.0211,17.3749,2
3.3550,0.1766,-9.1527,-0.0090,0.0000,0.0020,100.0000,26.8431,-10.2300,37.1880,-0.0878,17.1247,2
3.1981,0.0098,-9.4863,-0.0120,0.0040,0.0000,100.0000,26.9339,-10.2300,39.6330,-0.1038,17.0972,2
3.1392,0.0098,-10.1239,0.0200,0.0350,0.0150,100.0000,27.0967,-10.2900,42.2840,0.0752,17.1809,2
3.2079,0.2158,-9.3685,0.0170,0.0020,-0.0040,100.0000,27.1507,-10.4100,44.7500,0.2914,17.3165,2
3.0803,-0.0589,-9.2704,-0.0250,0.0040,-0.0030,100.0000,27.1815,-10.4200,47.4410,0.0420,17.2712,2
3.0901,0.0589,-9.2116,-0.0030,-0.0040,0.0130,100.0000,27.2418,-10.4200,49.9300,-0.1059,17.2458,2
2.9430,-0.0687,-9.6138,-0.0140,0.0130,-0.0060,100.0000,27.2974,-10.4100,52.6240,-0.1227,17.2606,2
3.1294,-0.0196,-7.9657,0.0090,-0.0600,0.0060,100.0000,27.3465,-10.3200,55.1120,-0.1944,16.9404,2
3.1098,0.1570,-6.2980,-0.0050,-0.1030,-0.0100,100.0000,27.3681,-9.7500,57.7260,-0.1687,15.5884,2
3.0313,0.0785,-6.9553,-0.0030,-0.0680,0.0070,100.0000,27.4127,-9.0500,59.9610,-0.3115,14.1351,2
2.5114,-0.4807,-7.9951,0.2460,-0.0730,0.0520,89.0000,27.5297,-8.6900,62.2460,0.3776,13.3898,2
0.4022,1.5009,-3.7474,1.4290,-0.2570,0.0790,65.0000,27.5202,-7.7200,64.2160,14.1459,10.8290,2
-2.2661,1.0595,-1.5402,1.5710,-0.2570,0.0590,39.0000,27.1143,-5.4800,65.8980,37.1303,6.6672,3
-4.9639,0.2943,-3.9240,1.1740,-0.0310,0.0970,15.0000,26.5376,-3.3500,66.8930,56.8746,4.3044,3
-5.6015,-1.8050,-8.3777,0.0400,0.2200,0.1410,27.0000,25.1944,-1.6000,67.4620,65.0804,3.7027,3
-2.8645,-2.7958,-9.1527,-0.4080,0.1610,0.2540,48.0000,24.2008,-0.7000,67.6890,61.5890,2.4673,3
-0.9908,-2.5506,-5.6800,-0.2250,-0.0050,0.2970,43.0000,23.2350,0.2700,67.7140,56.4990,-0.7817,3
-2.2269,-2.1091,-10.2318,0.0070,0.2620,0.2790,36.0000,22.8874,1.1700,67.4910,55.1518,-3.1161,1
-2.1778,-1.9326,-15.3428,0.0660,0.4180,0.2480,41.0000,22.5139,1.2400,67.1270,55.6611,-2.9886,1
-1.2262,-2.0405,-13.4789,0.0210,0.3280,0.2550,48.0000,22.3366,1.2400,66.8090,55.9250,-2.9844,1
-0.7946,-2.1091,-13.9204,-0.0020,0.3700,0.2590,49.0000,22.1695,1.3900,66.4390,55.7270,-3.2772,1
-0.6867,-2.0012,-16.2846,0.0340,0.4710,0.2570,51.0000,22.2255,1.2700,66.0990,55.5854,-2.9240,1
-0.4218,-1.9718,-16.7849,0.0440,0.4690,0.2570,53.0000,22.2673,0.9300,65.8100,55.8859,-2.1365,1
-0.2845,-2.0601,-16.0786,0.0370,0.4320,0.2520,55.0000,22.4032,0.6700,65.6240,56.2429,-1.5044,3
-0.2845,-2.0699,-15.8628,0.0310,0.4250,0.2470,55.0000,22.5540,0.4700,65.4850,56.5016,-1.0416,3
-0.2943,-1.9424,-15.9118,0.0140,0.4350,0.2640,55.0000,22.6560,0.3200,65.3960,56.5380,-0.8145,3
-0.3924,-2.0699,-15.9511,-0.0350,0.4230,0.2510,55.0000,22.7644,0.1500,65.3510,56.2155,-0.3558,3
-0.5297,-2.1386,-14.8916,-0.0650,0.3720,0.2370,53.0000,22.8528,0.0000,65.3560,55.4500,-0.1152,3
-0.7456,-2.0405,-13.3906,-0.0980,0.3050,0.2460,51.0000,22.8987,0.0200,65.3740,54.1286,-0.3784,3
-1.0104,-2.1974,-12.0957,-0.1380,0.2450,0.2370,47.0000,22.8909,0.1600,65.3690,52.4053,-0.8423,3
-1.2753,-2.0797,-11.0853,-0.1240,0.1870,0.2340,45.0000,22.8216,0.3700,65.3230,50.3659,-1.6344,3
-1.4126,-2.0503,-10.5556,-0.1290,0.1740,0.2400,44.0000,22.7274,0.6400,65.2320,48.3924,-2.4784,3
-1.4911,-1.9326,-11.2226,-0.1390,0.1920,0.2230,43.0000,22.5626,0.8400,65.0670,46.1247,-3.0894,1
-1.5205,-1.9228,-11.5366,-0.1600,0.1850,0.2100,43.0000,22.4746,0.8700,64.8940,43.7582,-3.3182,1
-1.3832,-1.7364,-10.9970,-0.1830,0.1470,0.2160,43.0000,22.3098,0.9100,64.6940,40.9839,-3.7547,1
-1.3832,-1.8835,-10.6635,-0.1950,0.1260,0.1930,43.0000,22.1988,0.9800,64.4850,38.0677,-4.1081,1
-1.2655,-1.6775,-11.1834,-0.1890,0.1340,0.1900,43.0000,22.0413,0.9400,64.2320,34.9901,-4.2508,1
-1.1576,-1.5402,-11.1147,-0.1880,0.1150,0.1770,45.0000,22.0021,0.8300,64.0100,32.2654,-4.2025,1
-0.9908,-1.4715,-10.8695,-0.1820,0.0990,0.1650,45.0000,21.9338,0.7300,63.8060,29.1806,-4.1862,3
-0.8829,-1.2262,-11.1932,-0.1860,0.0990,0.1550,46.0000,21.8689,0.5600,63.6540,26.3896,-3.9274,3
-0.7652,-1.1281,-10.9578,-0.1780,0.0780,0.1430,47.0000,21.8668,0.3500,63.5420,23.3890,-3.6257,2
-0.6180,-1.0202,-10.6144,-0.1610,0.0650,0.1240,47.0000,21.8932,0.2000,63.4810,20.8739,-3.4335,2
-0.5886,-0.9319,-10.4280,-0.1410,0.0430,0.1020,47.0000,21.8933,0.0800,63.4400,18.4887,-3.2740,2
-0.5395,-0.9123,-10.3299,-0.1360,0.0360,0.1140,48.0000,21.8809,-0.0200,63.4300,16.4718,-3.1049,2
-0.5592,-0.7848,-10.6635,-0.1210,0.0500,0.0940,48.0000,21.9096,-0.1700,63.4450,14.5848,-2.7938,2
-0.4022,-0.6965,-10.0356,-0.1120,0.0190,0.0800,49.0000,21.9110,-0.2700,63.4890,12.8820,-2.6900,2
-0.4218,-0.6376,-10.4084,-0.0880,0.0310,0.0690,49.0000,21.9364,-0.3300,63.5510,11.4189,-2.5678,2
-0.3532,-0.5101,-10.6438,-0.0680,0.0510,0.0670,49.0000,21.9498,-0.4600,63.6380,10.1866,-2.2190,2
-0.2943,-0.4709,-10.0062,-0.0830,0.0160,0.0470,50.0000,21.9255,-0.6200,63.7770,9.0235,-1.9400,2
-0.2845,-0.4414,-9.5844,-0.0800,-0.0120,0.0510,50.0000,21.9212,-0.6300,63.9230,7.8844,-1.9742,2
-0.2943,-0.3826,-9.7904,-0.0580,0.0060,0.0500,50.0000,21.9431,-0.5700,64.0610,6.7598,-2.1050,2
-0.2452,-0.3433,-10.2416,-0.0410,0.0260,0.0290,50.0000,21.9441,-0.6400,64.1850,6.1784,-1.8647,2
-0.2354,-0.2354,-10.2711,-0.0420,0.0270,0.0320,50.0000,22.0062,-0.8100,64.3550,5.5230,-1.4683,2
-0.2354,-0.2452,-9.7708,-0.0430,-0.0050,0.0140,50.0000,22.0054,-0.8600,64.5390,4.9323,-1.4426,2
-0.2452,-0.2060,-9.7511,-0.0390,0.0120,0.0400,50.0000,22.0305,-0.7700,64.7290,4.1920,-1.6578,2
-0.2845,-0.2158,-10.0945,-0.0190,0.0180,0.0160,50.0000,22.0583,-0.8100,64.9020,3.7296,-1.5460,2
-0.3139,-0.1668,-10.0552,-0.0230,0.0070,0.0310,50.0000,22.0359,-0.9000,65.1160,3.3734,-1.3142,2
-0.2551,-0.1864,-9.7708,-0.0180,0.0020,0.0160,50.0000,22.0093,-0.8700,65.3290,2.9864,-1.3801,2
-0.2158,-0.0981,-9.6334,-0.0170,0.0010,0.0260,50.0000,22.0012,-0.8200,65.5480,2.6096,-1.5085,2
-0.2551,-0.1472,-9.9670,-0.0160,0.0020,0.0020,50.0000,22.0047,-0.8500,65.7400,2.3079,-1.3780,2
-0.2649,-0.1668,-9.6040,-0.0260,-0.0030,0.0190,50.0000,22.0105,-0.8500,65.9550,1.8711,-1.4151,2
-0.2845,-0.1177,-9.9670,-0.0160,0.0110,0.0050,50.0000,22.0057,-0.8200,66.1460,1.6576,-1.4525,2
-0.3041,-0.0098,-9.9375,-0.0080,0.0000,0.0050,50.0000,21.9555,-0.8700,66.3570,1.5308,-1.3819,2
-0.2354,-0.1275,-9.6432,-0.0190,-0.0100,-0.0040,50.0000,22.0007,-0.8400,66.5560,1.3106,-1.4782,2
-0.3041,-0.0196,-9.7904,-0.0030,0.0020,0.0170,50.0000,21.9705,-0.8200,66.7640,1.1542,-1.4863,2
-0.3433,0.0098,-9.9866,-0.0010,0.0120,0.0170,50.0000,21.9834,-0.8200,66.9520,1.1039,-1.4329,2
-0.3237,-0.0392,-9.5549,-0.0060,-0.0030,0.0060,49.0000,21.9427,-0.8200,67.1620,0.9573,-1.4474,2
-0.2551,-0.0098,-9.7904,-0.0120,-0.0010,0.0210,49.0000,21.9251,-0.7900,67.3500,0.7662,-1.4882,2
-0.2747,-0.0687,-9.9277,-0.0060,0.0050,0.0000,49.0000,21.8919,-0.7800,67.5490,0.6338,-1.4768,2
-0.2551,-0.1373,-9.4765,-0.0200,-0.0210,-0.0060,50.0000,21.8752,-0.7600,67.7310,0.4299,-1.5977,2
-0.2060,0.0392,-9.7904,0.0030,-0.0010,0.0200,50.0000,21.9087,-0.7100,67.9160,0.2780,-1.6960,2
-0.3041,0.1472,-9.9571,0.0220,0.0150,-0.0090,50.0000,21.9175,-0.7100,68.0800,0.5217,-1.6882,2
-0.2452,-0.0883,-9.9571,-0.0060,0.0040,-0.0070,50.0000,21.9506,-0.7700,68.2640,0.5242,-1.5431,2
-0.2747,-0.0981,-9.6530,-0.0110,-0.0090,0.0070,49.0000,21.9096,-0.7800,68.4450,0.2961,-1.5219,2
-0.2747,-0.0098,-9.6825,0.0010,-0.0020,-0.0010,49.0000,21.9124,-0.7700,68.6470,0.2163,-1.5214,2
-0.2649,-0.0490,-9.0546,0.0060,-0.0310,0.0110,49.0000,21.9530,-0.6700,68.8230,0.1949,-1.8110,2
-0.3532,0.0196,-9.9081,-0.0030,0.0250,-0.0060,49.0000,21.9031,-0.5300,68.9740,0.3107,-2.0333,2
-0.3139,-0.0785,-10.6831,-0.0150,0.0290,0.0070,50.0000,21.8945,-0.6800,69.1110,0.1974,-1.6030,2
-0.2158,0.0196,-9.6628,0.0030,-0.0130,-0.0010,50.0000,21.8781,-0.7700,69.3020,0.0444,-1.5402,2
-0.2158,-0.0392,-9.1822,0.0010,-0.0160,0.0070,50.0000,21.8727,-0.6300,69.4680,-0.0117,-1.9438,2
-0.3139,-0.0687,-10.0454,0.0010,0.0190,0.0060,50.0000,21.8918,-0.5900,69.6220,0.0855,-1.9466,2
-0.2649,0.0490,-10.4476,0.0070,0.0290,0.0050,50.0000,21.9372,-0.7100,69.7790,0.1306,-1.5831,2
-0.2747,0.0883,-9.2999,0.0060,-0.0260,-0.0070,49.0000,21.9267,-0.7400,69.9720,0.2585,-1.6170,2
-0.2649,0.0000,-9.0939,-0.0030,-0.0210,-0.0010,49.0000,21.8937,-0.5600,70.1200,0.1128,-2.0571,2
-0.2551,0.0589,-9.8492,0.0030,0.0030,0.0080,50.0000,21.9404,-0.5100,70.2460,0.0442,-2.0894,2
-0.2943,-0.0294,-10.4673,-0.0030,0.0290,0.0020,50.0000,21.9795,-0.6200,70.3720,0.0990,-1.7317,2
-0.2551,-0.0196,-9.9866,0.0040,0.0060,0.0050,50.0000,21.9932,-0.7300,70.5500,-0.0013,-1.5614,2
-0.3237,-0.0294,-9.4176,0.0210,-0.0110,-0.0020,49.0000,22.0063,-0.6600,70.7240,0.0992,-1.8172,2
-0.3433,0.0392,-9.7806,0.0020,0.0050,0.0060,49.0000,21.9489,-0.6000,70.8870,0.1232,-1.9464,2
-0.3924,-0.0392,-10.1730,0.0060,0.0160,0.0110,49.0000,21.9649,-0.6400,71.0340,0.1026,-1.7781,2
-0.2943,-0.0490,-9.5648,-0.0070,-0.0090,-0.0010,49.0000,21.9475,-0.6700,71.2100,0.0578,-1.7557,2
-0.3335,0.0392,-9.5157,0.0090,-0.0110,0.0140,49.0000,21.9411,-0.5900,71.3600,0.0007,-1.9320,2
-0.3826,0.0000,-9.7609,0.0040,-0.0010,0.0000,49.0000,21.9284,-0.5400,71.5020,0.1370,-2.0130,2
-0.3335,0.0785,-10.1435,-0.0110,0.0250,0.0060,50.0000,21.9032,-0.5500,71.6240,0.1442,-1.9420,2
-0.3041,0.0098,-10.1435,-0.0030,0.0110,-0.0020,50.0000,21.9586,-0.6700,71.7810,0.0451,-1.6843,2
-0.2649,-0.0883,-9.3882,-0.0020,-0.0160,0.0030,49.0000,21.9769,-0.6300,71.9370,-0.0093,-1.9207,2
-0.3237,-0.0098,-9.6825,0.0150,0.0070,0.0010,49.0000,21.9819,-0.5400,72.0830,0.0475,-2.1154,2
-0.3728,0.0490,-10.0847,0.0160,0.0090,0.0050,49.0000,22.0140,-0.5900,72.2100,0.1883,-1.9500,2
-0.3237,0.0098,-10.0651,0.0050,0.0130,-0.0040,49.0000,21.9961,-0.6700,72.3640,0.2735,-1.7131,2
-0.2943,0.0000,-9.5255,-0.0020,-0.0190,0.0010,49.0000,21.9605,-0.6800,72.5260,0.1821,-1.7208,2
-0.3041,0.0392,-9.6040,-0.0020,-0.0050,0.0040,49.0000,21.9500,-0.6000,72.6840,0.0390,-1.8956,2
-0.3433,0.0589,-9.5648,0.0070,-0.0070,0.0000,49.0000,21.9513,-0.5400,72.8180,0.0483,-2.0345,2
-0.3532,0.0589,-9.9768,-0.0070,0.0130,0.0000,49.0000,21.9332,-0.5300,72.9550,0.0380,-2.0372,2
-0.2845,-0.0098,-9.9866,-0.0050,0.0010,-0.0060,50.0000,21.9100,-0.5900,73.0930,-0.0364,-1.9363,2
-0.3041,0.0000,-9.9375,-0.0030,0.0050,0.0010,50.0000,21.8972,-0.6300,73.2550,-0.1337,-1.8649,2
-0.2452,0.0294,-9.5746,0.0070,-0.0120,-0.0040,50.0000,21.9482,-0.6300,73.4080,-0.0655,-1.9096,2
-0.3335,-0.0098,-9.4666,-0.0010,-0.0130,0.0010,49.0000,21.9938,-0.5400,73.5560,-0.0575,-2.0950,2
-0.3728,0.0589,-9.9179,0.0080,0.0090,0.0000,49.0000,21.9854,-0.5300,73.6750,0.0152,-2.0351,2
-0.3237,0.0589,-9.9964,0.0030,0.0060,0.0060,50.0000,21.9851,-0.5900,73.8140,0.0627,-1.8658,2
-0.3139,0.0000,-9.4666,0.0010,-0.0080,0.0020,49.0000,21.9742,-0.5600,73.9530,0.0465,-1.9896,2
-0.2943,0.0589,-9.8296,-0.0020,0.0090,-0.0010,50.0000,21.9742,-0.5100,74.0850,0.0147,-2.0481,2
-0.2943,0.0687,-9.9866,0.0030,0.0090,0.0010,50.0000,21.9957,-0.5600,74.2090,-0.0692,-1.9652,2
-0.3041,0.0098,-10.1632,-0.0080,0.0000,0.0010,49.0000,22.0287,-0.6600,74.3630,-0.0530,-1.7433,2
-0.2943,-0.0785,-9.5844,0.0010,-0.0060,0.0000,49.0000,22.0223,-0.6200,74.5170,-0.0874,-1.9035,2
-0.3433,0.1177,-9.6138,0.0180,-0.0040,0.0110,49.0000,21.9851,-0.5900,74.6730,-0.0822,-1.9638,2
-0.3630,0.0196,-9.8689,0.0060,0.0060,-0.0100,49.0000,21.9809,-0.5500,74.8090,0.0277,-1.9982,2
-0.3139,0.0196,-9.6825,0.0020,-0.0140,0.0140,49.0000,21.9517,-0.5600,74.9540,0.0513,-1.9726,2
-0.2452,0.0981,-9.5844,0.0060,-0.0050,0.0040,50.0000,21.9578,-0.5000,75.0820,0.0841,-2.1161,2
-0.3826,0.0294,-10.2220,0.0040,0.0280,-0.0050,49.0000,21.9473,-0.5200,75.2150,0.1873,-1.9888,2
-0.3237,0.0000,-10.2416,-0.0110,0.0160,0.0120,50.0000,21.9966,-0.6300,75.3520,0.0907,-1.7439,2
-0.2943,-0.0196,-9.6334,-0.0030,-0.0090,-0.0050,50.0000,21.9933,-0.6500,75.5240,0.0408,-1.8220,2
-0.3335,0.0785,-9.2214,0.0080,-0.0200,0.0010,49.0000,22.0251,-0.5400,75.6720,0.0024,-2.1371,2
-0.4513,0.0785,-10.0356,0.0080,0.0170,0.0060,49.0000,21.9768,-0.4900,75.8020,0.0084,-2.1424,2
-0.3433,0.0294,-10.3790,-0.0100,0.0160,-0.0020,49.0000,21.9595,-0.6200,75.9330,-0.0242,-1.7707,2
-0.3139,0.0000,-9.2018,0.0000,-0.0290,-0.0070,50.0000,21.9660,-0.6200,76.1030,-0.0938,-1.8713,2
-0.3237,0.0196,-9.4470,0.0060,-0.0050,0.0040,49.0000,21.9684,-0.4800,76.2330,-0.1447,-2.1554,2
-0.3433,0.0392,-10.3005,0.0070,0.0300,0.0000,49.0000,22.0008,-0.4900,76.3520,-0.0189,-2.0423,2
-0.3041,0.0000,-10.1043,-0.0040,0.0070,-0.0060,49.0000,22.0181,-0.6000,76.4850,-0.0581,-1.8033,2
-0.3532,0.0000,-9.4078,0.0040,-0.0210,0.0090,49.0000,21.9704,-0.5800,76.6410,-0.1191,-1.9511,2
-0.3237,0.0098,-9.3784,0.0020,-0.0100,-0.0030,49.0000,21.9627,-0.4500,76.7610,-0.0540,-2.2983,2
-0.3924,0.0000,-10.8106,0.0000,0.0480,0.0030,49.0000,21.9696,-0.5400,76.8740,-0.0032,-1.9513,2
-0.2845,0.0000,-9.8689,0.0040,-0.0040,-0.0030,50.0000,21.9799,-0.6900,77.0220,0.0553,-1.6799,2
-0.2943,-0.0490,-9.0644,-0.0010,-0.0320,0.0070,49.0000,21.9789,-0.5600,77.1860,0.0841,-2.0517,2
-0.3237,0.0589,-9.7609,0.0090,0.0100,0.0020,49.0000,22.0022,-0.4400,77.2990,0.0198,-2.2165,2
-0.3532,-0.0589,-10.2514,0.0040,0.0090,0.0000,49.0000,22.0191,-0.5700,77.4310,0.0785,-1.8505,2
-0.3041,0.0392,-9.6628,0.0040,-0.0050,0.0090,49.0000,22.0418,-0.5800,77.5790,0.1362,-1.9004,2
-0.3532,0.0000,-9.6530,-0.0010,0.0020,-0.0110,49.0000,22.0265,-0.5400,77.7260,0.2078,-2.0287,2
-0.3630,-0.0785,-10.0356,-0.0120,0.0170,0.0060,49.0000,22.0314,-0.5400,77.8560,0.1103,-2.0192,2
-0.3826,0.0000,-9.9571,0.0030,0.0010,0.0050,49.0000,22.0339,-0.6000,78.0070,0.0104,-1.9037,2
-0.3237,-0.0294,-9.6825,0.0140,-0.0020,-0.0010,49.0000,22.0003,-0.5800,78.1500,0.0489,-1.9684,2
-0.4316,-0.0196,-9.8394,-0.0010,0.0070,0.0000,49.0000,21.9905,-0.5800,78.2980,0.1057,-1.9277,2
-0.2943,0.0000,-9.4568,0.0050,-0.0150,0.0000,49.0000,21.9425,-0.5400,78.4330,0.0758,-2.0412,2
-0.3041,0.0000,-9.7806,0.0080,0.0060,0.0060,49.0000,21.9498,-0.5000,78.5680,0.1218,-2.0631,2
-0.3139,-0.0589,-9.9964,0.0160,0.0150,0.0040,50.0000,21.9776,-0.5200,78.6890,0.2767,-2.0167,2
-0.2845,-0.0687,-9.7609,-0.0060,-0.0010,-0.0010,50.0000,21.9419,-0.5400,78.8240,0.2672,-2.0078,2
-0.2649,-0.0098,-9.8885,-0.0120,0.0070,0.0050,50.0000,21.9608,-0.5500,78.9530,0.1786,-2.0188,2
-0.2943,0.0490,-9.9277,0.0110,0.0120,0.0030,50.0000,21.9672,-0.5600,79.0970,0.1017,-2.0121,2
-0.3532,0.0000,-9.9375,0.0010,0.0010,0.0000,49.0000,21.9784,-0.6100,79.2380,0.1592,-1.8790,2
-0.2943,0.0490,-9.3489,0.0040,-0.0350,0.0000,50.0000,22.0314,-0.5900,79.3980,0.0715,-1.9676,2
-0.3728,-0.0490,-9.4470,0.0000,-0.0140,0.0050,49.0000,22.0345,-0.4800,79.5290,-0.0046,-2.2090,2
-0.4120,-0.0098,-10.3495,-0.0030,0.0250,-0.0010,49.0000,22.0386,-0.4900,79.6550,-0.0630,-2.0679,2
-0.3924,0.0294,-10.0160,0.0090,0.0080,0.0090,49.0000,22.0297,-0.5900,79.7890,-0.0391,-1.8302,2
-0.3237,0.0392,-9.4765,0.0120,-0.0210,-0.0010,49.0000,21.9765,-0.5900,79.9490,0.0370,-1.9287,2
-0.3630,-0.0589,-9.5746,-0.0030,-0.0030,-0.0090,49.0000,21.9996,-0.4900,80.0790,0.0459,-2.1832,2
-0.4218,-0.0294,-10.2514,0.0010,0.0310,0.0170,49.0000,22.0213,-0.4900,80.2010,-0.0205,-2.1334,2
-0.3237,0.0589,-10.1828,0.0060,0.0100,0.0000,49.0000,22.0100,-0.6300,80.3370,0.0288,-1.8145,2
-0.3237,-0.0294,-9.1429,0.0180,-0.0220,0.0060,49.0000,22.0067,-0.5700,80.4950,0.1610,-2.0456,2
-0.4120,-0.0589,-9.8492,-0.0030,0.0050,0.0060,49.0000,21.9849,-0.5200,80.6190,0.1403,-2.0556,2
-0.3433,0.0294,-9.8787,0.0000,-0.0010,0.0010,49.0000,21.9708,-0.5300,80.7540,0.0138,-2.0170,2
-0.3237,-0.0098,-9.7609,0.0060,0.0020,0.0050,49.0000,22.0032,-0.5100,80.8800,0.0253,-2.0621,2
-0.3041,0.0981,-9.8590,0.0030,0.0130,0.0050,49.0000,21.9849,-0.4900,81.0100,0.1147,-2.1064,2
-0.3728,-0.0098,-10.0160,0.0010,0.0140,0.0000,49.0000,21.9890,-0.5400,81.1330,0.1019,-2.0068,2
-0.2747,0.0000,-9.7315,-0.0040,-0.0150,-0.0020,49.0000,22.0157,-0.6000,81.2780,0.1522,-1.9424,2
-0.3433,-0.0196,-9.9866,0.0000,0.0110,0.0100,49.0000,22.0247,-0.5700,81.4130,0.0240,-1.9738,2
-0.3237,0.0589,-9.7511,0.0090,-0.0040,0.0130,49.0000,22.0269,-0.5500,81.5610,0.0811,-2.0181,2
-0.3630,0.0294,-9.8689,-0.0040,0.0000,-0.0030,49.0000,22.0310,-0.5800,81.6990,0.1138,-1.9216,2
-0.3924,-0.0490,-9.7708,-0.0080,-0.0010,0.0030,49.0000,21.9719,-0.5600,81.8520,0.0649,-1.9475,2
-0.3826,0.0000,-9.4078,-0.0110,-0.0170,0.0080,49.0000,21.9582,-0.4900,81.9780,-0.1048,-2.1499,2
-0.3237,0.0000,-10.1632,-0.0020,0.0250,0.0030,49.0000,21.9306,-0.5000,82.1070,-0.1582,-2.0186,2
-0.2943,-0.0883,-10.0651,0.0150,0.0110,-0.0040,50.0000,21.9554,-0.5900,82.2470,-0.1485,-1.8574,2
-0.3139,0.0000,-9.4470,0.0080,-0.0180,0.0030,50.0000,21.9462,-0.5700,82.4070,0.0046,-2.0287,2
-0.3139,0.0196,-9.7119,0.0090,0.0020,-0.0020,49.0000,22.0108,-0.5000,82.5360,0.0494,-2.1881,2
-0.3630,-0.0294,-9.8198,0.0060,0.0070,-0.0020,49.0000,21.9991,-0.5300,82.6730,0.1278,-2.0964,2
-0.3728,-0.0687,-9.9571,-0.0030,0.0100,0.0120,49.0000,21.9972,-0.5900,82.8050,0.0249,-1.9049,2
-0.3532,0.0000,-9.8590,-0.0040,0.0010,0.0090,49.0000,21.9999,-0.6100,82.9610,0.0010,-1.8473,2
-0.2845,-0.0490,-9.1625,-0.0030,-0.0280,0.0000,49.0000,21.9709,-0.5100,83.1000,0.0239,-2.1574,2
-0.3335,0.0687,-9.7708,0.0120,0.0090,-0.0060,49.0000,22.0082,-0.4100,83.2170,0.1078,-2.3002,2
-0.3728,0.0490,-10.4771,0.0040,0.0280,0.0090,49.0000,21.9942,-0.5100,83.3280,0.1795,-2.0137,2
-0.2747,0.0098,-9.8590,-0.0060,0.0020,0.0020,49.0000,21.9809,-0.6200,83.4840,0.1503,-1.8557,2
-0.2649,-0.0196,-9.4470,-0.0010,-0.0130,0.0090,49.0000,22.0319,-0.5600,83.6300,0.0695,-2.0766,2
-0.4120,0.0490,-9.8689,0.0000,0.0090,0.0000,49.0000,22.0072,-0.5000,83.7650,0.0152,-2.1619,2
-0.4022,0.0785,-10.0356,0.0030,0.0100,0.0020,49.0000,21.9936,-0.5600,83.8930,0.0112,-1.9669,2
-0.3433,-0.0294,-9.8394,0.0010,0.0030,0.0100,49.0000,21.9565,-0.5700,84.0430,-0.0987,-1.9270,2
-0.2845,0.0000,-9.4961,0.0060,-0.0150,-0.0030,50.0000,21.9621,-0.5400,84.1800,-0.1060,-2.0400,2
-0.4022,0.0000,-9.9866,-0.0020,0.0070,0.0130,49.0000,22.0120,-0.4800,84.3110,0.0389,-2.1251,2
-0.3433,0.0000,-9.6432,0.0120,0.0020,0.0030,49.0000,22.0230,-0.4700,84.4280,0.0636,-2.1724,2
-0.3041,0.0098,-9.9277,-0.0040,0.0090,-0.0040,49.0000,22.0217,-0.4900,84.5510,0.0670,-2.1268,2
-0.3041,0.0589,-10.0552,-0.0030,0.0130,0.0020,49.0000,22.0038,-0.5600,84.6760,0.0196,-1.9597,2
-0.3924,0.0687,-9.7708,0.0060,0.0040,0.0050,49.0000,21.9976,-0.5800,84.8260,-0.1161,-1.9762,2
-0.3924,0.0098,-9.6628,-0.0050,0.0010,0.0000,49.0000,21.9818,-0.5700,84.9610,-0.0765,-1.9706,2
-0.2845,0.0000,-9.7021,-0.0050,-0.0100,0.0070,49.0000,21.9832,-0.5400,85.0990,-0.2990,-2.0303,2
-0.2452,0.0392,-9.6040,0.0080,-0.0100,0.0110,50.0000,21.9760,-0.5000,85.2220,-0.2374,-2.1159,2
-0.2845,-0.0098,-9.9964,0.0180,0.0080,-0.0160,49.0000,22.0173,-0.5100,85.3560,0.0276,-2.0493,2
-0.3237,0.0000,-10.1926,-0.0050,0.0160,0.0000,49.0000,22.0268,-0.5600,85.4910,-0.0268,-1.8943,2
-0.3924,0.0490,-9.8885,0.0060,0.0010,0.0020,49.0000,22.0141,-0.6100,85.6520,-0.0346,-1.8477,2
-0.3335,0.0098,-9.2803,-0.0090,-0.0100,0.0040,49.0000,21.9984,-0.5200,85.7940,-0.0588,-2.1685,2
-0.2845,0.0000,-10.1239,0.0060,0.0190,0.0060,49.0000,21.9987,-0.5000,85.9230,-0.0109,-2.1596,2
-0.3335,0.0000,-10.1141,-0.0120,0.0020,0.0010,49.0000,21.9843,-0.6100,86.0610,-0.0343,-1.8936,2
-0.3433,0.0392,-9.9670,-0.0030,0.0010,0.0080,49.0000,21.9559,-0.6100,86.2220,-0.1526,-1.8743,2
-0.3532,0.0000,-9.5059,-0.0020,-0.0100,-0.0020,49.0000,21.9773,-0.5800,86.3670,-0.1854,-1.9856,2
-0.2845,-0.0490,-9.4961,0.0150,-0.0020,0.0100,49.0000,21.9885,-0.4800,86.5060,-0.1033,-2.2059,2
-0.3630,0.0392,-10.0454,0.0090,0.0130,0.0050,49.0000,21.9739,-0.4800,86.6160,-0.0687,-2.1261,2
-0.3335,-0.0490,-10.0651,-0.0080,0.0060,-0.0120,49.0000,22.0290,-0.5900,86.7510,0.0185,-1.8960,2
-0.3237,-0.0098,-9.6236,0.0000,-0.0050,0.0060,49.0000,22.0319,-0.5700,86.8930,-0.1152,-2.0208,2
-0.3532,-0.0098,-9.7119,0.0150,0.0110,0.0070,49.0000,22.0070,-0.5200,87.0350,-0.0653,-2.1432,2
-0.3532,0.0392,-10.1043,0.0270,0.0130,0.0000,49.0000,22.0134,-0.5500,87.1650,0.1633,-2.0143,2
-0.4611,-0.0196,-9.7413,-0.0050,-0.0060,-0.0090,49.0000,21.9846,-0.6000,87.3170,0.2125,-1.8930,2
-0.2943,-0.0294,-9.3293,-0.0090,-0.0230,0.0080,49.0000,21.9899,-0.5200,87.4530,-0.0349,-2.1189,2
-0.4022,-0.0589,-9.8394,0.0150,0.0140,-0.0020,49.0000,21.9780,-0.4300,87.5730,-0.0715,-2.2606,2
-0.3826,0.0490,-10.4280,0.0120,0.0320,0.0070,49.0000,21.9439,-0.5300,87.6890,0.1811,-1.9323,2
-0.3041,-0.0392,-9.8296,0.0180,-0.0020,0.0110,50.0000,21.9456,-0.6300,87.8440,0.3414,-1.7671,2
-0.1864,-0.0589,-8.9663,-0.0140,-0.0270,-0.0040,49.0000,21.9446,-0.4900,87.9830,0.3063,-2.2154,2
-0.3335,0.0098,-9.9179,-0.0010,0.0070,0.0100,49.0000,21.9852,-0.4100,88.0940,0.0581,-2.3401,2
-0.3433,0.0392,-10.5163,-0.0080,0.0380,0.0120,50.0000,21.9782,-0.4900,88.1980,0.0396,-2.0907,2
-0.3335,0.0000,-10.2416,0.0080,0.0080,0.0000,50.0000,21.9974,-0.6800,88.3520,-0.0234,-1.6751,2
-0.3139,-0.0196,-9.0350,0.0050,-0.0360,-0.0010,49.0000,21.9781,-0.5900,88.5060,0.0528,-2.0013,2
-0.3433,-0.0098,-9.3685,0.0010,-0.0110,0.0040,49.0000,21.9949,-0.4200,88.6310,0.2052,-2.3331,2
-0.3826,0.0098,-10.6046,0.0050,0.0360,0.0000,49.0000,22.0130,-0.5200,88.7350,0.1392,-1.9547,2
-0.2943,0.0000,-9.7217,-0.0050,-0.0100,0.0070,50.0000,22.0318,-0.6500,88.8930,0.1688,-1.7367,2
-0.2845,0.0589,-9.2410,0.0030,-0.0270,0.0060,49.0000,22.0216,-0.5500,89.0430,0.0845,-2.0692,2
-0.3728,-0.0785,-9.8689,0.0000,0.0220,0.0030,49.0000,22.0201,-0.4200,89.1640,0.0565,-2.3258,2
-0.3335,0.0196,-10.5948,0.0000,0.0330,0.0070,49.0000,22.0262,-0.6000,89.2830,0.0263,-1.8380,2
-0.2943,0.0000,-9.6138,0.0040,-0.0160,0.0000,49.0000,22.0011,-0.6700,89.4550,0.0129,-1.7754,2
-0.2747,-0.0392,-9.1723,0.0030,-0.0180,0.0100,49.0000,22.0125,-0.5200,89.6000,0.0993,-2.1509,2
-0.4218,0.0687,-9.8590,-0.0010,0.0160,0.0080,49.0000,22.0277,-0.4500,89.7210,0.1568,-2.2113,2
-0.3826,-0.0687,-10.2613,0.0020,0.0200,-0.0050,49.0000,22.0112,-0.5600,89.8370,0.1687,-1.8832,2
-0.3237,-0.0294,-9.6530,0.0060,-0.0120,0.0060,49.0000,21.9780,-0.5900,89.9870,0.1046,-1.8835,2
-0.3139,-0.0392,-9.4863,0.0020,-0.0100,0.0150,50.0000,21.9778,-0.5000,90.1150,0.1067,-2.1249,2
-0.3433,-0.0392,-9.8983,0.0070,0.0060,-0.0120,50.0000,22.0002,-0.4600,90.2370,0.0881,-2.2011,2
-0.3728,0.0000,-10.4476,0.0000,0.0260,0.0030,50.0000,22.0207,-0.5500,90.3550,0.1049,-1.9461,2
-0.3139,0.0098,-9.8689,0.0090,0.0020,-0.0020,50.0000,22.0075,-0.6400,90.5150,0.1825,-1.7875,2
-0.3335,-0.0098,-9.5648,-0.0010,-0.0020,0.0050,49.0000,22.0152,-0.6100,90.6740,0.1299,-1.8585,2
-0.3728,0.0294,-9.1920,-0.0030,-0.0220,0.0050,49.0000,21.9944,-0.4900,90.8290,0.1007,-2.1929,2
-0.3630,-0.0490,-10.2809,0.0080,0.0270,0.0000,49.0000,21.9843,-0.5000,90.9440,0.0778,-2.0419,2
-0.3532,0.0098,-10.0160,0.0050,0.0080,0.0030,50.0000,21.9627,-0.6000,91.0930,-0.0448,-1.8279,2
-0.3532,-0.0589,-9.3685,0.0000,-0.0170,-0.0050,49.0000,21.9366,-0.5600,91.2420,0.0239,-1.9970,2
-0.2747,-0.0687,-9.4274,0.0080,-0.0020,0.0090,50.0000,21.9819,-0.4500,91.3760,0.0389,-2.2875,2
-0.3335,0.0000,-10.1337,0.0020,0.0200,-0.0030,49.0000,21.9953,-0.4900,91.4910,0.1074,-2.1445,2
-0.4218,-0.0589,-10.3103,0.0140,0.0220,0.0000,49.0000,21.9966,-0.6100,91.6430,0.1117,-1.8450,2
-0.4120,0.0392,-9.2901,0.0040,-0.0240,0.0110,49.0000,22.0126,-0.5900,91.7990,0.2442,-2.0219,2
-0.3433,-0.0785,-9.7021,0.0040,0.0020,-0.0070,49.0000,22.0229,-0.4900,91.9380,0.2972,-2.1757,2
-0.3924,0.0000,-9.8885,-0.0030,0.0100,0.0040,49.0000,21.9900,-0.5100,92.0620,0.2335,-2.1057,2
-0.3532,-0.0392,-9.9473,0.0040,-0.0070,-0.0060,49.0000,22.0182,-0.5800,92.2060,0.2243,-1.9347,2
-0.3728,-0.0098,-9.6628,-0.0110,0.0000,0.0070,49.0000,21.9959,-0.5400,92.3420,0.1334,-2.0494,2
-0.4316,0.0196,-9.6432,0.0250,-0.0020,0.0050,49.0000,22.0259,-0.5000,92.4790,0.2951,-2.1670,2
-0.4120,0.0196,-9.9179,0.0030,0.0060,0.0030,49.0000,22.0154,-0.4900,92.5990,0.4301,-2.1788,2
-0.3924,-0.0589,-10.1239,-0.0140,0.0180,0.0030,49.0000,22.0061,-0.5600,92.7350,0.3003,-2.0151,2
-0.3433,0.0000,-9.6530,-0.0050,0.0020,0.0060,49.0000,21.9621,-0.5600,92.8700,0.0897,-2.0340,2
-0.3630,-0.0196,-9.8100,0.0070,0.0060,0.0000,49.0000,21.9736,-0.5300,93.0090,0.0883,-2.0493,2
-0.3335,-0.0392,-9.4274,0.0120,-0.0070,-0.0010,49.0000,21.9773,-0.5000,93.1360,0.1722,-2.1434,2
-0.3139,0.0785,-9.8394,0.0070,0.0050,0.0110,49.0000,21.9529,-0.4700,93.2590,0.1839,-2.1730,2
-0.3826,0.0000,-10.1435,-0.0020,0.0120,0.0010,49.0000,21.9571,-0.5300,93.3790,0.2485,-1.9732,2
-0.3532,-0.0589,-9.6727,-0.0030,0.0000,0.0010,50.0000,21.9821,-0.5300,93.5270,0.1625,-2.0403,2
-0.3041,-0.0098,-9.7904,0.0050,-0.0080,-0.0010,49.0000,22.0166,-0.5600,93.6660,0.2218,-2.0244,2
-0.2943,-0.0196,-9.8198,-0.0090,0.0030,0.0050,49.0000,22.0233,-0.5600,93.8130,0.1288,-2.0267,2
-0.3630,0.0196,-9.9277,0.0000,0.0050,0.0020,49.0000,22.0354,-0.5900,93.9490,0.0439,-1.9401,2
-0.3532,-0.0490,-9.5353,0.0220,-0.0090,-0.0040,49.0000,21.9813,-0.5600,94.0990,0.1669,-2.0429,2
-0.3826,-0.0490,-9.7413,0.0020,0.0050,0.0080,49.0000,21.9544,-0.5000,94.2250,0.2305,-2.1435,2
-0.3924,0.0000,-9.9179,0.0020,0.0100,0.0050,49.0000,21.9314,-0.4900,94.3600,0.2162,-2.1102,2
-0.4120,0.0000,-10.0651,0.0040,0.0160,-0.0040,50.0000,21.9538,-0.5500,94.4880,0.2434,-1.9498,2
-0.3139,-0.0490,-9.7119,0.0070,0.0040,0.0010,49.0000,21.9749,-0.5600,94.6330,0.2597,-1.9763,2
-0.3237,-0.0589,-9.7413,0.0000,0.0040,-0.0050,49.0000,21.9748,-0.5300,94.7620,0.2531,-2.0774,2
-0.3335,0.0000,-9.6530,0.0060,-0.0030,-0.0020,49.0000,21.9620,-0.5100,94.8970,0.2412,-2.1653,2
-0.3532,-0.1079,-10.0945,-0.0060,0.0140,0.0030,49.0000,21.9710,-0.5100,95.0170,0.2644,-2.1091,2
-0.3630,0.0196,-10.0651,0.0030,0.0090,0.0090,50.0000,21.9542,-0.6000,95.1600,0.1931,-1.8775,2
-0.2452,-0.0294,-9.4863,0.0090,-0.0120,0.0070,49.0000,21.9908,-0.5800,95.3050,0.2913,-1.9777,2
-0.3532,-0.0883,-9.4666,-0.0030,-0.0040,0.0030,49.0000,21.9962,-0.4500,95.4370,0.3144,-2.2473,2
-0.4120,0.0294,-10.3299,0.0070,0.0310,0.0110,49.0000,21.9787,-0.4800,95.5420,0.2485,-2.0814,2
-0.3139,-0.0392,-10.1337,0.0060,0.0080,-0.0020,50.0000,22.0227,-0.6200,95.6890,0.2955,-1.7557,2
-0.2943,-0.0098,-9.2410,-0.0020,-0.0260,-0.0050,49.0000,22.0114,-0.5800,95.8390,0.2441,-1.9730,2
-0.3532,-0.0196,-9.5942,-0.0010,-0.0010,0.0070,49.0000,21.9775,-0.4900,95.9810,0.1589,-2.1953,2
-0.3433,0.0294,-10.2122,-0.0040,0.0210,0.0060,49.0000,22.0169,-0.5100,96.0970,0.1209,-2.0807,2
-0.3728,0.0098,-9.9768,0.0000,0.0110,0.0040,49.0000,21.9867,-0.5900,96.2450,0.1847,-1.9234,2
-0.3335,-0.0981,-9.6923,0.0040,-0.0060,0.0030,49.0000,22.0076,-0.6000,96.3950,0.2619,-1.9173,2
-0.2845,-0.0196,-9.2508,-0.0030,-0.0220,0.0000,49.0000,22.0241,-0.5000,96.5410,0.2626,-2.1813,2
-0.3728,-0.0098,-9.8787,0.0050,0.0130,0.0140,49.0000,22.0052,-0.4600,96.6530,0.2415,-2.1850,2
-0.3532,-0.0490,-10.1141,0.0000,0.0190,-0.0030,49.0000,22.0175,-0.5200,96.7810,0.1787,-2.0031,2
-0.2943,0.0000,-9.6432,0.0130,-0.0010,0.0070,49.0000,21.9795,-0.5500,96.9170,0.2652,-2.0026,2
-0.2943,-0.0098,-9.7609,0.0150,-0.0090,0.0030,49.0000,22.0230,-0.5500,97.0660,0.4200,-2.0289,2
-0.3728,-0.0196,-9.8002,-0.0010,0.0130,0.0100,49.0000,21.9762,-0.5100,97.1990,0.3052,-2.1328,2
-0.3826,0.0196,-10.1043,-0.0080,-0.0010,0.0040,49.0000,22.0054,-0.6100,97.3480,0.1932,-1.8958,2
-0.2845,0.0000,-9.4961,0.0000,-0.0170,0.0060,49.0000,22.0054,-0.5600,97.4960,0.1448,-2.0593,2
-0.3924,0.0098,-9.6334,0.0110,-0.0050,0.0000,49.0000,22.0230,-0.4700,97.6310,0.2904,-2.2116,2
-0.3924,0.7946,-10.5163,-0.4660,0.0550,-0.0960,50.0000,22.0245,-0.5000,97.7430,-0.9497,-2.0160,2
-0.3630,-1.0987,-11.6150,-1.5430,0.0130,-0.1040,50.0000,21.9534,-0.8700,97.9220,-18.6230,-1.6013,2
0.0196,-0.3433,-10.3299,-1.6150,0.0670,-0.1070,58.0000,21.9773,-0.6300,98.1270,-40.8259,-2.0151,3
1.1772,0.1668,-15.1761,-1.1570,0.5140,-0.1510,75.0000,22.1157,0.0700,98.1990,-62.6871,-1.6391,3
2.2857,1.7560,-30.2246,-0.0270,1.2290,-0.1790,71.0000,22.3769,0.1600,98.1410,-69.6755,1.0978,3
1.4911,3.1882,-42.0555,1.4850,1.3480,-0.1180,69.0000,22.8989,-2.0400,98.3210,-58.3616,8.1210,3
-0.0981,3.3354,-19.1099,1.6990,0.1040,-0.2020,45.0000,23.0583,-5.2000,99.2730,-37.5382,12.5439,3
-1.4715,2.7860,6.5335,1.6530,-0.8680,-0.1590,19.0000,22.8166,-3.5800,100.5690,-12.5001,4.1172,2
-4.0711,1.9914,7.3477,1.4960,-0.7400,-0.1040,0.0000,22.3194,0.7500,100.8890,9.5688,-7.9766,2
-5.5525,0.1864,-5.4838,0.4900,0.0000,-0.0580,7.0000,21.3178,3.3700,100.2450,24.9526,-12.5144,1
-4.0810,-1.4028,-13.3808,-0.1930,0.2510,0.0970,24.0000,20.6537,3.1400,99.4140,25.3123,-10.2299,1
-2.1288,-1.3636,-11.9682,-0.0220,0.1180,0.1950,31.0000,19.9882,2.3500,98.7090,22.4012,-8.6837,1
-1.2262,-0.7946,-10.9578,0.3440,0.1140,0.1740,37.0000,19.7525,2.1300,98.1780,24.5726,-8.4984,1
-0.5886,-0.7161,-12.4685,0.4400,0.2060,0.1510,41.0000,19.6549,1.8900,97.6470,30.4155,-7.4530,1
-0.0392,-1.1281,-13.4005,0.3400,0.2600,0.1730,48.0000,19.7284,1.5100,97.2310,35.2518,-5.8644,1
0.4905,-1.2361,-13.1258,0.2840,0.2600,0.2020,51.0000,20.0632,1.1500,96.8890,39.3421,-4.6768,1
0.7357,-1.5598,-13.6359,0.2510,0.3020,0.2190,55.0000,20.3094,0.8900,96.6410,42.6435,-3.6719,1
0.9418,-1.5500,-14.9014,0.2610,0.3610,0.2330,58.0000,20.7428,0.5300,96.4580,46.1593,-2.5155,3
1.0889,-1.6481,-15.2055,0.1990,0.3870,0.2420,61.0000,21.0964,0.1900,96.3780,49.0502,-1.4589,3
1.2361,-1.8443,-16.1767,0.1620,0.4380,0.2330,63.0000,21.5750,-0.1700,96.3870,51.6672,-0.3361,3
1.1674,-1.8443,-16.2552,0.1320,0.4390,0.2480,65.0000,21.9205,-0.5200,96.4900,53.7918,0.5280,3
1.0889,-1.9522,-16.7260,0.1100,0.4670,0.2500,65.0000,22.3810,-0.8400,96.6780,55.6908,1.3892,3
1.0202,-1.9031,-17.0203,0.0650,0.4620,0.2410,66.0000,22.6497,-1.1200,96.9220,57.1309,2.1190,3
0.8338,-2.0601,-16.4416,-0.0010,0.4520,0.2510,65.0000,23.0558,-1.3300,97.2560,57.8468,2.6786,3
0.4316,-2.2367,-15.9216,-0.0310,0.4220,0.2380,62.0000,23.2757,-1.4800,97.6050,57.9729,3.0874,3
-0.0589,-2.0797,-14.4501,-0.0180,0.3610,0.2640,59.0000,23.4386,-1.5200,98.0120,58.0077,2.9827,3
-0.2747,-2.2072,-13.3906,-0.0120,0.3180,0.2450,56.0000,23.4726,-1.3500,98.3740,58.0453,2.5431,3
-0.4513,-2.0503,-12.9982,-0.0010,0.3260,0.2370,55.0000,23.4919,-1.0400,98.6970,58.1695,1.8877,3
-0.6573,-2.1680,-13.8910,-0.0300,0.3540,0.2450,54.0000,23.4596,-0.8200,98.9200,58.0688,1.4895,3
-0.8731,-2.2072,-14.3520,-0.0560,0.3690,0.2440,53.0000,23.3688,-0.6900,99.1130,57.6075,1.2695,3
-0.9908,-2.1484,-14.2834,-0.0740,0.3590,0.2650,50.0000,23.3150,-0.6400,99.2740,56.8514,1.0572,3
-1.1870,-2.0111,-13.4397,-0.0700,0.3190,0.2390,48.0000,23.1655,-0.5300,99.4380,55.9785,0.7330,3
-1.3047,-2.1190,-12.4783,-0.0970,0.2830,0.2440,45.0000,23.0151,-0.3500,99.5530,54.7959,0.2862,3
-1.4911,-2.1974,-11.7033,-0.0950,0.2360,0.2610,43.0000,22.8022,-0.1200,99.6220,53.2474,-0.3778,3
-1.5990,-2.0601,-11.3698,-0.0720,0.2230,0.2500,42.0000,22.6516,0.1500,99.6150,51.9513,-1.1425,3
-1.5794,-2.0111,-11.3305,-0.0800,0.2270,0.2470,41.0000,22.3499,0.4400,99.5300,50.6131,-1.9334,3
-1.6186,-1.9816,-12.2331,-0.0670,0.2640,0.2470,42.0000,22.2097,0.6200,99.3790,49.3968,-2.3810,3
-1.4126,-1.8541,-12.4783,-0.0820,0.2520,0.2340,42.0000,22.0095,0.6500,99.1890,48.0561,-2.5029,3
-1.3145,-1.9522,-12.4881,-0.1110,0.2470,0.2280,42.0000,21.9114,0.6400,99.0120,46.4469,-2.4751,3
-1.2459,-1.8737,-12.1153,-0.1240,0.2220,0.2280,42.0000,21.7491,0.6000,98.8410,44.3848,-2.5384,3
-1.2262,-1.7756,-11.3404,-0.1190,0.1790,0.2290,42.0000,21.6537,0.5900,98.6980,42.4664,-2.7653,3
-1.0791,-1.7658,-10.8302,-0.0990,0.1530,0.2030,42.0000,21.5706,0.6700,98.5350,40.6158,-3.1356,3
-1.0987,-1.6579,-11.2226,-0.0880,0.1690,0.2230,43.0000,21.4819,0.7200,98.3560,39.1035,-3.3627,3
-0.9614,-1.5598,-11.4483,-0.0780,0.1650,0.2050,43.0000,21.4528,0.6900,98.1570,37.6108,-3.3668,3
-0.8338,-1.5205,-11.5758,-0.0920,0.1640,0.2020,44.0000,21.3839,0.6100,97.9800,36.3178,-3.2452,3
-0.7456,-1.5696,-11.5071,-0.0920,0.1460,0.1970,45.0000,21.3704,0.4800,97.8100,34.6672,-3.0265,3
-0.6376,-1.5205,-11.2619,-0.0830,0.1270,0.1770,46.0000,21.3907,0.3600,97.6870,33.2985,-2.8464,3
-0.5199,-1.4421,-10.4869,-0.0710,0.1000,0.1800,46.0000,21.4570,0.3500,97.5900,31.9642,-3.0289,3
-0.6376,-1.3538,-11.2619,-0.0300,0.1280,0.1620,46.0000,21.4753,0.3100,97.5020,31.0929,-2.9361,3
-0.5199,-1.2459,-11.3502,-0.0180,0.1220,0.1740,47.0000,21.4806,0.1500,97.4410,30.4616,-2.5852,3
-0.4807,-1.2753,-10.7419,-0.0310,0.0930,0.1550,48.0000,21.5163,0.0900,97.4180,29.9288,-2.5295,3
-0.3924,-1.2949,-10.6340,-0.0220,0.0900,0.1720,48.0000,21.6148,0.0600,97.4020,29.3467,-2.5429,3
-0.4513,-1.3145,-10.9578,0.0030,0.1060,0.1490,48.0000,21.6656,0.0100,97.3850,29.0448,-2.4143,3
-0.3924,-1.2262,-11.1049,0.0070,0.1030,0.1510,48.0000,21.6630,-0.0800,97.3770,29.0607,-2.1945,3
-0.3630,-1.2851,-10.8989,0.0200,0.1000,0.1570,49.0000,21.6858,-0.1700,97.3920,29.0834,-2.0290,3
-0.3433,-1.2164,-10.7616,0.0150,0.0900,0.1600,49.0000,21.7622,-0.2100,97.4340,29.1961,-1.9467,3
-0.3532,-1.1478,-10.4280,0.0320,0.0870,0.1560,49.0000,21.8071,-0.1900,97.4850,29.4079,-2.0709,3
-0.3826,-1.1478,-11.0853,0.0420,0.1150,0.1660,49.0000,21.8350,-0.2100,97.5410,29.7778,-1.9315,3
-0.3433,-1.1576,-11.1245,0.0220,0.1200,0.1560,49.0000,21.8485,-0.3100,97.6080,30.1395,-1.6493,3
-0.3335,-1.2851,-10.7812,0.0130,0.0990,0.1560,49.0000,21.8629,-0.3700,97.7010,30.2578,-1.5034,3
-0.3237,-1.3243,-10.6144,0.0240,0.0990,0.1590,49.0000,21.8913,-0.3800,97.7940,30.5481,-1.4792,3
-0.3826,-1.3342,-10.4967,0.0400,0.0860,0.1640,49.0000,21.9929,-0.3600,97.8870,31.0038,-1.5638,3
-0.4120,-1.2164,-10.6929,0.0520,0.0980,0.1660,49.0000,21.9954,-0.3200,97.9620,31.6070,-1.6477,3
-0.4022,-1.1576,-10.8695,0.0630,0.1220,0.1690,49.0000,21.9990,-0.2900,98.0400,32.4426,-1.6748,3
-0.3924,-1.3145,-11.3992,0.0410,0.1260,0.1690,50.0000,22.0048,-0.3600,98.1160,33.0034,-1.3772,3
-0.3826,-1.4126,-10.7714,0.0320,0.1120,0.1730,50.0000,22.0619,-0.3800,98.2140,33.4267,-1.3120,3
-0.3728,-1.3440,-10.9381,0.0150,0.1180,0.1810,50.0000,22.0372,-0.3800,98.3030,33.5893,-1.2760,3
-0.4316,-1.3832,-10.6929,0.0330,0.1180,0.1890,50.0000,22.0593,-0.3300,98.3930,33.8697,-1.4331,3
-0.3924,-1.3538,-10.7518,0.0480,0.1210,0.1740,50.0000,22.0719,-0.2800,98.4610,34.3640,-1.4852,3
-0.4022,-1.2655,-11.0755,0.0400,0.1320,0.1830,50.0000,22.1161,-0.2700,98.5230,34.9257,-1.4811,3
-0.4316,-1.3832,-11.6347,0.0360,0.1560,0.1680,50.0000,22.1517,-0.3500,98.5870,35.3069,-1.2036,3
-0.4316,-1.4224,-10.8891,0.0260,0.1320,0.1870,50.0000,22.1315,-0.3800,98.6790,35.6878,-1.1744,3
-0.4316,-1.4813,-10.7714,0.0250,0.1180,0.1820,49.0000,22.1373,-0.3300,98.7600,35.9180,-1.2771,3
-0.4022,-1.4715,-11.0264,0.0310,0.1410,0.1810,49.0000,22.1655,-0.2700,98.8330,36.1763,-1.3622,3
-0.5297,-1.4715,-11.4385,0.0410,0.1520,0.1870,49.0000,22.1439,-0.3200,98.9100,36.6092,-1.1816,3
-0.5297,-1.4911,-11.0362,0.0200,0.1450,0.1880,49.0000,22.1080,-0.2900,99.0040,36.9619,-1.2248,3
-0.4807,-1.5598,-10.9480,0.0120,0.1270,0.2010,49.0000,22.1026,-0.3000,99.0850,37.0337,-1.2092,3
-0.5101,-1.4911,-10.9283,0.0170,0.1360,0.1830,49.0000,22.0932,-0.2200,99.1540,37.1941,-1.3926,3
-0.5297,-1.5696,-11.2030,0.0230,0.1550,0.1900,49.0000,22.0639,-0.1900,99.2040,37.3718,-1.4231,3
-0.5297,-1.4911,-11.3796,0.0350,0.1550,0.1900,49.0000,22.0378,-0.1900,99.2450,37.7893,-1.4395,3
-0.4709,-1.5009,-11.3502,0.0200,0.1570,0.1870,50.0000,22.0558,-0.2000,99.2840,38.0285,-1.3634,3
-0.4905,-1.4519,-11.3600,0.0100,0.1550,0.1940,50.0000,22.0701,-0.2100,99.3370,38.1098,-1.3468,3
-0.4611,-1.5500,-11.1638,0.0220,0.1590,0.1840,49.0000,22.0994,-0.2000,99.3900,38.2174,-1.3099,3
-0.5395,-1.5696,-11.2619,0.0130,0.1620,0.1960,49.0000,22.1257,-0.1800,99.4500,38.3069,-1.3747,3
-0.5984,-1.4715,-11.3404,0.0160,0.1610,0.2000,49.0000,22.0894,-0.1900,99.5020,38.4089,-1.3357,3
-0.5494,-1.5402,-11.1736,0.0130,0.1510,0.2010,49.0000,22.0485,-0.1800,99.5560,38.4426,-1.3912,3
-0.5395,-1.5794,-10.9480,0.0000,0.1420,0.1900,49.0000,22.0524,-0.1200,99.5910,38.3628,-1.4999,3
-0.5788,-1.5696,-10.9676,0.0150,0.1490,0.1950,48.0000,22.0772,-0.0500,99.6090,38.4247,-1.6736,3
-0.5690,-1.4715,-11.4090,0.0220,0.1610,0.2090,48.0000,22.0758,-0.0500,99.6200,38.6628,-1.6680,3
-0.6082,-1.4813,-11.5562,0.0200,0.1700,0.1860,49.0000,22.0537,-0.0800,99.6390,38.8356,-1.5263,3
-0.5395,-1.5696,-11.4777,0.0160,0.1600,0.1880,49.0000,22.0403,-0.1300,99.6680,38.8223,-1.3754,3
-0.5788,-1.5205,-11.0461,-0.0040,0.1480,0.2030,48.0000,22.0262,-0.1000,99.7040,38.7210,-1.5032,3
-0.5395,-1.5892,-10.8106,0.0060,0.1450,0.1910,48.0000,22.0416,-0.0400,99.7310,38.4928,-1.6672,3
-0.6278,-1.5598,-11.5071,0.0210,0.1630,0.2010,48.0000,22.0203,-0.0300,99.7420,38.5438,-1.7041,3
-0.5199,-1.5107,-11.1343,0.0060,0.1450,0.1920,48.0000,22.0667,-0.0400,99.7510,38.6347,-1.6893,3
-0.5690,-1.5304,-11.3109,0.0000,0.1540,0.2070,48.0000,22.0344,-0.0400,99.7570,38.5863,-1.6904,3
-0.5592,-1.5598,-11.3502,0.0110,0.1630,0.1910,48.0000,22.0253,-0.0200,99.7600,38.6871,-1.6900,3
-0.5690,-1.5598,-11.4483,0.0070,0.1590,0.2020,48.0000,21.9965,-0.0600,99.7710,38.6847,-1.5773,3
-0.5494,-1.5500,-11.0362,0.0130,0.1490,0.2070,48.0000,22.0410,-0.0500,99.7940,38.6681,-1.6474,3
-0.5788,-1.4813,-11.1540,0.0090,0.1510,0.1890,48.0000,22.0146,0.0000,99.8060,38.6394,-1.7594,3
-0.6082,-1.5794,-11.6150,0.0060,0.1720,0.1990,48.0000,22.0399,-0.0300,99.8130,38.5890,-1.6388,3
-0.5886,-1.5696,-11.0657,0.0040,0.1420,0.1810,48.0000,22.0140,-0.0500,99.8340,38.4725,-1.6539,3
-0.6180,-1.6579,-11.1932,-0.0010,0.1390,0.1910,48.0000,22.0055,-0.0400,99.8450,38.2956,-1.6831,3
-0.5886,-1.5205,-11.0362,0.0180,0.1500,0.1990,48.0000,22.0115,0.0200,99.8460,38.3395,-1.9004,3
-0.5886,-1.5009,-11.3404,0.0180,0.1580,0.1930,48.0000,21.9838,0.0300,99.8380,38.4635,-1.8989,3
-0.5592,-1.5696,-11.5758,0.0020,0.1670,0.2000,48.0000,21.9564,0.0000,99.8410,38.5664,-1.7480,3
-0.5199,-1.5990,-11.4385,0.0000,0.1600,0.1860,48.0000,21.9640,-0.0400,99.8620,38.4726,-1.6197,3
-0.5690,-1.4519,-11.0755,0.0010,0.1420,0.2100,48.0000,21.9848,-0.0300,99.8880,38.2486,-1.7406,3
-0.5592,-1.5009,-11.0362,0.0080,0.1520,0.1930,48.0000,22.0055,0.0200,99.8960,38.1887,-1.8952,3
-0.6475,-1.4715,-11.3894,0.0100,0.1610,0.1970,48.0000,22.0109,0.0300,99.8920,38.1819,-1.9100,3
-0.6180,-1.5107,-11.4679,0.0080,0.1650,0.1980,48.0000,22.0432,0.0000,99.8900,38.1817,-1.8165,3
-0.6376,-1.6186,-11.0559,-0.0120,0.1490,0.1900,48.0000,22.0179,0.0000,99.8860,37.9572,-1.8084,3
-0.5984,-1.4813,-11.0166,-0.0010,0.1480,0.1930,48.0000,22.0242,0.0300,99.8720,37.8357,-1.9441,3
-0.6278,-1.4715,-11.2226,0.0210,0.1640,0.1870,48.0000,21.9869,0.0600,99.8540,37.9911,-2.0022,3
-0.6180,-1.6186,-11.4679,0.0110,0.1580,0.1830,48.0000,21.9715,0.0000,99.8490,38.0848,-1.7416,3
-0.5788,-1.6088,-11.3894,0.0030,0.1560,0.2020,48.0000,21.9195,-0.0500,99.8670,38.0544,-1.6494,3
-0.5788,-1.5304,-10.9872,0.0040,0.1360,0.1830,48.0000,21.9542,-0.0400,99.8890,38.0262,-1.7543,3
-0.5690,-1.5892,-10.8008,0.0080,0.1420,0.2010,48.0000,21.9743,0.0300,99.9040,37.9146,-1.9167,3
-0.5788,-1.6186,-11.4090,0.0180,0.1630,0.1890,48.0000,21.9558,0.0300,99.9050,37.9144,-1.8783,3
-0.5592,-1.6481,-11.2325,0.0140,0.1490,0.2000,48.0000,21.9877,0.0000,99.9020,37.9529,-1.8149,3
-0.5886,-1.5794,-11.2325,0.0000,0.1530,0.1920,48.0000,21.9744,0.0100,99.9010,37.9434,-1.8738,3
-0.5788,-1.5009,-11.1736,0.0230,0.1500,0.1980,48.0000,22.0001,0.0100,99.9000,38.0167,-1.9238,3
-0.6475,-1.5500,-11.3796,0.0080,0.1610,0.1870,48.0000,22.0239,0.0000,99.9070,38.0740,-1.8123,3
-0.5788,-1.5892,-11.1834,0.0020,0.1520,0.1920,48.0000,22.0079,-0.0100,99.9250,38.0031,-1.7932,3
-0.6278,-1.5205,-11.2226,0.0140,0.1550,0.1920,48.0000,22.0065,-0.0100,99.9360,37.9402,-1.7892,3
-0.6082,-1.4715,-10.9087,0.0040,0.1380,0.1960,48.0000,21.9653,0.0100,99.9470,37.8833,-1.9430,3
-0.6376,-1.5107,-11.1147,0.0070,0.1420,0.1950,48.0000,21.9510,0.0400,99.9440,37.7909,-1.9912,3
-0.6180,-1.5892,-11.5366,0.0080,0.1630,0.1930,48.0000,21.9929,0.0100,99.9360,37.7298,-1.8433,3
-0.5886,-1.5500,-11.1540,0.0000,0.1530,0.1920,48.0000,21.9424,0.0000,99.9330,37.7507,-1.8751,3
-0.6180,-1.5107,-11.2030,0.0150,0.1490,0.1870,48.0000,21.9705,0.0100,99.9190,37.6217,-1.9306,3
-0.5984,-1.5990,-11.1540,0.0180,0.1530,0.1990,48.0000,21.9918,0.0200,99.9090,37.8143,-1.9652,3
-0.6278,-1.4813,-11.8407,0.0120,0.1780,0.1940,48.0000,21.9784,-0.0300,99.9130,37.8993,-1.7741,3
-0.4905,-1.5009,-11.2128,-0.0010,0.1460,0.1990,48.0000,21.9797,-0.0800,99.9410,37.9101,-1.6988,3
-0.5494,-1.5500,-10.8597,-0.0010,0.1360,0.1990,48.0000,21.9740,-0.0200,99.9630,37.6719,-1.8591,3
-0.6180,-1.5009,-11.0853,0.0070,0.1510,0.1950,48.0000,21.9802,0.0400,99.9630,37.5759,-2.0436,3
-0.6573,-1.5500,-11.3698,0.0150,0.1610,0.1960,48.0000,21.9516,0.0300,99.9520,37.6378,-1.9665,3
-0.5395,-1.5500,-11.1540,0.0120,0.1480,0.1910,48.0000,21.9249,0.0300,99.9430,37.6600,-1.9906,3
-0.5690,-1.4519,-11.4385,0.0300,0.1620,0.2030,48.0000,21.9716,0.0100,99.9300,37.7035,-1.9660,3
-0.5788,-1.4224,-11.2423,0.0210,0.1510,0.1920,48.0000,21.9773,0.0000,99.9300,37.8326,-1.9436,3
-0.5592,-1.5009,-11.6150,0.0130,0.1660,0.1970,48.0000,22.0097,-0.0400,99.9400,37.8827,-1.7819,3
-0.5592,-1.5304,-11.2325,-0.0010,0.1450,0.1870,48.0000,22.0037,-0.0700,99.9630,37.9133,-1.6944,3
-0.6278,-1.5107,-10.7812,-0.0050,0.1280,0.1970,48.0000,21.9665,-0.0100,99.9840,37.7005,-1.9016,3
-0.6475,-1.5009,-10.8597,0.0170,0.1350,0.1940,48.0000,21.9758,0.0500,99.9820,37.5369,-2.1096,3
-0.6082,-1.4715,-11.1736,0.0380,0.1550,0.1930,48.0000,21.9646,0.0900,99.9630,37.7008,-2.1928,3
-0.5395,-1.4715,-11.7524,0.0150,0.1750,0.1900,48.0000,21.9454,0.0400,99.9390,37.8644,-2.0004,3
-0.5199,-1.5402,-11.5267,0.0050,0.1630,0.1870,49.0000,22.0112,-0.0300,99.9310,37.8307,-1.8035,3
-0.5494,-1.5304,-11.0853,0.0070,0.1410,0.1950,48.0000,22.0156,-0.0700,99.9470,37.8617,-1.7888,3
-0.6376,-1.5794,-11.0166,-0.0020,0.1450,0.1850,48.0000,22.0156,-0.0100,99.9650,37.7739,-1.9461,3
-0.6573,-1.5402,-11.2913,0.0150,0.1510,0.1960,48.0000,22.0426,-0.0200,99.9780,37.7375,-1.8967,3
-0.5886,-1.5205,-10.8400,0.0130,0.1290,0.1940,48.0000,21.9963,-0.0200,99.9960,37.8888,-1.9498,3
-0.6082,-1.5500,-10.9872,0.0030,0.1420,0.1980,48.0000,21.9660,0.0400,99.9930,37.8475,-2.0838,3
-0.6180,-1.4715,-11.6837,0.0120,0.1690,0.1970,48.0000,22.0003,0.0400,99.9760,37.7980,-2.0700,3
-0.5984,-1.4028,-11.4581,0.0190,0.1540,0.1990,48.0000,21.9992,-0.0300,99.9770,37.8380,-1.8978,3
-0.6180,-1.5205,-10.9872,0.0050,0.1410,0.1830,48.0000,21.9988,-0.0300,99.9810,37.8940,-1.9071,3
-0.6180,-1.5598,-11.2030,-0.0090,0.1480,0.1910,48.0000,22.0021,-0.0100,99.9760,37.6392,-1.9410,3
-0.6376,-1.4617,-11.1343,0.0250,0.1480,0.1990,48.0000,21.9876,0.0000,99.9740,37.7687,-2.0309,3
-0.5984,-1.5205,-11.3894,0.0300,0.1650,0.1900,48.0000,22.0017,0.0000,99.9770,37.9438,-2.0008,3
-0.5984,-1.4911,-11.1736,-0.0050,0.1460,0.1890,48.0000,21.9979,-0.0100,99.9900,37.9898,-1.9487,3
-0.6082,-1.4911,-11.1343,-0.0040,0.1520,0.1970,48.0000,21.9930,0.0000,99.9980,37.7588,-2.0174,3
-0.6082,-1.4715,-11.3109,0.0090,0.1500,0.1890,48.0000,21.9444,0.0000,100.0000,37.7630,-2.0003,3
-0.5592,-1.5696,-11.2717,0.0140,0.1520,0.1960,48.0000,21.9580,-0.0100,99.9960,37.7268,-1.9525,3
-0.5494,-1.5892,-11.1638,0.0020,0.1520,0.2010,48.0000,21.9855,0.0000,99.9880,37.7457,-1.9920,3
-0.5788,-1.5304,-11.1442,0.0230,0.1510,0.1940,48.0000,21.9967,0.0000,99.9800,37.7029,-2.0483,3
-0.5395,-1.4323,-11.3404,0.0320,0.1570,0.1940,48.0000,22.0359,0.0000,99.9710,37.9619,-2.0101,3
-0.6082,-1.5696,-11.2128,0.0030,0.1560,0.1840,48.0000,22.0010,0.0000,99.9700,38.0427,-1.9480,3
-0.5592,-1.5696,-11.2325,-0.0040,0.1530,0.1910,48.0000,22.0185,-0.0100,99.9730,37.9396,-1.9232,3
-0.6278,-1.5304,-11.4875,0.0080,0.1560,0.1930,48.0000,21.9992,-0.0500,99.9820,37.8141,-1.8608,3
-0.5984,-1.5009,-11.1540,0.0190,0.1420,0.1870,48.0000,21.9699,-0.0700,100.0000,37.8744,-1.8416,3
-0.6180,-1.4813,-10.8597,0.0020,0.1350,0.1920,48.0000,21.9994,-0.0100,100.0100,37.8513,-1.9891,3
-0.6180,-1.5304,-11.0951,0.0080,0.1430,0.1970,48.0000,22.0297,0.0400,99.9930,37.7200,-2.1096,3
-0.5788,-1.5598,-11.3992,0.0230,0.1780,0.1960,48.0000,22.0163,0.0700,99.9640,37.7750,-2.1546,3
-0.6082,-1.4813,-11.4777,0.0320,0.1620,0.1940,48.0000,22.0177,-0.0100,99.9480,38.0514,-1.9518,3
-0.5592,-1.5205,-11.6935,0.0060,0.1640,0.1970,48.0000,21.9845,-0.0600,99.9520,38.1119,-1.8135,3
-0.5592,-1.5598,-11.0657,-0.0050,0.1440,0.1920,48.0000,22.0082,-0.0500,99.9700,37.9919,-1.8414,3
-0.5592,-1.5892,-10.8793,-0.0020,0.1420,0.1970,48.0000,21.9948,0.0000,99.9760,37.7489,-2.0109,3
-0.6376,-1.4617,-11.5660,0.0180,0.1630,0.1970,48.0000,22.0309,-0.0200,99.9770,37.7254,-1.9248,3
-0.6573,-1.5009,-11.1147,0.0150,0.1430,0.1890,48.0000,22.0283,-0.0300,99.9880,37.7863,-1.9161,3
-0.5788,-1.4617,-10.8597,0.0120,0.1450,0.1930,48.0000,21.9985,0.0300,99.9920,37.7804,-2.1080,3
-0.6376,-1.5500,-11.4090,0.0160,0.1650,0.2020,48.0000,21.9729,0.0300,99.9800,37.7488,-2.0411,3
-0.5788,-1.5304,-11.2717,0.0150,0.1450,0.1850,48.0000,22.0057,-0.0300,99.9790,37.9422,-1.8595,3
-0.5494,-1.5402,-11.0657,0.0080,0.1460,0.1990,48.0000,22.0433,-0.0300,99.9880,37.8960,-1.8770,3
-0.5788,-1.5598,-11.0559,0.0080,0.1440,0.1870,48.0000,22.0074,-0.0100,100.0010,37.8583,-1.9293,3
-0.6180,-1.4715,-11.3305,0.0200,0.1650,0.1990,48.0000,22.0269,0.0000,100.0120,37.8761,-1.9752,3
-0.6180,-1.5009,-11.1638,0.0140,0.1420,0.1810,48.0000,21.9916,-0.0100,100.0240,37.9528,-1.9273,3
-0.5984,-1.5696,-11.0461,0.0080,0.1460,0.1980,48.0000,21.9569,0.0000,100.0290,37.8481,-1.9673,3
-0.5886,-1.5402,-11.1245,0.0140,0.1410,0.1920,48.0000,21.9804,0.0200,100.0260,37.8496,-2.0322,3
-0.4905,-1.5304,-11.2815,0.0190,0.1690,0.1910,48.0000,21.9882,0.0700,100.0030,37.9318,-2.1044,3
-0.5494,-1.5794,-11.7131,0.0110,0.1660,0.1920,48.0000,21.9953,-0.0200,99.9880,37.9371,-1.8408,3
-0.5395,-1.5205,-10.8989,0.0110,0.1350,0.1960,48.0000,21.9909,-0.0300,99.9970,37.9089,-1.9312,3
-0.6180,-1.5696,-11.1540,0.0070,0.1510,0.1920,48.0000,21.9599,0.0200,99.9930,37.8453,-1.9932,3
-0.5592,-1.5107,-11.1245,0.0170,0.1520,0.2010,48.0000,21.9833,0.0200,99.9840,37.7786,-2.0593,3
-0.6180,-1.5402,-11.4090,0.0150,0.1610,0.1920,48.0000,22.0340,0.0000,99.9770,37.9055,-1.9490,3
-0.6082,-1.5107,-11.4483,-0.0040,0.1500,0.1950,48.0000,22.0090,-0.0400,99.9830,37.8743,-1.7986,3
-0.5592,-1.5696,-10.9283,0.0070,0.1360,0.1860,48.0000,22.0143,-0.0100,99.9920,37.7111,-1.9358,3
-0.6278,-1.5304,-11.3404,0.0160,0.1570,0.2030,48.0000,22.0193,0.0000,99.9800,37.6962,-1.9556,3
-0.5592,-1.4617,-11.1540,0.0290,0.1480,0.2010,48.0000,22.0253,0.0100,99.9680,37.8601,-2.0314,3
-0.5592,-1.4813,-11.3600,0.0250,0.1570,0.1840,48.0000,21.9948,0.0500,99.9490,38.1208,-2.0595,3
-0.6180,-1.5598,-11.7426,0.0070,0.1800,0.1920,49.0000,22.0098,0.0100,99.9380,38.1337,-1.9072,3
-0.6082,-1.5794,-11.6837,0.0000,0.1720,0.1940,48.0000,22.0058,-0.0800,99.9580,38.1245,-1.6612,3
-0.4905,-1.5794,-10.8400,-0.0010,0.1360,0.1880,48.0000,21.9950,-0.0800,99.9930,37.9826,-1.7089,3
-0.5101,-1.6285,-10.6929,0.0060,0.1290,0.2000,48.0000,21.9839,-0.0100,100.0100,37.7636,-1.9017,3
-0.6573,-1.5009,-11.2717,0.0190,0.1530,0.1910,48.0000,21.9818,0.0300,100.0110,37.7373,-2.0147,3
-0.6475,-1.4715,-11.1343,0.0290,0.1480,0.2060,48.0000,21.9827,0.0400,99.9960,37.9464,-2.0797,3
-0.6180,-1.5696,-11.4679,0.0180,0.1670,0.1790,48.0000,21.9932,0.0600,99.9690,38.1971,-2.0085,3
-0.5886,-1.5107,-11.7916,0.0090,0.1750,0.1980,49.0000,21.9964,0.0000,99.9510,38.1598,-1.8533,3
-0.5984,-1.5990,-11.3305,-0.0100,0.1560,0.1960,49.0000,22.0092,-0.0500,99.9630,38.0768,-1.7206,3
-0.5592,-1.4715,-11.1540,0.0180,0.1530,0.2060,48.0000,21.9794,-0.0500,99.9840,37.9882,-1.7719,3
-0.6082,-1.5009,-10.9676,0.0000,0.1370,0.1860,48.0000,22.0476,-0.0100,100.0060,37.9909,-1.9100,3
-0.6082,-1.6186,-11.0853,0.0020,0.1410,0.1880,48.0000,22.0648,0.0200,100.0140,37.8674,-1.9261,3
-0.5395,-1.5892,-11.1932,0.0190,0.1510,0.2060,48.0000,22.0516,0.0300,100.0110,37.9353,-1.9947,3
-0.6475,-1.4813,-11.3404,0.0150,0.1540,0.1940,48.0000,22.0173,0.0200,100.0050,38.0688,-1.9497,3
-0.5788,-1.5402,-11.3796,0.0090,0.1560,0.1980,48.0000,22.0215,-0.0100,100.0000,37.9987,-1.8384,3
-0.6376,-1.4911,-10.9087,0.0090,0.1280,0.2040,48.0000,22.0162,0.0000,99.9990,37.9446,-1.9632,3
-0.6082,-1.5009,-11.1343,0.0190,0.1510,0.1930,48.0000,22.0196,0.0600,99.9820,37.9560,-2.1023,3
-0.5592,-1.4617,-11.5464,0.0230,0.1680,0.1970,48.0000,21.9929,0.0400,99.9690,38.0502,-2.0389,3
-0.5788,-1.5107,-11.7229,0.0090,0.1790,0.1990,48.0000,21.9808,-0.0400,99.9750,38.1521,-1.7400,3
-0.5494,-1.4519,-11.1834,-0.0100,0.1460,0.1900,48.0000,21.9896,-0.0800,100.0000,38.1169,-1.7040,3
-0.5788,-1.5794,-10.5654,-0.0050,0.1270,0.1920,48.0000,22.0347,-0.0200,100.0250,37.7949,-1.9016,3
-0.5984,-1.5500,-11.0951,0.0210,0.1440,0.1970,47.0000,22.0473,0.0300,100.0250,37.6096,-2.0641,3
-0.6376,-1.4813,-11.5954,0.0230,0.1660,0.2020,48.0000,22.0090,0.0300,100.0030,37.8190,-2.0152,3
-0.6082,-1.5500,-11.3109,0.0100,0.1380,0.1880,48.0000,22.0027,-0.0200,99.9900,37.9427,-1.8638,3
-0.5494,-1.5794,-11.0068,0.0010,0.1390,0.1940,48.0000,22.0066,0.0100,99.9830,37.8774,-1.9710,3
-0.5494,-1.5009,-11.3698,0.0110,0.1610,0.2020,48.0000,21.9903,0.0400,99.9740,37.7996,-2.0406,3
-0.6376,-1.5205,-11.5660,0.0270,0.1690,0.1840,48.0000,22.0108,-0.0200,99.9810,37.8854,-1.8296,3
-0.5690,-1.5990,-11.0951,-0.0010,0.1370,0.1920,48.0000,21.9976,-0.0500,100.0070,37.9664,-1.7711,3
-0.5886,-1.5107,-10.9480,0.0030,0.1370,0.1950,48.0000,21.9980,-0.0200,100.0320,37.8062,-1.8840,3
-0.5690,-1.4813,-10.9087,0.0010,0.1430,0.2000,48.0000,21.9818,0.0300,100.0360,37.6930,-2.0782,3
-0.6082,-1.5696,-11.4188,0.0120,0.1570,0.1820,48.0000,21.9882,0.0200,100.0280,37.7859,-1.9566,3
-0.5592,-1.5107,-11.1245,0.0140,0.1440,0.2060,48.0000,21.9823,0.0100,100.0240,37.8115,-1.9991,3
-0.6376,-1.5107,-11.3404,0.0230,0.1570,0.1920,48.0000,21.9759,0.0300,100.0130,37.9246,-2.0429,3
-0.6769,-1.4911,-11.2717,0.0150,0.1520,0.1990,48.0000,21.9706,0.0300,100.0080,37.9215,-2.0733,3
-0.5788,-1.5892,-11.7033,0.0130,0.1850,0.1930,48.0000,21.9432,0.0300,100.0070,38.0506,-1.9717,3
-0.6278,-1.5500,-11.4581,-0.0020,0.1610,0.1880,49.0000,21.9627,-0.0400,100.0130,38.0759,-1.7929,3
-0.5199,-1.5107,-11.1049,-0.0100,0.1440,0.1890,48.0000,21.9886,-0.0500,100.0340,37.8255,-1.8071,3
-0.6376,-1.4813,-10.7518,0.0220,0.1330,0.1930,48.0000,21.9860,0.0000,100.0430,37.7814,-2.0233,3
-0.6278,-1.6285,-11.3011,-0.0010,0.1590,0.1910,48.0000,21.9903,0.0200,100.0330,37.7761,-1.9784,3
-0.6180,-1.5304,-11.0264,0.0260,0.1360,0.2040,48.0000,22.0004,0.0200,100.0220,37.8408,-2.0743,3
-0.5592,-1.5402,-11.1245,0.0210,0.1480,0.1920,48.0000,21.9909,0.0500,100.0040,38.1106,-2.1235,3
-0.6082,-1.4224,-11.5071,0.0160,0.1660,0.2010,48.0000,22.0021,0.0400,99.9820,38.2260,-2.0734,3
-0.5984,-1.5009,-11.8897,0.0020,0.1800,0.1990,48.0000,21.9733,-0.0300,99.9790,38.1738,-1.7981,3
-0.5199,-1.5500,-11.0657,-0.0150,0.1380,0.1880,48.0000,21.9692,-0.0900,100.0020,38.0137,-1.6965,3
-0.6180,-1.5205,-10.8499,0.0040,0.1330,0.2050,48.0000,22.0126,-0.0400,100.0270,37.7244,-1.9145,3
-0.6278,-1.3734,-10.8302,0.0190,0.1380,0.1980,48.0000,21.9834,0.0200,100.0380,37.8087,-2.1232,3
-0.6180,-1.5696,-11.4483,0.0100,0.1680,0.1940,48.0000,22.0053,0.0300,100.0310,37.8617,-2.0256,3
-0.5690,-1.5598,-11.3207,0.0170,0.1570,0.1950,48.0000,22.0191,0.0000,100.0240,37.8437,-1.9734,3
-0.5788,-1.5304,-11.2128,0.0160,0.1550,0.1910,48.0000,21.9891,0.0100,100.0180,37.8705,-2.0492,3
-0.6475,-1.5107,-11.4385,0.0080,0.1640,0.1940,48.0000,21.9759,0.0000,100.0130,37.9237,-1.9999,3
-0.6376,-1.5794,-11.4483,-0.0030,0.1600,0.1860,48.0000,22.0057,-0.0300,100.0260,37.8799,-1.8552,3
-0.6376,-1.4421,-11.0264,0.0090,0.1410,0.1960,48.0000,22.0157,-0.0400,100.0500,37.8583,-1.9237,3
-0.5886,-1.5598,-10.9480,0.0020,0.1410,0.1930,48.0000,21.9496,0.0100,100.0600,37.7573,-2.0584,3
-0.6180,-1.5009,-11.1638,0.0170,0.1590,0.1900,48.0000,21.9434,0.0400,100.0590,37.6836,-2.1140,3
-0.5788,-1.5205,-11.3502,0.0130,0.1530,0.1900,48.0000,21.9693,0.0300,100.0530,37.7970,-2.0604,3
-0.5788,-1.6383,-11.1049,0.0070,0.1430,0.1910,48.0000,21.9594,0.0300,100.0400,37.7665,-2.0735,3
-0.6082,-1.5009,-11.0166,0.0240,0.1470,0.1980,48.0000,21.9493,0.0600,100.0190,37.8104,-2.1866,3
-0.6278,-1.4519,-11.5954,0.0120,0.1660,0.2060,48.0000,21.9797,0.0500,99.9960,37.8272,-2.1650,3
-0.6278,-1.5892,-11.8505,0.0190,0.1690,0.1870,48.0000,21.9556,-0.0500,99.9910,37.8617,-1.8474,3
-0.5199,-1.5205,-10.9480,0.0030,0.1420,0.1940,48.0000,21.9739,-0.0500,100.0100,37.8189,-1.9026,3
-0.5494,-1.5598,-10.7616,0.0110,0.1370,0.1950,48.0000,21.9655,0.0200,100.0240,37.7511,-2.0829,3
-0.5984,-1.5402,-11.3992,0.0140,0.1620,0.1930,48.0000,21.9534,0.0300,100.0220,37.7807,-2.0639,3
-0.5984,-1.4911,-11.1834,0.0150,0.1470,0.1970,48.0000,22.0022,0.0000,100.0260,37.8421,-2.0669,3
-0.5788,-1.4617,-11.3207,0.0100,0.1560,0.1870,48.0000,22.0068,0.0200,100.0180,37.9108,-2.0936,3
-0.5984,-1.5990,-11.2913,-0.0100,0.1470,0.1930,48.0000,22.0074,0.0000,100.0060,37.8112,-1.9784,3
-0.6475,-1.5107,-11.2128,0.0110,0.1490,0.2060,48.0000,22.0090,0.0000,100.0030,37.7684,-2.0387,3
-0.6082,-1.5009,-11.3109,0.0220,0.1590,0.1990,48.0000,21.9940,0.0100,99.9960,37.9295,-2.0884,3
-0.6376,-1.5500,-11.4483,0.0070,0.1630,0.2000,48.0000,22.0289,0.0000,99.9930,38.0015,-1.9932,3
-0.5886,-1.5304,-11.1638,0.0090,0.1440,0.1960,48.0000,22.0011,-0.0100,100.0040,37.9482,-2.0204,3
-0.5984,-1.6186,-11.1736,0.0020,0.1460,0.1880,48.0000,22.0273,0.0000,100.0060,37.8452,-1.9924,3
-0.5886,-1.5794,-11.3796,0.0140,0.1620,0.1950,48.0000,22.0009,0.0000,100.0080,37.8072,-2.0094,3
-0.6180,-1.4715,-11.2717,0.0120,0.1460,0.1980,48.0000,21.9644,-0.0300,100.0140,37.7715,-1.9939,3
-0.5494,-1.4519,-11.0068,0.0050,0.1420,0.1950,48.0000,22.0139,0.0100,100.0100,37.8467,-2.1233,3
-0.5297,-1.5107,-11.3207,-0.0010,0.1580,0.1930,48.0000,21.9894,0.0200,99.9960,37.7518,-2.1077,3
-0.6180,-1.5500,-11.6052,0.0220,0.1710,0.1950,48.0000,21.9774,-0.0400,99.9900,37.7784,-1.9123,3
-0.5886,-1.4813,-10.8499,0.0020,0.1320,0.1920,48.0000,22.0118,-0.0400,99.9970,37.8501,-2.0015,3
-0.5984,-1.4715,-11.0755,0.0040,0.1490,0.1890,48.0000,22.0336,0.0300,99.9960,37.7139,-2.1725,3
-0.5886,-1.4715,-11.4973,0.0240,0.1630,0.1910,48.0000,21.9861,0.0000,99.9940,37.7870,-2.0523,3
-0.6082,-1.5205,-11.3207,0.0050,0.1490,0.1910,48.0000,21.9947,-0.0600,100.0110,37.8372,-1.8791,3
-0.5297,-1.5304,-10.9283,-0.0030,0.1290,0.1930,48.0000,21.9992,-0.0600,100.0360,37.7261,-1.8968,3
-0.5592,-1.5598,-10.7223,0.0130,0.1280,0.1960,48.0000,21.9704,0.0200,100.0400,37.5789,-2.1881,3
-0.6475,-1.5500,-11.4286,0.0290,0.1660,0.1970,48.0000,21.9998,0.0700,100.0140,37.7639,-2.2249,3
-0.5690,-1.5107,-11.5954,0.0200,0.1680,0.1970,48.0000,21.9526,0.0000,99.9870,37.9531,-2.0256,3
-0.4905,-1.5500,-11.1932,0.0070,0.1530,0.1860,48.0000,21.9585,0.0000,99.9790,37.9589,-2.0030,3
-0.5199,-1.4911,-11.5464,0.0180,0.1720,0.1920,49.0000,22.0011,-0.0200,99.9820,38.0360,-1.9404,3
-0.5984,-1.5696,-11.3894,-0.0010,0.1610,0.1940,48.0000,21.9791,-0.0600,99.9940,37.9729,-1.8046,3
-0.5886,-1.5598,-10.9480,-0.0030,0.1380,0.2040,48.0000,22.0029,-0.0700,100.0220,37.8124,-1.8701,3
-0.5984,-1.4715,-10.7714,0.0220,0.1260,0.2010,48.0000,22.0330,0.0000,100.0340,37.7838,-2.1239,3
-0.5690,-1.4715,-11.2325,0.0220,0.1520,0.1870,48.0000,22.0527,0.0800,100.0160,37.8706,-2.2594,3
-0.6082,-1.4911,-11.4581,0.0110,0.1640,0.2000,48.0000,22.0576,0.0500,99.9940,37.9535,-2.1611,3
-0.6278,-1.4715,-11.6248,0.0020,0.1690,0.1920,48.0000,22.0358,-0.0100,99.9810,37.8828,-1.9643,3
-0.6573,-1.4813,-11.2815,-0.0020,0.1510,0.2080,48.0000,21.9885,-0.0600,99.9920,37.7954,-1.8916,3
-0.5592,-1.5402,-10.7812,0.0050,0.1290,0.1890,48.0000,21.9450,-0.0200,100.0070,37.6832,-2.0217,3
-0.5592,-1.6285,-11.3502,0.0120,0.1640,0.1960,48.0000,21.9776,0.0100,100.0070,37.6190,-2.0244,3
-0.5690,-1.5696,-11.2521,0.0320,0.1560,0.1990,48.0000,21.9817,-0.0100,100.0070,37.7956,-1.9978,3
-0.5592,-1.4715,-11.2423,0.0110,0.1550,0.1950,48.0000,22.0044,0.0000,100.0020,37.8888,-2.0150,3
-0.5297,-1.4813,-11.0951,0.0090,0.1480,0.2010,48.0000,21.9840,0.0300,99.9940,37.9172,-2.1081,3
-0.6082,-1.4126,-11.3992,0.0090,0.1520,0.1940,48.0000,21.9908,0.0100,99.9740,37.8826,-2.0553,3
-0.5297,-1.5598,-11.3796,0.0120,0.1520,0.1920,48.0000,21.9773,0.0000,99.9580,37.8845,-1.9684,3
-0.5592,-1.4813,-11.0951,0.0270,0.1420,0.1980,49.0000,22.0194,0.0100,99.9440,37.9754,-2.1019,3
-0.6180,-1.4911,-11.6445,0.0170,0.1650,0.2010,49.0000,22.0192,0.0000,99.9370,38.0331,-1.9597,3
-0.5886,-1.5500,-11.5071,0.0140,0.1600,0.1870,49.0000,22.0713,-0.0500,99.9500,38.0831,-1.8459,3
-0.5199,-1.5402,-10.9185,-0.0120,0.1370,0.1880,48.0000,22.0578,-0.0500,99.9760,37.9074,-1.8488,3
-0.6082,-1.5009,-11.0264,0.0120,0.1340,0.1940,48.0000,22.0600,-0.0200,99.9930,37.7418,-1.9776,3
-0.6769,-1.5009,-11.0264,0.0210,0.1430,0.2010,48.0000,22.0591,0.0000,99.9950,37.8202,-2.0535,3
-0.6376,-1.5205,-11.1343,0.0170,0.1630,0.1940,48.0000,22.0414,0.0600,99.9820,37.9095,-2.1595,3
-0.6180,-1.4617,-11.8505,0.0150,0.1780,0.1960,48.0000,21.9972,0.0000,99.9670,37.9866,-1.9415,3
-0.5984,-1.4813,-11.4188,0.0060,0.1580,0.1900,48.0000,22.0106,-0.0400,99.9660,38.0759,-1.8691,3
-0.5395,-1.6383,-10.8989,-0.0160,0.1270,0.1900,48.0000,22.0158,-0.0300,99.9710,37.8659,-1.9061,3
-0.6376,-1.5892,-11.1736,0.0120,0.1490,0.2040,48.0000,22.0164,0.0100,99.9730,37.6468,-2.0144,3
-0.5690,-1.5205,-11.1343,0.0180,0.1380,0.1950,48.0000,22.0102,-0.0200,99.9820,37.9225,-1.9151,3
-0.6082,-1.5402,-11.1834,0.0220,0.1580,0.1990,48.0000,22.0065,0.0000,99.9890,37.9817,-1.9506,3
-0.5690,-1.5304,-11.3207,0.0070,0.1530,0.1930,48.0000,22.0067,-0.0200,99.9980,38.0484,-1.8655,3
-0.5886,-1.5892,-10.8204,-0.0030,0.1420,0.1850,48.0000,22.0184,0.0200,100.0020,37.9915,-2.0356,3
-0.6082,-1.5304,-11.3109,0.0000,0.1580,0.1980,48.0000,22.0312,0.0400,99.9810,37.9131,-2.0779,3
-0.5984,-1.4617,-11.6543,0.0130,0.1660,0.2070,48.0000,22.0701,0.0000,99.9690,37.9840,-1.9874,3
-0.5690,-1.5402,-11.3404,0.0110,0.1600,0.1850,48.0000,22.0318,-0.0200,99.9640,38.1854,-1.8957,3
-0.6082,-1.5696,-11.3502,0.0000,0.1620,0.1970,48.0000,22.0609,-0.0300,99.9700,38.1565,-1.8593,3
-0.6278,-1.5205,-11.0755,0.0050,0.1480,0.2000,48.0000,22.0322,-0.0400,99.9850,38.0398,-1.8589,3
-0.5886,-1.6481,-11.0951,0.0000,0.1410,0.1910,48.0000,21.9904,-0.0300,99.9980,37.9270,-1.8513,3
-0.6278,-1.4911,-10.9283,0.0150,0.1420,0.2040,48.0000,22.0194,0.0100,100.0080,37.8388,-2.0584,3
-0.5886,-1.5696,-11.4188,0.0190,0.1680,0.1940,48.0000,22.0032,0.0200,100.0070,37.9505,-2.0070,3
-0.6475,-1.5205,-11.3011,0.0250,0.1530,0.1920,48.0000,21.9986,0.0100,99.9970,38.0974,-2.0136,3
-0.5592,-1.5598,-11.3109,0.0130,0.1520,0.2020,48.0000,21.9986,0.0000,99.9820,38.0829,-1.9158,3
-0.5297,-1.6285,-11.3305,0.0030,0.1620,0.1940,48.0000,22.0160,-0.0200,99.9780,37.9682,-1.8633,3
-0.5886,-1.5009,-11.1834,0.0250,0.1480,0.1870,48.0000,21.9989,-0.0200,99.9800,37.9718,-1.9033,3
-0.5788,-1.5892,-10.9872,0.0180,0.1360,0.1940,48.0000,21.9789,-0.0100,99.9910,38.0510,-1.9192,3
-0.5788,-1.5696,-11.2030,0.0160,0.1560,0.1980,48.0000,21.9955,0.0100,99.9980,38.1272,-1.9544,3
-0.5886,-1.5598,-11.2423,0.0180,0.1550,0.2040,48.0000,21.9979,0.0200,100.0010,38.1206,-2.0074,3
-0.5886,-1.5794,-11.4777,0.0100,0.1620,0.1830,48.0000,21.9718,0.0000,99.9980,38.1209,-1.8887,3
-0.5886,-1.5696,-11.2325,-0.0010,0.1520,0.1870,48.0000,22.0186,-0.0200,99.9980,38.0829,-1.8219,3
-0.5690,-1.5500,-11.0068,-0.0130,0.1390,0.2040,48.0000,22.0184,0.0000,99.9920,37.8701,-1.9655,3
-0.6278,-1.5304,-11.0755,0.0210,0.1480,0.1960,48.0000,21.9789,0.0600,99.9730,37.8687,-2.1663,3
-0.5592,-1.5598,-11.7229,0.0260,0.1830,0.1830,48.0000,22.0140,0.0400,99.9580,38.1666,-1.9983,3
-0.5886,-1.5598,-11.6347,0.0020,0.1620,0.1950,48.0000,22.0180,-0.1000,99.9830,38.2626,-1.6251,3
-0.5395,-1.5696,-10.8008,-0.0020,0.1330,0.1910,48.0000,21.9933,-0.1000,100.0230,38.1084,-1.7093,3
-0.5592,-1.6285,-10.6635,0.0020,0.1280,0.1900,48.0000,22.0123,0.0000,100.0470,37.9167,-1.9554,3
-0.6180,-1.5304,-11.0362,0.0150,0.1500,0.1920,48.0000,21.9919,0.0600,100.0420,37.8559,-2.1346,3
-0.6376,-1.6088,-11.4188,0.0170,0.1600,0.1900,48.0000,21.9994,0.0400,100.0260,37.9926,-2.0002,3
-0.5788,-1.4519,-11.2325,0.0150,0.1520,0.1970,48.0000,21.9665,0.0100,100.0160,38.1721,-2.0265,3
-0.5592,-1.5304,-11.3011,0.0120,0.1560,0.1950,48.0000,22.0011,0.0000,100.0040,38.1741,-1.9483,3
-0.5494,-1.5107,-10.9970,0.0080,0.1380,0.1960,48.0000,22.0046,0.0000,99.9940,38.1371,-2.0246,3
-0.5592,-1.4323,-11.1245,0.0220,0.1440,0.1960,48.0000,21.9877,0.0300,99.9860,38.1623,-2.0967,3
-0.6082,-1.5696,-11.5071,-0.0030,0.1710,0.1920,48.0000,22.0376,0.0000,99.9810,38.1779,-1.9439,3
-0.5199,-1.5304,-11.3600,0.0030,0.1570,0.2060,48.0000,21.9957,-0.0400,99.9920,38.0367,-1.8677,3
-0.6082,-1.5009,-11.2325,0.0000,0.1610,0.1890,48.0000,22.0306,-0.0200,100.0050,37.9544,-1.9042,3
-0.5592,-1.4617,-11.0461,0.0080,0.1320,0.1880,48.0000,22.0356,-0.0300,100.0180,37.8560,-1.9145,3
-0.6278,-1.5990,-10.8891,0.0000,0.1400,0.1860,48.0000,22.0167,0.0300,100.0170,37.7453,-2.0746,3
-0.6965,-1.5500,-11.1245,0.0220,0.1530,0.1850,48.0000,21.9803,0.0400,100.0060,37.7774,-2.1091,3
-0.5984,-1.4224,-11.4090,0.0240,0.1650,0.2070,48.0000,21.9683,0.0100,99.9980,37.9613,-2.0516,3
-0.5788,-1.5500,-11.4385,0.0160,0.1540,0.1920,48.0000,21.9383,-0.0300,100.0060,38.0993,-1.8966,3
-0.5592,-1.5009,-11.1638,-0.0070,0.1390,0.1990,48.0000,21.9781,-0.0300,100.0240,37.9538,-1.9229,3
-0.6082,-1.5794,-11.1343,0.0030,0.1420,0.1980,48.0000,21.9783,-0.0100,100.0390,37.7506,-1.9728,3
-0.5788,-1.5402,-11.1147,0.0140,0.1450,0.2020,48.0000,21.9863,0.0000,100.0450,37.6767,-2.0272,3
-0.5984,-1.5696,-11.2128,0.0050,0.1550,0.1900,48.0000,21.9876,0.0100,100.0450,37.7883,-2.0347,3
-0.6180,-1.4813,-11.1049,0.0200,0.1460,0.1980,48.0000,21.9901,0.0200,100.0340,37.8659,-2.1116,3
-0.5788,-1.4813,-11.2619,0.0000,0.1560,0.1850,48.0000,21.9600,0.0500,100.0140,37.9229,-2.1480,3
-0.6475,-1.5598,-11.6248,0.0100,0.1720,0.1870,48.0000,21.9969,0.0100,100.0020,37.8538,-2.0269,3
-0.5788,-1.4911,-11.2521,0.0130,0.1470,0.2040,48.0000,22.0017,-0.0100,100.0040,37.8667,-2.0169,3
-0.6082,-1.5205,-11.1442,0.0250,0.1500,0.1830,48.0000,22.0227,-0.0100,100.0150,37.9489,-2.0007,3
-0.5886,-1.5892,-11.2521,0.0100,0.1520,0.1980,48.0000,21.9696,-0.0300,100.0280,37.9027,-1.9197,3
-0.5788,-1.4126,-10.9480,0.0110,0.1400,0.1980,48.0000,21.9826,0.0000,100.0380,37.8410,-2.0692,3
-0.5297,-1.5794,-11.2030,0.0220,0.1510,0.1900,48.0000,21.9610,0.0100,100.0330,37.8735,-2.0628,3
-0.5788,-1.5304,-11.1442,0.0070,0.1520,0.2010,48.0000,21.9902,0.0300,100.0240,37.8454,-2.1329,3
-0.6278,-1.4715,-11.3011,0.0150,0.1510,0.1940,48.0000,21.9825,0.0300,100.0100,37.8466,-2.1332,3
-0.5395,-1.5205,-11.4875,0.0100,0.1660,0.1870,48.0000,21.9645,0.0100,99.9980,37.8795,-2.0361,3
-0.5788,-1.5009,-11.4679,0.0060,0.1600,0.2040,48.0000,22.0152,-0.0300,100.0030,37.8044,-1.9546,3
-0.5886,-1.4813,-11.2521,0.0180,0.1470,0.1910,48.0000,21.9933,-0.0600,100.0200,37.7995,-1.9020,3
-0.6475,-1.5598,-11.0951,0.0100,0.1480,0.1990,48.0000,21.9893,-0.0300,100.0390,37.7760,-1.9449,3
-0.6475,-1.4519,-10.8302,0.0110,0.1410,0.1970,48.0000,21.9829,0.0200,100.0450,37.8198,-2.1651,3
-0.5690,-1.5794,-11.3502,0.0060,0.1560,0.1950,48.0000,21.9605,0.0600,100.0290,37.7435,-2.1671,3
-0.5788,-1.5794,-11.4777,0.0050,0.1610,0.2010,48.0000,21.9937,0.0300,100.0170,37.6863,-2.1238,3
-0.5984,-1.3734,-11.2521,0.0230,0.1580,0.1880,48.0000,22.0107,0.0300,100.0070,37.7834,-2.1587,3
-0.6082,-1.5205,-11.4875,0.0100,0.1620,0.1970,48.0000,21.9941,0.0000,99.9980,37.7652,-2.0746,3
-0.5984,-1.5402,-11.5660,0.0090,0.1640,0.1990,48.0000,22.0060,-0.0200,99.9960,37.6949,-1.9809,3
-0.6376,-1.4911,-11.0166,0.0200,0.1380,0.1880,48.0000,21.9989,-0.0300,100.0110,37.7652,-2.0206,3
-0.6376,-1.5990,-10.9283,0.0100,0.1350,0.1910,48.0000,22.0181,0.0000,100.0290,37.7123,-2.0909,3
-0.6573,-1.6971,-11.2423,0.0150,0.1530,0.1970,48.0000,21.9712,0.0000,100.0370,37.6350,-2.0251,3
-0.6082,-1.4911,-11.0362,0.0160,0.1500,0.1920,48.0000,21.9804,0.0000,100.0480,37.6853,-2.1526,3
-0.5788,-1.5107,-11.2030,0.0210,0.1570,0.1950,48.0000,22.0038,0.0200,100.0470,37.7484,-2.1708,3
-0.6475,-1.5009,-11.4973,0.0060,0.1700,0.1960,48.0000,21.9404,0.0200,100.0340,37.7919,-2.1129,3
-0.5395,-1.5304,-11.1540,0.0040,0.1480,0.1930,48.0000,21.9263,0.0100,100.0240,37.7640,-2.1321,3
-0.5199,-1.5500,-11.1638,0.0160,0.1450,0.1980,48.0000,21.9744,0.0400,100.0060,37.7502,-2.2039,3
-0.5886,-1.4813,-11.4679,0.0330,0.1690,0.1980,48.0000,21.9783,0.0500,99.9870,37.8055,-2.2272,3
-0.5395,-1.6186,-11.6445,0.0110,0.1680,0.1910,48.0000,22.0032,-0.0200,99.9830,37.9791,-1.9349,3
-0.5690,-1.4911,-11.2815,0.0010,0.1510,0.2000,48.0000,22.0319,-0.0600,99.9990,37.9258,-1.9269,3
-0.6180,-1.5009,-10.9774,-0.0030,0.1380,0.1960,48.0000,22.0146,-0.0200,100.0170,37.6806,-2.0421,3
-0.5984,-1.5304,-11.0657,0.0170,0.1460,0.1910,48.0000,22.0188,0.0100,100.0180,37.6747,-2.1459,3
-0.6475,-1.4813,-11.4679,0.0240,0.1660,0.1970,48.0000,21.9546,0.0000,100.0080,37.7551,-2.0854,3
-0.6278,-1.4911,-11.0853,-0.0010,0.1510,0.2010,48.0000,21.9625,0.0300,99.9990,37.7762,-2.2071,3
-0.5788,-1.5402,-11.3992,0.0120,0.1560,0.1900,48.0000,21.9655,0.0100,99.9820,37.6654,-2.0965,3
-0.5690,-1.4715,-11.3502,0.0150,0.1580,0.1970,48.0000,21.9993,0.0000,99.9750,37.7666,-2.0562,3
-0.5395,-1.5009,-11.3502,0.0130,0.1500,0.1960,48.0000,22.0023,-0.0300,99.9820,37.7750,-1.9627,3
-0.5886,-1.5304,-11.1736,0.0050,0.1510,0.1890,48.0000,21.9993,-0.0300,99.9950,37.7882,-1.9464,3
-0.6376,-1.5598,-11.0559,0.0140,0.1450,0.1890,48.0000,22.0280,-0.0200,100.0060,37.6675,-1.9707,3
-0.5886,-1.5598,-10.8793,0.0190,0.1390,0.1920,48.0000,22.0490,0.0000,100.0090,37.6727,-2.0500,3
-0.6278,-1.4911,-11.0853,0.0220,0.1510,0.1920,48.0000,21.9937,0.0200,100.0000,37.7578,-2.1351,3
-0.5788,-1.5402,-11.4188,0.0260,0.1590,0.1920,48.0000,21.9926,0.0200,99.9870,37.9116,-2.0915,3
-0.5395,-1.5598,-11.2717,0.0060,0.1550,0.1970,48.0000,22.0038,0.0000,99.9670,38.0049,-2.0177,3
-0.5788,-1.5990,-11.3207,-0.0010,0.1560,0.1930,48.0000,21.9859,0.0100,99.9490,37.9448,-2.0463,3
-0.5886,-1.5794,-11.4679,0.0040,0.1640,0.2000,48.0000,22.0130,0.0000,99.9380,37.8849,-1.9669,3
-0.5984,-1.5402,-11.2619,0.0210,0.1470,0.1980,49.0000,21.9907,-0.0400,99.9440,38.0228,-1.9029,3
-0.5494,-1.5500,-11.3207,0.0060,0.1610,0.2020,49.0000,22.0573,-0.0300,99.9580,38.0881,-1.9041,3
-0.5886,-1.5402,-11.2423,0.0090,0.1480,0.1930,48.0000,22.0471,-0.0400,99.9690,38.0656,-1.8835,3
-0.5984,-1.5009,-11.4188,-0.0010,0.1640,0.1940,48.0000,22.0415,-0.0500,99.9810,38.0063,-1.8439,3
-0.6278,-1.6088,-11.0657,-0.0060,0.1420,0.1960,48.0000,22.0083,-0.0500,99.9890,37.9054,-1.8487,3
-0.5886,-1.5205,-10.6242,0.0130,0.1250,0.1980,48.0000,22.0412,0.0200,99.9870,37.7596,-2.1090,3
-0.6082,-1.5304,-11.5169,0.0340,0.1710,0.2000,48.0000,22.0227,0.0500,99.9680,37.9074,-2.1265,3
-0.6082,-1.5304,-11.4777,0.0280,0.1710,0.1950,48.0000,21.9993,0.0200,99.9570,38.1791,-2.0222,3
-0.5592,-1.5598,-11.6052,0.0140,0.1680,0.1840,49.0000,22.0106,-0.0300,99.9620,38.3244,-1.7994,3
-0.5101,-1.5598,-10.9578,-0.0020,0.1320,0.1980,48.0000,22.0464,-0.0600,99.9860,38.0349,-1.8156,3
-0.5788,-1.6088,-11.1932,0.0060,0.1540,0.1930,48.0000,22.0580,-0.0100,99.9990,37.9079,-1.9273,3
-0.5886,-1.5205,-11.3698,0.0200,0.1600,0.2060,48.0000,22.0773,-0.0200,100.0040,37.8573,-1.9398,3
-0.5494,-1.5205,-11.0853,0.0150,0.1460,0.1860,48.0000,22.0467,-0.0100,100.0110,37.9662,-1.9337,3
-0.5788,-1.5402,-10.8106,0.0070,0.1380,0.1920,48.0000,22.0161,0.0500,100.0030,37.9490,-2.0845,3
-0.6376,-1.5696,-11.3305,0.0230,0.1610,0.1980,48.0000,22.0090,0.0600,99.9850,37.9732,-2.1068,3
-0.6082,-1.6186,-11.6052,0.0180,0.1680,0.1850,48.0000,21.9874,-0.0100,99.9740,38.0700,-1.8553,3
-0.5199,-1.6383,-11.2128,0.0130,0.1580,0.1930,49.0000,21.9696,-0.0300,99.9820,38.1933,-1.8510,3
-0.5101,-1.5696,-10.8597,0.0030,0.1430,0.1890,49.0000,21.9778,0.0000,99.9940,38.1248,-1.9580,3
-0.5690,-1.5794,-11.2815,0.0150,0.1580,0.1920,48.0000,22.0147,0.0000,99.9990,38.0588,-1.9102,3
-0.6180,-1.5500,-11.3011,0.0160,0.1480,0.1890,48.0000,21.9791,-0.0200,100.0090,38.1212,-1.8507,3
-0.5297,-1.5107,-10.9381,0.0090,0.1440,0.2060,48.0000,22.0039,0.0100,100.0170,38.1275,-2.0088,3
-0.5788,-1.5009,-11.2325,0.0110,0.1490,0.2060,48.0000,21.9820,0.0500,100.0060,38.1466,-2.1143,3
-0.6180,-1.5205,-11.7818,0.0180,0.1690,0.1940,48.0000,22.0085,0.0100,99.9890,38.1254,-1.9612,3
-0.6180,-1.4911,-11.3698,0.0070,0.1610,0.1900,48.0000,22.0138,-0.0200,99.9880,38.1642,-1.8951,3
-0.6082,-1.5009,-11.2226,0.0000,0.1540,0.1900,48.0000,22.0333,-0.0200,99.9940,38.1528,-1.8987,3
-0.5984,-1.4911,-11.3502,0.0060,0.1640,0.2020,48.0000,22.0481,0.0000,99.9960,38.0635,-1.9314,3
-0.6867,-1.4911,-11.1932,0.0170,0.1510,0.1980,48.0000,21.9951,-0.0200,100.0020,38.0678,-1.9307,3
-0.6278,-1.6088,-11.1442,-0.0050,0.1470,0.1870,48.0000,22.0209,-0.0100,100.0100,37.9764,-1.8700,3
-0.5690,-1.4911,-10.8989,0.0030,0.1360,0.1970,48.0000,22.0074,0.0100,100.0180,37.8187,-2.0088,3
-0.6475,-1.4323,-11.2619,0.0200,0.1600,0.1980,48.0000,22.0017,0.0700,100.0090,37.7978,-2.1622,3
-0.6082,-1.5009,-11.6150,0.0130,0.1730,0.1860,48.0000,22.0125,0.0300,99.9900,37.9271,-2.0426,3
-0.5788,-1.5500,-11.3698,0.0040,0.1540,0.1960,48.0000,22.0056,-0.0300,99.9830,37.8838,-1.8814,3
-0.5494,-1.4224,-11.0166,0.0160,0.1440,0.2070,48.0000,21.9936,0.0000,99.9910,37.8545,-2.0746,3
-0.5984,-1.5500,-11.3992,0.0140,0.1550,0.1920,48.0000,21.9974,0.0100,99.9940,37.8674,-2.0166,3
-0.5690,-1.5205,-11.3992,0.0040,0.1520,0.1980,48.0000,22.0323,-0.0200,100.0010,37.8742,-1.9014,3
-0.5984,-1.4911,-11.1049,0.0100,0.1440,0.1930,48.0000,22.0011,0.0000,100.0120,37.8551,-1.9735,3
-0.5788,-1.5892,-11.1736,0.0000,0.1490,0.1900,48.0000,21.9812,0.0100,100.0110,37.7040,-1.9587,3
-0.6082,-1.4911,-11.1343,0.0120,0.1480,0.2060,48.0000,21.9502,0.0000,100.0080,37.6644,-2.0202,3
-0.5984,-1.5107,-10.9970,0.0130,0.1420,0.2050,48.0000,21.9683,0.0300,100.0030,37.6758,-2.1284,3
-0.5395,-1.5402,-11.1736,0.0260,0.1480,0.1880,48.0000,21.9852,0.0500,99.9830,37.7633,-2.1414,3
-0.6082,-1.4911,-11.3992,0.0230,0.1600,0.1980,48.0000,21.9739,0.0400,99.9650,37.9245,-2.1011,3
-0.5788,-1.5107,-11.8014,0.0170,0.1750,0.1890,48.0000,21.9847,-0.0100,99.9610,38.0236,-1.9048,3
-0.5395,-1.5402,-11.4385,0.0110,0.1600,0.1940,48.0000,21.9720,-0.0800,99.9840,38.0205,-1.7399,3
-0.5199,-1.5402,-10.8793,-0.0160,0.1300,0.1940,48.0000,21.9930,-0.0700,100.0180,37.8283,-1.7924,3
-0.5886,-1.5696,-10.8989,-0.0020,0.1430,0.1980,48.0000,21.9789,0.0000,100.0340,37.6215,-1.9937,3
-0.5592,-1.4911,-11.1049,0.0360,0.1570,0.2000,48.0000,22.0001,0.0600,100.0280,37.7906,-2.1618,3
-0.5788,-1.5205,-11.4090,0.0140,0.1710,0.1970,48.0000,22.0050,0.0400,100.0050,37.9991,-2.0881,3
-0.5788,-1.5205,-11.2913,0.0130,0.1520,0.1880,48.0000,21.9734,0.0000,99.9940,37.9435,-1.9708,3
-0.6278,-1.5205,-11.4875,0.0060,0.1670,0.2010,48.0000,22.0017,0.0000,99.9930,37.9313,-1.9522,3
-0.5788,-1.4715,-11.1638,0.0030,0.1420,0.1940,48.0000,21.9896,-0.0400,100.0100,37.8749,-1.9378,3
-0.5690,-1.6088,-10.9185,0.0090,0.1510,0.1920,48.0000,21.9969,0.0100,100.0250,37.7680,-2.0307,3
-0.6180,-1.5205,-11.1245,0.0140,0.1460,0.1890,48.0000,22.0269,0.0100,100.0330,37.8010,-2.0490,3
-0.5984,-1.5500,-11.3011,0.0120,0.1620,0.2000,48.0000,22.0123,0.0000,100.0340,37.8137,-2.0011,3
-0.5984,-1.5304,-11.0853,0.0080,0.1490,0.1870,48.0000,22.0172,0.0000,100.0380,37.8505,-2.0002,3
-0.6180,-1.5500,-11.2325,-0.0020,0.1560,0.2030,48.0000,21.9958,0.0100,100.0310,37.7075,-2.0340,3
-0.5788,-1.4813,-11.1343,0.0130,0.1500,0.1950,48.0000,21.9761,0.0200,100.0230,37.7405,-2.1018,3
-0.5494,-1.4519,-11.1932,0.0220,0.1580,0.2010,48.0000,21.9531,0.0500,100.0090,37.8331,-2.1635,3
-0.5494,-1.5205,-11.6543,0.0110,0.1710,0.1870,48.0000,21.9709,0.0100,99.9910,37.9299,-2.0138,3
-0.5297,-1.5304,-11.4188,0.0160,0.1510,0.1940,48.0000,21.9509,-0.0500,99.9960,37.9799,-1.8719,3
-0.4905,-1.6088,-10.9676,0.0040,0.1390,0.1860,48.0000,21.9669,-0.0200,100.0140,37.8100,-1.9308,3
-0.5494,-1.5500,-10.8989,0.0140,0.1460,0.2020,48.0000,21.9340,0.0200,100.0170,37.7468,-2.1177,3
-0.5592,-1.5009,-11.1049,0.0230,0.1540,0.1960,48.0000,21.9517,0.0600,100.0060,37.8308,-2.2031,3
-0.5788,-1.5598,-11.5071,0.0070,0.1610,0.1880,48.0000,21.9918,0.0300,99.9910,37.9262,-2.0870,3
-0.5690,-1.5402,-11.6445,0.0040,0.1660,0.1900,48.0000,22.0147,-0.0100,99.9800,37.8751,-1.9429,3
-0.5984,-1.5892,-11.0559,0.0050,0.1330,0.1880,48.0000,22.0492,-0.0400,99.9860,37.8392,-1.9239,3
-0.5984,-1.5205,-11.0264,0.0120,0.1460,0.2030,48.0000,22.0221,0.0000,99.9930,37.7461,-2.0675,3
-0.6278,-1.4715,-11.3992,0.0280,0.1640,0.1880,48.0000,21.9909,0.0100,99.9980,37.8652,-2.0980,3
-0.6082,-1.4715,-11.4973,0.0130,0.1620,0.1900,48.0000,22.0180,-0.0400,100.0100,38.0050,-1.9286,3
-0.5592,-1.5402,-11.1245,-0.0010,0.1440,0.1940,48.0000,21.9762,-0.0500,100.0330,37.8644,-1.8914,3
-0.5886,-1.5107,-11.0068,0.0030,0.1400,0.1980,48.0000,21.9702,-0.0300,100.0530,37.6776,-1.9922,3
-0.5886,-1.4715,-11.1147,0.0180,0.1580,0.1970,48.0000,21.9758,0.0000,100.0590,37.6815,-2.1074,3
-0.6180,-1.4323,-11.0755,0.0060,0.1380,0.2020,48.0000,21.9830,0.0100,100.0530,37.7002,-2.1510,3
-0.5494,-1.4911,-11.0166,0.0150,0.1430,0.1810,48.0000,21.9588,0.0700,100.0330,37.7841,-2.2823,3
-0.5788,-1.6186,-11.7426,0.0110,0.1770,0.1980,48.0000,21.9945,0.0200,100.0150,37.7330,-2.0795,3
-0.6082,-1.4323,-11.3894,0.0180,0.1520,0.2040,48.0000,21.9995,-0.0500,100.0260,37.8553,-1.9622,3
-0.6475,-1.4715,-10.8891,0.0020,0.1380,0.1940,48.0000,21.9672,-0.0300,100.0410,37.8744,-2.0248,3
-0.5494,-1.5205,-11.1245,-0.0010,0.1510,0.2040,48.0000,21.9961,0.0100,100.0450,37.6847,-2.1589,3
-0.6180,-1.5500,-11.3109,0.0100,0.1590,0.1890,48.0000,22.0113,0.0100,100.0460,37.6182,-2.1192,3
-0.5984,-1.5696,-11.2226,0.0300,0.1540,0.1840,48.0000,21.9912,0.0100,100.0460,37.6946,-2.1273,3
-0.6278,-1.4911,-11.2815,0.0130,0.1510,0.1950,48.0000,21.9606,0.0100,100.0370,37.7762,-2.1701,3
-0.5494,-1.5107,-11.3796,0.0120,0.1660,0.1920,48.0000,21.9331,0.0300,100.0210,37.8103,-2.1637,3
-0.5297,-1.5304,-11.1736,0.0020,0.1530,0.1990,48.0000,21.9507,0.0000,100.0120,37.7615,-2.1275,3
-0.5199,-1.4519,-11.2226,0.0300,0.1610,0.1930,48.0000,21.9678,0.0100,100.0090,37.8813,-2.1608,3
-0.5494,-1.5304,-11.5464,0.0190,0.1720,0.1960,48.0000,21.9946,-0.0400,100.0190,38.0016,-1.9514,3
-0.5788,-1.4813,-10.9676,0.0000,0.1390,0.1900,48.0000,22.0023,-0.0600,100.0420,38.0604,-1.9630,3
-0.6082,-1.5794,-11.0951,0.0000,0.1450,0.1940,48.0000,21.9849,-0.0400,100.0570,37.7801,-1.9995,3
-0.5984,-1.6088,-10.6340,0.0160,0.1240,0.1940,48.0000,21.9979,0.0000,100.0620,37.7181,-2.1733,3
-0.6180,-1.5696,-10.8989,0.0230,0.1410,0.1930,48.0000,21.9990,0.1000,100.0360,37.9417,-2.3542,3
-0.6475,-1.5402,-11.3894,0.0070,0.1630,0.2040,48.0000,21.9607,0.1000,99.9980,38.0246,-2.3605,3
-0.5886,-1.5500,-11.9682,0.0250,0.1810,0.1970,49.0000,21.9401,0.0000,99.9670,38.1503,-2.0663,3
-0.4905,-1.5794,-11.3109,-0.0040,0.1530,0.1960,49.0000,21.9842,-0.0500,99.9710,38.2242,-1.8918,3
-0.5199,-1.5794,-10.9087,-0.0010,0.1350,0.1880,49.0000,22.0048,-0.0500,99.9880,37.9444,-1.9513,3
-0.5395,-1.4911,-10.9283,0.0150,0.1380,0.2060,48.0000,22.0405,-0.0100,99.9990,37.8117,-2.0832,3
-0.6376,-1.4715,-11.0362,0.0110,0.1450,0.1860,48.0000,22.0067,0.0500,100.0010,37.8847,-2.2450,3
-0.6180,-1.5402,-11.6641,0.0280,0.1700,0.2010,48.0000,22.0055,0.0100,99.9950,38.0024,-2.0658,3
-0.6180,-1.5402,-11.4286,-0.0010,0.1630,0.1920,48.0000,22.0019,-0.0300,99.9980,37.9915,-1.9515,3
-0.5494,-1.5304,-11.0362,-0.0050,0.1340,0.2010,48.0000,22.0158,-0.0500,99.9990,37.7437,-1.9566,3
-0.6475,-1.5500,-10.7321,0.0130,0.1400,0.1930,48.0000,22.0123,0.0300,99.9900,37.6616,-2.2362,3
-0.5886,-1.5598,-11.3894,0.0310,0.1640,0.1750,48.0000,22.0420,0.0300,99.9660,37.8956,-2.1031,3
-0.5788,-1.5598,-11.1638,0.0380,0.1540,0.1940,48.0000,22.0348,0.0000,99.9510,38.1898,-2.0544,3
-0.5984,-1.5402,-11.3992,0.0020,0.1610,0.2040,48.0000,22.0504,0.0000,99.9470,38.2073,-2.0104,3
-0.6180,-1.6186,-11.2815,0.0000,0.1510,0.1920,48.0000,22.0356,-0.0500,99.9530,38.0285,-1.8458,3
-0.6082,-1.6186,-11.0461,-0.0020,0.1400,0.1940,48.0000,22.0329,-0.0600,99.9680,37.9103,-1.8342,3
-0.5984,-1.4519,-11.0264,0.0180,0.1480,0.2130,48.0000,22.0577,0.0000,99.9720,37.8155,-2.0649,3
-0.6769,-1.4323,-11.0068,0.0270,0.1500,0.1960,48.0000,22.0340,0.0500,99.9540,37.9219,-2.2030,3
-0.6082,-1.5598,-11.5267,0.0100,0.1680,0.1950,48.0000,22.0382,0.0300,99.9310,38.0423,-2.0173,3
-0.5297,-1.4617,-11.3502,0.0080,0.1620,0.1930,49.0000,22.0226,0.0000,99.9220,38.0766,-1.9793,3
-0.6082,-1.4715,-11.3992,0.0100,0.1550,0.1920,48.0000,21.9984,-0.0500,99.9260,38.0800,-1.8715,3
-0.5886,-1.5402,-11.2619,0.0010,0.1530,0.1870,48.0000,22.0203,-0.0400,99.9410,37.9803,-1.8491,3
-0.5199,-1.5304,-10.9283,0.0000,0.1500,0.2010,48.0000,22.0476,0.0000,99.9570,37.8745,-1.9633,3
-0.6082,-1.5598,-11.2521,0.0150,0.1510,0.1990,48.0000,22.0069,0.0000,99.9630,37.8319,-1.9980,3
-0.5592,-1.4715,-11.3502,0.0010,0.1600,0.1940,48.0000,22.0273,-0.0100,99.9630,37.9518,-1.9807,3
-0.5297,-1.5009,-11.4090,0.0090,0.1580,0.1920,48.0000,22.0307,-0.0300,99.9640,37.8974,-1.8726,3
-0.5297,-1.5009,-11.0951,0.0030,0.1390,0.1990,48.0000,22.0386,-0.0100,99.9630,37.7749,-1.9572,3
-0.5886,-1.5892,-11.0362,0.0110,0.1550,0.1790,48.0000,22.0175,0.0400,99.9520,37.8174,-2.0762,3
-0.6278,-1.5598,-11.3600,0.0190,0.1510,0.1880,48.0000,22.0579,0.0000,99.9400,37.9438,-1.9686,3
-0.5788,-1.5205,-11.5366,0.0150,0.1670,0.2000,48.0000,22.0159,-0.0200,99.9470,38.0300,-1.8828,3
-0.5886,-1.5696,-11.3109,0.0030,0.1560,0.1970,48.0000,21.9977,-0.0700,99.9680,38.0340,-1.7222,3
-0.5592,-1.5402,-10.9087,-0.0050,0.1380,0.2000,48.0000,22.0303,-0.0400,99.9900,37.9285,-1.8905,3
-0.6082,-1.5205,-10.8302,0.0090,0.1360,0.2000,48.0000,22.0504,0.0100,99.9950,37.7519,-2.0520,3
-0.6573,-1.4813,-11.5169,0.0210,0.1680,0.1930,48.0000,22.0251,0.0400,99.9810,37.7738,-2.0437,3
-0.5984,-1.4813,-11.3992,0.0080,0.1610,0.1910,48.0000,22.0307,0.0000,99.9630,37.9205,-1.9555,3
-0.5984,-1.4715,-11.2815,0.0090,0.1450,0.1970,48.0000,22.0186,0.0000,99.9550,37.9373,-1.9578,3
-0.6180,-1.5500,-11.1147,0.0080,0.1470,0.1910,48.0000,22.0101,0.0200,99.9430,37.8256,-2.0194,3
-0.6376,-1.4519,-11.4385,0.0270,0.1680,0.1900,48.0000,22.0325,0.0000,99.9380,37.8407,-1.9457,3
-0.5788,-1.5205,-11.2717,0.0180,0.1510,0.1870,48.0000,22.0149,-0.0400,99.9500,37.9730,-1.8077,3
-0.5690,-1.5794,-11.1442,0.0000,0.1460,0.1990,48.0000,21.9944,-0.0400,99.9730,37.9021,-1.7930,3
-0.5690,-1.5696,-11.1540,0.0060,0.1510,0.1950,48.0000,21.9815,-0.0200,99.9920,37.7148,-1.8544,3
-0.6180,-1.5304,-10.8989,0.0240,0.1360,0.1970,48.0000,21.9574,0.0000,99.9990,37.7490,-1.9585,3
-0.5984,-1.5598,-11.3600,0.0060,0.1620,0.1950,48.0000,21.9965,0.0200,99.9860,37.7809,-1.9546,3
-0.5297,-1.5205,-11.3305,0.0180,0.1470,0.1890,48.0000,22.0132,0.0200,99.9780,37.8185,-1.9978,3
-0.5788,-1.4519,-11.3305,0.0150,0.1640,0.1990,48.0000,22.0048,0.0400,99.9660,37.8731,-2.0468,3
-0.6180,-1.4911,-11.5954,0.0320,0.1740,0.1990,48.0000,21.9980,0.0000,99.9610,38.0596,-1.9367,3
-0.5886,-1.5304,-11.0657,0.0050,0.1380,0.1810,48.0000,22.0133,-0.0500,99.9780,38.0859,-1.7589,3
-0.5788,-1.5598,-10.9381,-0.0030,0.1360,0.2050,48.0000,22.0070,-0.0300,99.9980,37.8061,-1.8559,3
-0.6082,-1.4519,-11.0657,0.0100,0.1420,0.1940,48.0000,21.9815,0.0100,100.0020,37.8060,-2.0002,3
-0.6573,-1.5205,-11.1245,0.0300,0.1490,0.1920,48.0000,21.9952,0.0300,99.9950,37.9315,-2.0384,3
-0.5003,-1.5892,-11.3404,0.0080,0.1590,0.1920,48.0000,21.9819,0.0200,99.9820,37.8689,-1.9522,3
-0.5297,-1.5107,-11.3600,0.0020,0.1550,0.2040,48.0000,22.0094,0.0000,99.9730,37.8932,-1.9632,3
-0.5199,-1.5402,-11.3109,0.0160,0.1480,0.1930,48.0000,21.9972,0.0000,99.9690,37.9018,-1.9742,3
-0.5690,-1.4323,-11.4581,0.0230,0.1620,0.1920,48.0000,22.0350,-0.0100,99.9640,37.9732,-1.9188,3
-0.5984,-1.5794,-11.2913,0.0280,0.1540,0.1920,48.0000,22.0510,-0.0400,99.9760,38.0959,-1.8035,3
-0.6082,-1.5402,-10.8400,0.0090,0.1340,0.1940,48.0000,22.0198,-0.0200,99.9940,38.1212,-1.8568,3
-0.5984,-1.6186,-11.1932,0.0000,0.1540,0.1990,48.0000,22.0299,0.0200,99.9980,37.9676,-1.9603,3
-0.6376,-1.5205,-11.5954,0.0190,0.1720,0.2000,48.0000,22.0494,0.0000,100.0020,37.9696,-1.9092,3
-0.6376,-1.5009,-11.2423,0.0080,0.1560,0.1860,48.0000,22.0132,-0.0300,100.0110,38.1085,-1.8320,3
-0.6082,-1.5107,-11.1736,-0.0090,0.1440,0.2130,48.0000,21.9773,-0.0400,100.0110,37.9268,-1.8529,3
-0.6180,-1.5696,-11.1049,0.0130,0.1450,0.1940,48.0000,22.0092,0.0000,100.0030,37.7301,-1.9622,3
-0.5395,-1.4813,-10.8793,0.0260,0.1410,0.1960,48.0000,21.9977,0.0300,99.9890,37.8760,-2.0959,3
-0.6278,-1.3636,-11.6837,0.0310,0.1740,0.1940,48.0000,22.0100,0.0100,99.9790,38.1246,-1.9980,3
-0.5494,-1.4715,-11.5856,0.0040,0.1730,0.1920,48.0000,22.0192,-0.0300,99.9840,38.1873,-1.8122,3
-0.5984,-1.5107,-11.2521,0.0020,0.1460,0.1990,48.0000,22.0198,-0.0900,100.0080,37.9774,-1.7208,3
-0.6180,-1.5990,-10.7616,-0.0040,0.1290,0.1870,48.0000,22.0043,-0.0200,100.0230,37.7600,-1.8737,3
-0.6180,-1.5205,-11.0264,0.0080,0.1450,0.1970,48.0000,21.9566,0.0300,100.0180,37.5521,-2.0578,3
-0.6475,-1.4421,-11.3109,0.0290,0.1520,0.1980,48.0000,21.9655,0.0400,100.0070,37.6915,-2.1061,3
-0.5788,-1.5009,-11.3305,0.0120,0.1600,0.1820,48.0000,22.0066,0.0600,99.9860,38.0227,-2.0646,3
-0.5690,-1.5794,-11.2913,0.0040,0.1540,0.2000,48.0000,22.0108,0.0500,99.9680,37.9490,-2.0521,3
-0.6278,-1.5500,-11.6445,0.0120,0.1710,0.2060,48.0000,22.0293,0.0000,99.9540,37.9777,-1.8949,3
-0.5297,-1.4126,-11.3992,0.0210,0.1640,0.1950,48.0000,22.0557,-0.0400,99.9640,38.1095,-1.8264,3
-0.5199,-1.5500,-10.8499,0.0030,0.1390,0.1900,48.0000,22.0507,-0.0100,99.9830,38.1061,-1.8710,3
-0.5984,-1.5402,-11.3011,0.0050,0.1600,0.1940,48.0000,22.0655,0.0100,99.9920,37.9014,-1.9544,3
-0.6475,-1.6088,-11.2226,0.0110,0.1520,0.1940,48.0000,22.0289,0.0000,99.9980,37.9042,-1.9242,3
-0.6769,-1.5696,-11.3502,0.0090,0.1590,0.1970,48.0000,22.0120,0.0000,99.9990,37.9320,-1.8957,3
-0.5494,-1.5304,-11.0264,0.0060,0.1420,0.1860,48.0000,21.9989,0.0000,99.9910,37.8890,-1.9549,3
-0.5592,-1.5304,-10.9774,0.0240,0.1410,0.2110,48.0000,21.9894,0.0400,99.9800,37.9401,-2.0851,3
-0.6082,-1.5500,-11.5071,0.0210,0.1710,0.1940,48.0000,21.9760,0.0300,99.9640,38.0994,-2.0137,3
-0.5788,-1.5990,-11.9093,0.0140,0.1860,0.1950,48.0000,22.0117,-0.0500,99.9750,38.1321,-1.7281,3
-0.5592,-1.5402,-11.1343,0.0000,0.1470,0.1870,48.0000,22.0229,-0.0800,100.0100,38.2306,-1.6853,3
-0.5690,-1.6481,-10.5752,-0.0060,0.1280,0.1890,48.0000,22.0042,-0.0100,100.0300,38.0134,-1.8728,3
-0.6180,-1.5990,-11.0657,0.0090,0.1480,0.2140,48.0000,22.0199,0.0400,100.0270,37.7188,-2.0514,3
-0.6769,-1.3930,-11.4973,0.0300,0.1690,0.1980,48.0000,21.9987,0.0300,100.0150,37.9274,-2.0563,3
-0.6082,-1.5205,-11.3894,0.0130,0.1740,0.1820,48.0000,22.0276,0.0300,99.9970,38.2153,-1.9478,3
-0.5395,-1.6481,-11.4875,-0.0100,0.1610,0.1960,48.0000,21.9826,-0.0200,99.9840,37.9147,-1.7902,3
-0.5788,-1.5598,-11.0559,0.0010,0.1510,0.2050,48.0000,21.9845,-0.0200,99.9850,37.7446,-1.9178,3
-0.5886,-1.4617,-11.1245,0.0220,0.1540,0.1980,48.0000,21.9813,0.0100,99.9870,37.8490,-2.0117,3
-0.6376,-1.4617,-11.5267,0.0240,0.1660,0.1860,48.0000,21.9764,-0.0200,99.9940,38.0349,-1.8594,3
-0.5494,-1.5794,-11.0755,0.0000,0.1390,0.2050,48.0000,22.0090,-0.0500,100.0110,38.0256,-1.7907,3
-0.5886,-1.5009,-11.0951,0.0000,0.1440,0.1970,48.0000,22.0382,0.0000,100.0240,37.8137,-1.9506,3
-0.6180,-1.5304,-11.2030,0.0110,0.1540,0.1950,48.0000,22.0405,0.0100,100.0240,37.7800,-1.9842,3
-0.6769,-1.5009,-11.2815,0.0230,0.1510,0.1980,48.0000,21.9898,0.0000,100.0170,37.8336,-1.9250,3
-0.6082,-1.5892,-11.4286,-0.0040,0.1560,0.1840,48.0000,22.0000,0.0000,100.0080,37.8643,-1.8824,3
-0.5494,-1.5205,-11.0951,0.0160,0.1400,0.1960,48.0000,21.9972,0.0100,99.9940,37.8789,-2.0075,3
-0.6082,-1.4617,-11.0755,0.0100,0.1490,0.1850,48.0000,21.9847,0.0700,99.9760,37.8968,-2.1376,3
-0.5886,-1.4519,-11.7229,0.0250,0.1790,0.2070,48.0000,21.9742,0.0300,99.9620,37.9673,-1.9754,3
-0.5395,-1.5304,-11.2521,0.0110,0.1460,0.1870,49.0000,21.9823,-0.0400,99.9680,38.0342,-1.8098,3
-0.5297,-1.6088,-11.0853,-0.0140,0.1490,0.1930,48.0000,21.9908,-0.0200,99.9830,37.7794,-1.8263,3
-0.6180,-1.5402,-10.9676,0.0140,0.1410,0.2010,48.0000,22.0226,0.0000,99.9860,37.5979,-1.9584,3
-0.5886,-1.5205,-11.2423,0.0220,0.1590,0.1880,48.0000,21.9940,0.0200,99.9760,37.7787,-1.9984,3
-0.5886,-1.5009,-11.3305,0.0040,0.1580,0.1960,48.0000,21.9990,0.0000,99.9660,37.8656,-1.9321,3
-0.5788,-1.5402,-11.4385,0.0060,0.1560,0.1900,48.0000,22.0140,-0.0100,99.9570,37.8448,-1.8659,3
-0.5297,-1.5500,-11.1638,0.0170,0.1450,0.1990,48.0000,21.9835,-0.0200,99.9620,37.9018,-1.8681,3
-0.5886,-1.5009,-11.0657,0.0310,0.1490,0.1920,48.0000,22.0025,0.0000,99.9670,37.9908,-1.9203,3
-0.5690,-1.4715,-11.3305,0.0100,0.1600,0.2060,48.0000,21.9994,0.0000,99.9690,38.0848,-1.9083,3
-0.5886,-1.4519,-11.5954,0.0030,0.1640,0.1860,48.0000,22.0073,-0.0300,99.9740,38.0016,-1.7646,3
-0.5788,-1.6285,-11.0068,-0.0030,0.1400,0.1950,48.0000,22.0094,-0.0300,99.9840,37.8271,-1.7838,3
-0.5788,-1.5990,-10.8793,0.0170,0.1430,0.1910,48.0000,22.0262,0.0100,99.9890,37.8008,-1.9407,3
-0.5494,-1.4617,-11.3502,0.0200,0.1670,0.2020,48.0000,22.0070,0.0300,99.9780,37.8297,-2.0017,3
-0.5984,-1.4617,-11.3305,0.0220,0.1630,0.1980,48.0000,22.0249,0.0000,99.9610,38.0284,-1.8947,3
-0.5788,-1.4519,-11.1932,0.0160,0.1480,0.1900,48.0000,22.0512,0.0100,99.9450,38.0292,-1.9376,3
-0.5297,-1.5794,-11.3992,0.0200,0.1590,0.1820,48.0000,22.0343,0.0000,99.9340,38.1204,-1.8405,3
-0.5395,-1.5598,-11.3011,0.0240,0.1540,0.2030,48.0000,22.0263,-0.0100,99.9330,38.1589,-1.8391,3
-0.5297,-1.4617,-11.6641,0.0040,0.1620,0.1990,48.0000,22.0422,-0.0600,99.9390,38.0719,-1.6516,3
-0.5690,-1.5205,-11.0264,-0.0110,0.1360,0.1960,48.0000,22.0695,-0.0800,99.9590,37.8979,-1.6819,3
-0.6376,-1.5500,-11.1343,0.0040,0.1470,0.1830,48.0000,22.0376,-0.0500,99.9710,37.7223,-1.7257,3
-0.5690,-1.5696,-10.8793,0.0130,0.1360,0.1940,48.0000,22.0614,-0.0100,99.9700,37.6786,-1.8518,3
-0.5690,-1.5009,-11.1638,0.0200,0.1530,0.1940,48.0000,22.0310,0.0500,99.9510,37.8481,-2.0085,3
-0.5886,-1.5500,-11.5562,0.0230,0.1710,0.1920,48.0000,22.0317,0.0500,99.9300,37.9598,-1.9449,3
-0.5886,-1.5402,-11.4875,0.0100,0.1590,0.1880,48.0000,22.0276,0.0000,99.9250,38.0853,-1.7894,3
-0.5592,-1.5402,-11.3796,0.0000,0.1600,0.2000,48.0000,22.0407,-0.0300,99.9380,38.0421,-1.7194,3
-0.5788,-1.5892,-11.1932,0.0040,0.1500,0.1980,48.0000,22.0248,-0.0300,99.9560,37.9219,-1.7407,3
-0.6082,-1.5402,-11.5169,0.0020,0.1680,0.1950,48.0000,21.9763,-0.0700,99.9760,37.8250,-1.5975,3
-0.5984,-1.4617,-10.7419,0.0030,0.1210,0.1980,48.0000,22.0195,-0.0600,100.0040,37.8012,-1.7587,3
-0.5788,-1.5402,-10.8695,0.0110,0.1500,0.1890,48.0000,21.9820,0.0600,100.0040,37.6917,-2.0110,3
-0.6278,-1.4813,-11.6641,0.0250,0.1720,0.1930,48.0000,21.9956,0.0200,99.9810,37.8013,-1.8863,3
-0.5886,-1.4519,-11.3992,0.0260,0.1590,0.1950,48.0000,21.9816,-0.0300,99.9820,38.0653,-1.7393,3
-0.5984,-1.5402,-11.0559,-0.0150,0.1390,0.2020,48.0000,21.9932,-0.0200,99.9930,37.9140,-1.7904,3
-0.5395,-1.4519,-10.9872,0.0070,0.1420,0.1940,48.0000,21.9929,0.0200,99.9980,37.7684,-1.9556,3
-0.5690,-1.5696,-11.3502,0.0170,0.1620,0.1950,48.0000,22.0048,0.0200,99.9960,37.8290,-1.9138,3
-0.6278,-1.5205,-11.3600,0.0150,0.1470,0.1950,48.0000,22.0318,-0.0200,99.9990,37.8885,-1.7962,3
-0.5886,-1.5598,-11.0362,0.0050,0.1410,0.1940,48.0000,22.0241,0.0000,100.0030,37.8725,-1.8606,3
-0.6475,-1.6677,-11.3305,0.0010,0.1550,0.1950,48.0000,21.9789,0.0000,100.0010,37.7906,-1.7742,3
-0.5592,-1.5794,-10.8793,0.0090,0.1270,0.1900,48.0000,21.9864,0.0000,99.9970,37.7190,-1.8703,3
-0.5690,-1.6186,-11.1049,0.0260,0.1500,0.1930,48.0000,21.9819,0.0500,99.9750,37.8054,-1.9757,3
-0.5788,-1.4715,-11.2325,0.0340,0.1590,0.1920,48.0000,22.0074,0.0500,99.9490,38.1062,-2.0290,3
-0.5395,-1.5598,-11.6739,0.0060,0.1710,0.1980,49.0000,22.0044,0.0100,99.9370,38.2783,-1.8052,3
-0.5395,-1.5500,-11.7622,0.0090,0.1740,0.2020,49.0000,22.0064,-0.0700,99.9520,38.3097,-1.5515,3
-0.5199,-1.5107,-10.9283,0.0000,0.1340,0.1910,48.0000,22.0128,-0.1000,99.9830,38.1334,-1.5838,3
-0.5592,-1.5794,-10.6733,0.0030,0.1320,0.2030,48.0000,22.0070,0.0000,100.0020,37.9239,-1.8447,3
-0.5984,-1.5794,-10.9774,0.0260,0.1510,0.2080,48.0000,22.0034,0.0500,99.9940,37.9112,-1.9898,3
-0.5984,-1.4911,-11.3894,0.0250,0.1690,0.1990,48.0000,22.0531,0.0600,99.9650,38.0622,-1.9856,3
-0.6180,-1.5990,-11.6445,0.0150,0.1770,0.1910,48.0000,22.0435,0.0000,99.9490,38.2444,-1.7336,3
-0.5690,-1.6186,-11.4679,0.0020,0.1540,0.1930,48.0000,22.0124,-0.0900,99.9590,38.2667,-1.5273,3
-0.5690,-1.5500,-10.6635,-0.0060,0.1210,0.2050,48.0000,22.0325,-0.0500,99.9830,38.0424,-1.7292,3
-0.5886,-1.5402,-10.9872,0.0160,0.1500,0.1920,48.0000,22.0345,0.0400,99.9880,38.0454,-1.9341,3
-0.6376,-1.5402,-11.5464,0.0230,0.1650,0.2040,48.0000,22.0172,0.0200,99.9810,38.2078,-1.8673,3
-0.6475,-1.5696,-11.4875,0.0030,0.1560,0.1920,48.0000,22.0242,-0.0400,99.9900,38.2227,-1.6391,3
-0.5199,-1.4911,-10.8204,0.0020,0.1360,0.2070,48.0000,21.9978,-0.0200,100.0050,38.0632,-1.7768,3
-0.5788,-1.4911,-11.2521,-0.0050,0.1520,0.1910,48.0000,21.9958,0.0300,100.0040,37.8521,-1.8961,3
-0.6278,-1.4813,-11.7033,0.0120,0.1700,0.1950,48.0000,22.0301,0.0000,99.9960,37.8038,-1.7798,3
-0.5788,-1.4911,-11.0951,0.0200,0.1410,0.2000,48.0000,21.9983,-0.0200,99.9990,37.8640,-1.7870,3
-0.6867,-1.5304,-10.7910,0.0160,0.1290,0.1960,48.0000,21.9956,0.0300,99.9930,37.9790,-1.9386,3
-0.5788,-1.6088,-11.2423,0.0080,0.1490,0.1940,48.0000,22.0035,0.0800,99.9740,37.9177,-1.9996,3
-0.5984,-1.4519,-11.5954,0.0230,0.1720,0.2050,48.0000,21.9803,0.0400,99.9610,38.0124,-1.9132,3
-0.6082,-1.4126,-11.5071,0.0050,0.1540,0.1970,49.0000,22.0106,-0.0400,99.9670,38.1461,-1.6906,3
-0.5886,-1.5990,-10.9283,-0.0170,0.1440,0.1870,48.0000,22.0201,0.0000,99.9810,37.9469,-1.7660,3
-0.5690,-1.5009,-11.1638,0.0060,0.1500,0.2030,48.0000,22.0387,0.0100,99.9870,37.6701,-1.8638,3
-0.6278,-1.5304,-11.5562,0.0230,0.1620,0.1790,48.0000,22.0337,-0.0100,99.9820,37.8123,-1.7535,3
-0.5984,-1.4813,-11.1442,0.0030,0.1510,0.2000,48.0000,22.0454,-0.0100,99.9790,37.9136,-1.7766,3
-0.5788,-1.4421,-11.0461,0.0180,0.1520,0.1980,48.0000,22.0216,0.0200,99.9790,37.9097,-1.8950,3
-0.6475,-1.4126,-11.4777,0.0220,0.1600,0.1900,48.0000,22.0265,0.0000,99.9810,37.9944,-1.8248,3
-0.6278,-1.4715,-11.4777,0.0050,0.1580,0.1910,48.0000,22.0309,-0.0400,99.9900,37.9640,-1.6666,3
-0.5788,-1.6088,-10.9185,-0.0020,0.1320,0.1880,48.0000,21.9965,-0.0500,100.0150,37.8090,-1.6480,3
-0.5984,-1.5107,-10.8793,0.0070,0.1360,0.1970,48.0000,21.9890,0.0000,100.0290,37.6884,-1.8285,3
-0.5886,-1.4813,-11.0657,0.0170,0.1450,0.1900,48.0000,21.9951,0.0400,100.0240,37.7331,-1.9269,3
-0.6278,-1.4519,-11.4286,0.0170,0.1570,0.1960,48.0000,21.9839,0.0100,100.0140,37.7626,-1.8582,3
-0.5199,-1.4519,-11.0853,0.0060,0.1380,0.1970,48.0000,21.9545,0.0000,100.0030,37.7078,-1.8348,3
-0.5592,-1.5205,-11.2030,0.0100,0.1520,0.1940,48.0000,21.9832,0.0200,99.9910,37.6486,-1.9087,3
-0.5690,-1.5205,-11.3305,0.0230,0.1490,0.1960,48.0000,21.9981,0.0000,99.9860,37.6397,-1.8187,3
-0.5984,-1.5009,-11.1638,0.0290,0.1530,0.1990,48.0000,21.9606,0.0000,99.9940,37.8690,-1.8672,3
-0.5984,-1.4715,-11.2423,0.0220,0.1520,0.1990,48.0000,21.9551,0.0000,100.0020,38.0233,-1.8288,3
-0.5690,-1.5402,-11.1932,-0.0040,0.1440,0.1960,48.0000,21.9486,0.0000,100.0110,37.8908,-1.7723,3
-0.5592,-1.5794,-11.0264,0.0110,0.1430,0.1890,48.0000,21.9260,0.0100,100.0140,37.8051,-1.8328,3
-0.5592,-1.4911,-11.2521,0.0240,0.1550,0.1920,48.0000,21.9568,0.0300,100.0030,37.8277,-1.8911,3
-0.5199,-1.5304,-11.2913,0.0130,0.1580,0.1960,48.0000,21.9850,0.0400,99.9840,37.9339,-1.8933,3
-0.5592,-1.5009,-11.3207,0.0060,0.1570,0.1900,48.0000,21.9710,0.0300,99.9640,37.9309,-1.8707,3
-0.6278,-1.5205,-11.6445,0.0170,0.1610,0.1940,49.0000,22.0186,-0.0400,99.9550,37.9687,-1.6829,3
-0.5788,-1.5402,-10.8793,0.0260,0.1370,0.1840,48.0000,22.0514,-0.0300,99.9710,38.0414,-1.7432,3
-0.5395,-1.5892,-11.1049,0.0120,0.1520,0.1970,48.0000,22.0319,0.0100,99.9780,37.9176,-1.8089,3
-0.6278,-1.5500,-11.5366,0.0190,0.1690,0.1950,48.0000,22.0036,-0.0200,99.9870,37.9362,-1.7209,3
-0.5984,-1.5304,-11.0166,0.0180,0.1380,0.1920,48.0000,21.9754,-0.0400,100.0080,38.0977,-1.7137,3
-0.5592,-1.6775,-10.9283,-0.0040,0.1390,0.1930,48.0000,21.9808,0.0100,100.0150,37.9335,-1.8036,3
-0.6376,-1.5205,-11.2128,0.0110,0.1540,0.2010,48.0000,21.9979,0.0500,100.0010,37.8002,-1.9606,3
-0.6180,-1.4519,-11.6935,0.0370,0.1710,0.2030,48.0000,21.9870,0.0300,99.9830,38.0229,-1.8811,3
-0.5494,-1.5696,-11.3992,0.0250,0.1540,0.1830,48.0000,21.9947,0.0000,99.9760,38.2500,-1.7848,3
-0.5592,-1.5500,-11.5071,-0.0020,0.1650,0.1930,49.0000,22.0312,-0.0100,99.9780,38.1854,-1.7038,3
-0.5886,-1.5009,-11.3305,0.0000,0.1510,0.1960,48.0000,21.9987,-0.0200,99.9890,37.9990,-1.7354,3
-0.5984,-1.4519,-11.3404,0.0060,0.1480,0.2030,48.0000,21.9979,-0.0400,100.0000,37.9235,-1.7201,3
-0.6278,-1.5107,-10.8597,0.0040,0.1390,0.1840,48.0000,22.0347,0.0100,100.0090,37.9831,-1.8425,3
-0.5984,-1.5205,-11.1343,0.0220,0.1620,0.2090,48.0000,22.0529,0.0400,100.0030,37.8870,-1.8941,3
-0.6180,-1.4911,-11.2521,0.0180,0.1540,0.2000,48.0000,22.0591,0.0100,99.9990,37.9254,-1.8206,3
-0.6376,-1.4715,-11.3600,0.0010,0.1590,0.1890,48.0000,22.0366,0.0100,99.9910,37.9168,-1.8208,3
-0.6180,-1.5009,-11.2226,0.0130,0.1520,0.1950,48.0000,22.0282,-0.0200,99.9880,37.9953,-1.7430,3
-0.6180,-1.5892,-11.0951,0.0020,0.1470,0.1960,48.0000,22.0267,-0.0200,99.9940,37.9696,-1.7215,3
-0.6082,-1.5598,-10.8499,0.0160,0.1370,0.1940,48.0000,22.0016,0.0400,99.9980,37.9605,-1.9293,3
-0.6278,-1.5696,-11.6150,0.0220,0.1810,0.1930,48.0000,21.9767,0.0400,99.9900,38.0173,-1.8168,3
-0.6376,-1.5205,-11.3502,0.0050,0.1490,0.1940,49.0000,21.9929,-0.0500,99.9970,38.0718,-1.5905,3
-0.5788,-1.5500,-10.7125,-0.0100,0.1300,0.2000,48.0000,21.9641,0.0000,100.0060,37.8252,-1.8154,3
-0.5690,-1.5598,-11.2815,0.0200,0.1580,0.1910,48.0000,22.0352,0.0500,99.9900,37.8105,-1.8962,3
-0.6376,-1.5304,-11.2619,0.0220,0.1490,0.1970,48.0000,22.0324,0.0500,99.9680,37.9492,-1.8876,3
-0.5886,-1.4323,-11.6641,0.0200,0.1760,0.2080,48.0000,22.0204,0.0400,99.9440,38.1049,-1.8735,3
-0.6180,-1.4126,-11.8897,0.0110,0.1790,0.1880,49.0000,22.0295,-0.0300,99.9380,38.2852,-1.6408,3
-0.5788,-1.5009,-11.0755,-0.0130,0.1450,0.1980,48.0000,22.0171,-0.0700,99.9590,38.0527,-1.5745,3
-0.6278,-1.4715,-10.9283,0.0040,0.1370,0.2060,48.0000,22.0372,-0.0300,99.9770,37.8373,-1.7513,3
-0.6278,-1.5009,-11.2128,0.0160,0.1570,0.1900,48.0000,22.0424,0.0100,99.9820,37.8596,-1.8237,3
-0.6475,-1.5304,-11.3011,0.0120,0.1540,0.1960,48.0000,22.0419,0.0000,99.9810,37.8275,-1.7746,3
-0.6867,-1.5402,-11.4483,0.0070,0.1610,0.1980,48.0000,22.0420,-0.0100,99.9860,37.8065,-1.6802,3
-0.6671,-1.5205,-11.1442,0.0000,0.1450,0.1940,48.0000,21.9984,-0.0400,99.9890,37.7328,-1.6575,3
-0.6475,-1.5794,-11.1147,0.0020,0.1470,0.1900,48.0000,22.0140,0.0000,99.9810,37.6590,-1.7507,3
-0.5788,-1.5696,-11.1638,0.0160,0.1480,0.1930,48.0000,21.9605,0.0000,99.9700,37.7537,-1.7322,3
-0.5886,-1.4715,-11.0755,0.0230,0.1430,0.1950,48.0000,21.9720,0.0300,99.9600,37.8538,-1.8705,3
-0.5101,-1.5205,-11.4385,0.0240,0.1670,0.1870,49.0000,21.9843,0.0500,99.9500,37.9990,-1.8800,3
-0.5984,-1.5402,-11.5267,0.0150,0.1720,0.1990,48.0000,22.0288,0.0000,99.9550,38.0184,-1.6860,3
-0.5984,-1.5009,-11.2913,0.0120,0.1490,0.1930,48.0000,22.0242,-0.0500,99.9760,38.0253,-1.5974,3
-0.6278,-1.7658,-11.0461,0.4390,0.1520,0.2690,48.0000,22.0452,-0.0600,100.0010,39.8982,-1.8482,3
-0.3237,-0.7456,-11.5169,0.4840,0.2250,0.1910,55.0000,22.0687,0.2000,99.9910,47.5424,-2.3000,3
0.1962,-1.8737,-15.9609,-0.1200,0.4320,0.1760,58.0000,22.1498,0.1800,99.9120,49.6479,-0.6918,3
0.0883,-2.2465,-16.9811,-0.3740,0.3960,0.2090,53.0000,22.2684,-0.6000,99.9550,45.6573,1.2642,3
-0.5395,-2.0699,-11.8407,-0.3740,0.1110,0.2180,47.0000,22.3796,-1.2200,100.2260,40.0913,1.7695,3
-0.8338,-1.8148,-5.9645,-0.2820,-0.1240,0.2130,42.0000,22.3387,-0.7400,100.4970,35.5433,-0.3744,3
-1.2851,-1.5009,-6.0528,-0.1300,-0.0530,0.1920,40.0000,22.2034,0.4100,100.5420,32.3062,-3.5129,3
-1.5598,-1.2753,-10.6340,-0.0420,0.1390,0.1700,41.0000,22.0700,0.8100,100.3760,31.1090,-4.1833,1
-1.3047,-1.2164,-12.7628,-0.1100,0.1820,0.1490,43.0000,21.8746,0.4200,100.2110,29.8725,-3.0446,3
-0.9908,-1.3538,-10.7714,-0.2460,0.0590,0.1370,44.0000,21.7601,0.1100,100.1600,27.1431,-2.5131,3
-0.8829,-1.3145,-9.0841,-0.2510,-0.0050,0.1450,43.0000,21.6812,0.2500,100.1160,22.9732,-3.3037,2
-0.9319,-1.1281,-9.5451,-0.1610,0.0300,0.1390,43.0000,21.6025,0.4600,100.0160,20.0184,-4.0226,2
-0.9418,-0.8437,-10.8891,-0.0920,0.0780,0.1190,44.0000,21.5675,0.4000,99.8890,18.1818,-3.8439,2
-0.8437,-0.7554,-10.2907,-0.1060,0.0230,0.0900,45.0000,21.5126,0.2200,99.8180,16.7498,-3.5259,2
-0.6475,-0.8142,-9.6923,-0.1370,0.0090,0.0930,45.0000,21.4816,0.2400,99.7650,14.6825,-3.7089,2
-0.6573,-0.7161,-9.7708,-0.1010,0.0150,0.0790,45.0000,21.4399,0.2900,99.7040,12.7821,-3.8928,2
-0.5984,-0.5788,-10.4182,-0.0700,0.0420,0.0780,46.0000,21.4799,0.2300,99.6280,11.3334,-3.7363,2
-0.5101,-0.5395,-10.0552,-0.0750,0.0180,0.0670,46.0000,21.4795,0.1300,99.5830,10.1854,-3.5882,2
-0.5101,-0.4611,-9.9571,-0.2580,0.0030,0.0360,46.0000,21.4839,0.0800,99.5460,7.9109,-3.5264,2
-0.5101,-0.7063,-9.8002,-0.4610,-0.0040,0.0140,46.0000,21.5153,0.1200,99.5130,2.5368,-3.7472,2
-0.5003,-0.4120,-9.9768,-0.4210,0.0130,0.0180,46.0000,21.5576,0.0900,99.4760,-4.4135,-3.7640,2
-0.5199,0.0000,-10.3397,-0.2550,0.0390,-0.0160,47.0000,21.5694,0.0300,99.4580,-9.0075,-3.5194,2
-0.3924,0.2943,-10.0062,-0.1530,0.0170,-0.0470,47.0000,21.5625,-0.0300,99.4660,-11.8475,-3.3118,2
-0.3532,0.3630,-9.8100,-0.1420,0.0190,-0.0780,48.0000,21.5810,0.0100,99.4710,-13.7502,-3.4100,2
-0.3630,0.4709,-10.3005,-0.1500,0.0410,-0.0710,48.0000,21.6937,0.0000,99.4720,-16.0139,-3.2755,2
-0.4120,0.5886,-10.4378,-0.1200,0.0580,-0.0760,48.0000,21.7097,-0.0500,99.4780,-17.8427,-3.0224,2
-0.3630,0.6180,-10.1730,-0.0810,0.0450,-0.0930,49.0000,21.7226,-0.1200,99.5010,-19.1639,-2.8608,2
-0.3433,0.7946,-9.9670,-0.0440,0.0340,-0.1020,49.0000,21.7421,-0.1000,99.5280,-19.9803,-2.9185,2
-0.3433,0.8338,-10.4280,-0.0510,0.0630,-0.1050,49.0000,21.8492,-0.1000,99.5490,-20.6816,-2.8701,2
-0.3826,0.8044,-10.3005,-0.0550,0.0500,-0.1050,49.0000,21.8726,-0.1500,99.5800,-21.4033,-2.7363,2
-0.4022,0.8240,-10.1337,-0.0080,0.0390,-0.1140,49.0000,21.9124,-0.1700,99.6190,-21.8487,-2.6760,2
-0.4414,0.8829,-9.9964,0.0260,0.0390,-0.1070,48.0000,21.9369,-0.1200,99.6590,-21.7337,-2.7555,2
-0.5101,0.9418,-10.2907,0.0170,0.0550,-0.1060,48.0000,21.9212,-0.1100,99.6910,-21.3253,-2.7452,2
-0.5199,0.9418,-10.3103,0.0200,0.0530,-0.1160,48.0000,21.9390,-0.1400,99.7230,-21.0496,-2.6813,2
-0.5003,0.9025,-9.6236,0.0200,0.0200,-0.1060,48.0000,21.9145,-0.0800,99.7600,-20.7458,-2.9313,2
-0.5395,1.0104,-10.0945,0.0280,0.0590,-0.1010,48.0000,21.9312,0.0000,99.7700,-20.3784,-3.1095,2
-0.6082,0.8829,-10.5163,0.0330,0.0600,-0.0990,48.0000,21.9485,-0.0800,99.7800,-19.8014,-2.9400,2
-0.6082,0.8437,-10.2318,0.0400,0.0370,-0.0970,48.0000,21.9526,-0.1300,99.8070,-19.2792,-2.8706,2
-0.6376,0.8535,-9.9375,0.0460,0.0300,-0.0930,47.0000,21.9619,-0.1200,99.8380,-18.5983,-2.9468,2
-0.6278,0.8535,-9.6727,0.0560,0.0240,-0.0910,47.0000,21.9885,-0.0300,99.8550,-17.8002,-3.2033,2
-0.6475,0.7456,-10.1533,0.0600,0.0290,-0.0960,47.0000,21.9734,-0.0300,99.8600,-16.7973,-3.2045,2
-0.6867,0.7848,-9.9081,0.0470,0.0190,-0.0880,47.0000,21.9801,-0.0500,99.8740,-16.0861,-3.1829,2
-0.6475,0.7554,-9.6334,0.0620,0.0040,-0.0800,47.0000,21.9086,-0.0200,99.8880,-15.1757,-3.3041,2
-0.5984,0.6769,-9.9179,0.0730,0.0260,-0.0780,47.0000,21.8785,0.0100,99.8920,-14.1954,-3.4290,2
-0.5886,0.5886,-10.1141,0.0590,0.0290,-0.0660,47.0000,21.8771,-0.0100,99.8970,-13.1600,-3.3950,2
-0.6082,0.6671,-10.0160,0.0750,0.0130,-0.0650,47.0000,21.9042,-0.0700,99.9110,-12.2706,-3.3092,2
-0.6082,0.5395,-9.4961,0.0630,-0.0030,-0.0640,47.0000,21.8468,0.0000,99.9170,-11.2416,-3.5617,2
-0.6180,0.5297,-10.0454,0.0560,0.0190,-0.0580,47.0000,21.8487,0.0400,99.9010,-10.4176,-3.5886,2
-0.5494,0.4709,-9.9375,0.0600,0.0040,-0.0510,47.0000,21.8612,-0.0100,99.8890,-9.5032,-3.4627,2
-0.5494,0.4611,-9.8296,0.0700,0.0080,-0.0390,47.0000,21.8103,0.0100,99.8850,-8.6103,-3.5410,2
-0.5297,0.4022,-9.9473,0.0560,0.0080,-0.0500,47.0000,21.8698,0.0000,99.8810,-7.7033,-3.5099,2
-0.5395,0.3237,-9.6138,0.0600,-0.0040,-0.0370,47.0000,21.8552,0.0000,99.8800,-6.9081,-3.5505,2
-0.5395,0.3532,-9.5942,0.0560,0.0060,-0.0300,47.0000,21.8599,0.0800,99.8700,-5.9809,-3.7834,2
-0.5395,0.3826,-10.2514,0.0510,0.0220,-0.0280,47.0000,21.8818,0.0200,99.8500,-5.1862,-3.6147,2
-0.5297,0.2551,-10.0749,0.0390,0.0160,-0.0230,47.0000,21.8808,-0.0600,99.8540,-4.4881,-3.4301,2
-0.4905,0.2256,-9.4372,0.0510,-0.0110,-0.0240,47.0000,21.8502,-0.0300,99.8670,-3.8540,-3.5593,2
-0.5690,0.1177,-9.8198,0.0420,0.0120,-0.0110,47.0000,21.8738,0.0400,99.8610,-3.1924,-3.6769,2
-0.5297,0.2256,-9.9866,0.0450,0.0060,-0.0150,48.0000,21.8608,0.0000,99.8510,-2.5914,-3.5552,2
-0.4905,0.1177,-9.7119,0.0380,-0.0010,-0.0100,48.0000,21.8514,0.0000,99.8480,-1.9971,-3.5678,2
-0.4709,0.1079,-9.7708,0.0440,0.0070,-0.0100,48.0000,21.8470,0.0200,99.8440,-1.4882,-3.6132,2
-0.5003,0.0589,-9.9081,0.0270,0.0110,-0.0080,48.0000,21.8909,0.0000,99.8430,-1.0600,-3.6145,2
-0.5297,0.0000,-9.8885,0.0240,0.0100,0.0030,48.0000,21.9108,-0.0100,99.8460,-0.6657,-3.5972,2
-0.4709,0.0687,-10.0160,0.0480,0.0070,-0.0050,48.0000,21.9371,-0.0700,99.8600,-0.2076,-3.4540,2
-0.5592,0.0000,-9.5451,0.0260,-0.0070,0.0000,48.0000,21.9320,-0.0400,99.8790,0.2614,-3.5618,2
-0.5494,0.0098,-10.0160,0.0330,0.0170,0.0080,48.0000,21.9509,0.0000,99.8870,0.5617,-3.5607,2
-0.6082,0.0000,-9.8198,0.0050,0.0070,0.0070,47.0000,21.9561,-0.0300,99.9020,0.8130,-3.4813,2
-0.5297,-0.0687,-9.6138,0.0110,-0.0090,0.0110,47.0000,21.9316,-0.0400,99.9170,0.9464,-3.4652,2
-0.6082,0.0392,-9.6530,0.0190,0.0030,0.0040,48.0000,21.9161,0.0100,99.9260,1.1125,-3.6022,2
-0.5395,-0.0392,-9.9768,0.0250,0.0130,0.0060,48.0000,21.9251,0.0100,99.9230,1.3604,-3.5915,2
-0.4905,-0.0785,-9.7511,0.0070,-0.0020,0.0050,48.0000,21.9489,0.0000,99.9260,1.5903,-3.5944,2
-0.5690,-0.0196,-9.8394,0.0090,0.0070,0.0190,48.0000,21.9530,0.0000,99.9270,1.6911,-3.6275,2
-0.5788,-0.0883,-10.1533,0.0070,0.0150,0.0170,48.0000,21.9190,-0.0600,99.9380,1.7373,-3.3933,2
-0.5199,0.0294,-9.5451,0.0110,-0.0170,0.0210,48.0000,21.9819,-0.0600,99.9580,1.7765,-3.4505,2
-0.5592,-0.0589,-9.2803,-0.0020,-0.0130,0.0120,47.0000,21.9536,0.0700,99.9570,1.8790,-3.7714,2
-0.6082,-0.0981,-10.1828,0.0110,0.0280,0.0130,48.0000,21.9560,0.0800,99.9330,2.0116,-3.6735,2
-0.5788,-0.0883,-10.4476,-0.0160,0.0220,0.0100,48.0000,21.9434,-0.0700,99.9390,1.9273,-3.2560,2
-0.4807,-0.1570,-9.1331,0.0080,-0.0310,0.0120,48.0000,21.9061,-0.0400,99.9760,1.7750,-3.4827,2
-0.5003,-0.0196,-9.4666,0.0060,-0.0050,0.0150,48.0000,21.9137,0.0900,99.9760,1.8017,-3.8281,2
-0.5003,-0.0098,-10.3005,0.0150,0.0300,0.0170,48.0000,21.9607,0.0600,99.9610,1.8602,-3.6904,2
-0.5494,-0.0196,-10.2318,0.0110,0.0180,0.0080,48.0000,21.9577,-0.0600,99.9730,1.9413,-3.3963,2
-0.5297,-0.1275,-9.4765,0.0010,-0.0090,0.0080,48.0000,21.9653,-0.0600,99.9990,1.8994,-3.4481,2
-0.5886,-0.0883,-9.1822,-0.0140,-0.0190,0.0110,48.0000,21.9346,0.0600,100.0040,1.7362,-3.7733,2
-0.5984,-0.0687,-9.8492,0.0000,0.0050,0.0120,48.0000,21.9530,0.1200,99.9770,1.5972,-3.8120,2
-0.5690,-0.1079,-10.3201,-0.0030,0.0260,0.0030,48.0000,21.9415,0.0500,99.9570,1.5779,-3.5900,2
-0.5690,-0.1275,-10.0062,-0.0020,0.0040,0.0080,48.0000,21.9717,-0.0600,99.9650,1.6000,-3.3506,2
-0.4905,-0.0883,-9.3882,0.0000,-0.0160,0.0070,48.0000,21.9844,-0.0400,99.9860,1.5097,-3.4832,2
-0.5297,-0.0294,-9.3097,0.0000,-0.0130,0.0100,48.0000,22.0442,0.0600,99.9870,1.4268,-3.8044,2
-0.6278,-0.0294,-10.2416,0.0030,0.0290,0.0160,47.0000,22.0480,0.0600,99.9710,1.4072,-3.7047,2
-0.5886,-0.0883,-10.1435,0.0010,0.0090,0.0120,48.0000,22.0390,-0.0900,99.9780,1.4242,-3.2923,2
-0.6082,-0.0196,-9.1625,-0.0130,-0.0280,0.0140,47.0000,22.0221,-0.0400,100.0010,1.2048,-3.4991,2
-0.5494,-0.0883,-9.2410,0.0010,-0.0130,0.0110,47.0000,21.9650,0.0900,99.9950,1.0668,-3.8243,2
-0.5886,-0.0883,-10.2711,0.0030,0.0330,0.0040,48.0000,21.9790,0.0900,99.9730,1.0601,-3.6770,2
-0.5984,-0.0785,-10.0651,0.0030,0.0110,0.0080,48.0000,21.9956,-0.0100,99.9710,1.0269,-3.4499,2
-0.5101,-0.0098,-9.7708,-0.0080,0.0050,0.0150,48.0000,21.9618,-0.0200,99.9780,0.8982,-3.4884,2
-0.5592,-0.0883,-9.6236,-0.0040,-0.0100,0.0020,48.0000,21.9527,0.0000,99.9790,0.7691,-3.6114,2
-0.5297,-0.0196,-9.8983,0.0000,0.0140,0.0140,48.0000,21.9994,0.0400,99.9720,0.5896,-3.7083,2
-0.5494,-0.0098,-10.2613,0.0050,0.0220,0.0080,48.0000,22.0046,-0.0200,99.9690,0.5654,-3.4888,2
-0.5199,-0.0392,-9.8492,-0.0080,-0.0070,0.0020,48.0000,21.9782,-0.0900,99.9880,0.6271,-3.3563,2
-0.5592,-0.0392,-9.2999,-0.0080,-0.0170,0.0060,48.0000,21.9779,0.0100,99.9970,0.3881,-3.6579,2
-0.5592,-0.0589,-9.9768,-0.0040,0.0060,-0.0030,48.0000,21.9433,0.0500,99.9810,0.1582,-3.6562,2
-0.5592,-0.0392,-10.0062,0.0110,0.0090,0.0140,48.0000,21.9675,-0.0100,99.9780,0.1356,-3.4797,2
-0.4709,0.0294,-9.8198,0.0020,0.0050,0.0010,48.0000,21.9862,-0.0400,99.9890,0.2351,-3.4458,2
-0.5199,-0.0098,-9.3685,0.0030,-0.0140,0.0020,48.0000,22.0021,0.0100,99.9960,0.2750,-3.6684,2
-0.6082,0.0589,-9.9768,0.0050,0.0180,0.0110,48.0000,22.0225,0.0500,99.9820,0.2472,-3.7091,2
-0.5788,-0.0392,-10.1239,-0.0120,0.0190,0.0100,48.0000,22.0373,-0.0200,99.9770,0.0752,-3.5108,2
-0.5592,0.0098,-9.6825,0.0010,-0.0080,0.0110,48.0000,22.0362,-0.0400,99.9950,-0.0575,-3.4891,2
-0.6180,-0.0098,-9.6825,-0.0020,0.0040,0.0010,47.0000,21.9945,0.0100,100.0070,-0.0210,-3.6090,2
-0.5886,-0.0392,-9.8689,0.0050,0.0080,-0.0020,48.0000,21.9466,0.0000,100.0100,-0.1254,-3.5336,2
-0.6180,0.0000,-9.4765,0.0100,-0.0150,0.0060,48.0000,21.9758,0.0000,100.0180,-0.0873,-3.6018,2
-0.5886,-0.0196,-9.5353,0.0010,0.0000,-0.0010,48.0000,21.9678,0.0800,100.0080,-0.0240,-3.7845,2
-0.5395,0.0392,-10.0749,0.0030,0.0150,0.0050,48.0000,21.9795,0.0600,99.9910,-0.0389,-3.7209,2
-0.6180,-0.0883,-10.1239,-0.0030,0.0160,0.0080,48.0000,21.9673,0.0000,99.9900,-0.1195,-3.5531,2
-0.5788,-0.0098,-9.9179,0.0010,0.0040,0.0070,48.0000,22.0234,-0.0600,100.0100,-0.1682,-3.4530,2
-0.5984,0.0196,-9.7021,-0.0020,0.0020,-0.0060,47.0000,22.0133,-0.0100,100.0280,-0.2126,-3.5594,2
-0.5788,0.0000,-9.4863,0.0140,-0.0140,0.0040,47.0000,22.0122,0.0200,100.0290,-0.1288,-3.6686,2
-0.6082,0.0196,-9.7708,0.0010,0.0020,0.0020,47.0000,22.0275,0.0800,100.0120,-0.0395,-3.7643,2
-0.5886,0.0196,-10.0454,-0.0090,0.0200,0.0070,48.0000,22.0450,0.0500,99.9960,-0.1636,-3.6339,2
-0.6475,0.0098,-9.9473,0.0000,0.0100,-0.0050,48.0000,22.0126,-0.0300,99.9960,-0.2367,-3.4335,2
-0.5788,-0.0098,-9.7021,0.0060,-0.0050,-0.0030,47.0000,21.9932,-0.0200,100.0030,-0.1632,-3.5126,2
-0.5984,0.0294,-9.4470,0.0120,-0.0050,0.0060,47.0000,22.0149,0.0300,100.0070,-0.0877,-3.6960,2
-0.6475,0.0098,-9.9866,0.0060,0.0180,-0.0010,47.0000,21.9683,0.0400,99.9960,-0.0942,-3.6846,2
-0.5886,-0.0098,-10.2024,-0.0020,0.0190,0.0020,48.0000,21.9517,-0.0400,99.9970,-0.1137,-3.4556,2
-0.5297,0.0196,-9.8296,-0.0070,0.0030,0.0000,48.0000,21.9755,-0.0500,100.0160,-0.1949,-3.4450,2
-0.5788,0.0392,-9.5255,-0.0030,-0.0020,0.0050,48.0000,22.0003,-0.0100,100.0310,-0.1629,-3.5501,2
-0.5984,0.0392,-9.5353,0.0090,-0.0020,0.0100,47.0000,22.0129,0.0300,100.0370,-0.1448,-3.6496,2
-0.6180,0.0785,-9.8983,0.0000,0.0090,-0.0040,47.0000,22.0010,0.0300,100.0310,-0.1143,-3.6047,2
-0.5886,-0.0294,-9.8198,-0.0150,0.0020,0.0000,47.0000,21.9794,0.0000,100.0260,-0.2082,-3.5688,2
-0.5395,0.0000,-9.5549,0.0010,-0.0050,-0.0010,48.0000,21.9472,0.0300,100.0220,-0.3058,-3.7248,2
-0.5690,0.0294,-9.9571,0.0080,0.0190,0.0000,48.0000,21.9725,0.0400,100.0100,-0.3030,-3.6969,2
-0.5788,-0.0392,-10.1337,-0.0020,0.0130,-0.0070,48.0000,21.9417,-0.0300,100.0110,-0.3196,-3.4888,2
-0.5003,0.0098,-9.6040,0.0080,-0.0080,0.0080,48.0000,21.9872,-0.0200,100.0260,-0.3165,-3.5543,2
-0.6573,0.0392,-9.7806,0.0040,0.0080,0.0020,47.0000,22.0195,0.0300,100.0270,-0.2655,-3.6465,2
-0.6180,0.0000,-10.0356,0.0040,0.0070,0.0020,47.0000,22.0107,0.0000,100.0260,-0.2448,-3.5439,2
-0.6671,-0.0589,-9.8394,-0.0030,0.0070,-0.0020,47.0000,21.9948,0.0000,100.0270,-0.2587,-3.5207,2
-0.5199,0.0294,-9.3489,0.0120,-0.0190,0.0020,48.0000,21.9744,0.0300,100.0260,-0.2074,-3.6788,2
-0.5592,-0.0294,-10.0160,0.0010,0.0230,0.0050,48.0000,21.9722,0.0900,100.0080,-0.1008,-3.7719,2
-0.6082,0.0098,-10.1533,0.0130,0.0210,-0.0040,48.0000,22.0082,-0.0100,100.0070,-0.1873,-3.5297,2
-0.5788,-0.0294,-9.7413,0.0060,-0.0030,0.0000,48.0000,21.9662,-0.0200,100.0180,-0.1111,-3.5803,2
-0.5788,0.0490,-9.6236,0.0150,-0.0020,0.0010,48.0000,21.9834,0.0200,100.0160,-0.0397,-3.6898,2
-0.6180,-0.0589,-10.0454,-0.0020,0.0160,0.0040,48.0000,22.0227,0.0000,100.0080,0.1096,-3.5755,2
-0.5395,0.0294,-9.8983,-0.0010,0.0010,-0.0100,47.0000,21.9917,-0.0400,100.0160,0.1058,-3.4553,2
-0.5395,-0.0294,-9.5059,-0.0090,-0.0070,0.0140,47.0000,21.9933,0.0000,100.0240,-0.0223,-3.6074,2
-0.5494,0.0490,-9.5844,0.0060,-0.0050,-0.0040,48.0000,21.9864,0.0700,100.0140,-0.0165,-3.7763,2
-0.5886,-0.0589,-10.0651,0.0060,0.0120,0.0000,48.0000,21.9958,0.0400,100.0010,-0.0602,-3.6633,2
-0.6278,-0.0098,-10.2711,0.0110,0.0220,0.0010,48.0000,21.9767,-0.0300,100.0000,-0.0874,-3.4769,2
-0.5494,-0.0589,-9.6138,-0.0030,-0.0120,0.0050,48.0000,21.9831,-0.0500,100.0130,-0.1368,-3.5205,2
-0.5788,0.0589,-9.5353,0.0090,-0.0080,-0.0010,48.0000,21.9841,0.0000,100.0200,-0.1473,-3.6672,2
-0.5199,-0.0196,-9.8296,0.0070,0.0050,0.0080,48.0000,22.0006,0.0400,100.0110,-0.1406,-3.6891,2
-0.6082,0.0000,-10.0258,0.0080,0.0210,0.0000,48.0000,21.9852,0.0300,99.9980,-0.0585,-3.6001,2
-0.5494,0.0687,-9.8394,0.0130,0.0030,0.0070,48.0000,21.9896,-0.0300,100.0050,-0.0188,-3.4494,2
-0.5297,0.0883,-9.4765,0.0080,-0.0150,0.0080,48.0000,22.0157,-0.0100,100.0220,0.0191,-3.5588,2
-0.5494,-0.0294,-9.6040,0.0000,-0.0010,-0.0020,48.0000,22.0216,0.0500,100.0170,0.0810,-3.7217,2
-0.5984,-0.0294,-9.8394,-0.0070,0.0000,0.0180,48.0000,21.9980,0.0400,100.0010,0.0003,-3.6970,2
-0.5690,-0.0098,-9.9277,0.0000,0.0190,-0.0010,48.0000,22.0064,0.0300,99.9920,-0.0587,-3.6675,2
-0.5690,0.1079,-10.1435,-0.0010,0.0120,0.0070,48.0000,22.0076,-0.0200,99.9920,-0.0677,-3.5252,2
-0.5690,0.0000,-9.8590,0.0020,0.0010,-0.0060,48.0000,21.9850,-0.0600,100.0140,-0.0916,-3.4143,2
-0.5592,-0.0294,-9.5549,0.0040,-0.0010,-0.0060,48.0000,21.9980,0.0100,100.0310,-0.1020,-3.6204,2
-0.6082,-0.0098,-9.6530,0.0040,-0.0040,-0.0040,48.0000,21.9701,0.0300,100.0330,-0.1512,-3.6689,2
-0.5788,-0.0294,-9.7119,0.0270,-0.0050,0.0040,48.0000,21.9915,0.0700,100.0220,-0.1228,-3.7523,2
-0.6082,0.0196,-10.0160,0.0120,0.0120,0.0040,48.0000,21.9962,0.0300,100.0080,0.0569,-3.6310,2
-0.5592,0.0294,-9.9277,0.0110,0.0090,0.0050,48.0000,21.9778,-0.0200,100.0070,0.1233,-3.5336,2
-0.5690,-0.1079,-9.5648,0.0020,-0.0110,0.0040,48.0000,21.9409,0.0000,100.0120,0.0820,-3.6873,2
-0.5886,0.0000,-9.9964,0.0050,0.0130,0.0060,48.0000,21.9832,0.0200,100.0070,0.0869,-3.6858,2
-0.5788,0.0883,-10.1043,0.0100,0.0130,0.0080,48.0000,22.0200,-0.0400,100.0090,0.1041,-3.5166,2
-0.5690,-0.0392,-9.7511,0.0140,-0.0110,-0.0050,47.0000,21.9784,-0.0700,100.0270,0.2457,-3.4473,2
-0.5984,0.0000,-9.4568,-0.0130,-0.0030,0.0040,48.0000,21.9829,0.0300,100.0300,0.1025,-3.7212,2
-0.5690,-0.0294,-9.9081,0.0050,0.0220,-0.0050,48.0000,21.9839,0.0800,100.0120,0.0099,-3.7634,2
-0.5788,0.0098,-10.1926,0.0070,0.0190,0.0030,48.0000,22.0066,0.0100,99.9990,-0.0109,-3.5701,2
-0.5395,-0.0589,-9.8590,0.0140,0.0000,0.0010,48.0000,21.9667,-0.0400,100.0060,0.1027,-3.4851,2
-0.5788,-0.0294,-9.4765,-0.0060,-0.0140,0.0010,48.0000,21.9439,0.0000,100.0150,0.1775,-3.6869,2
-0.5690,0.0589,-9.8983,0.0040,0.0120,0.0070,48.0000,21.9852,0.0500,100.0050,0.1259,-3.7784,2
-0.5886,0.0000,-10.2220,0.0030,0.0250,0.0040,48.0000,21.9817,-0.0100,99.9970,0.1774,-3.5335,2
-0.4709,0.0000,-9.4372,-0.0110,-0.0190,0.0000,48.0000,22.0123,-0.0400,100.0100,-0.0117,-3.5510,2
-0.5886,0.0589,-9.6334,0.0000,0.0000,0.0050,48.0000,21.9773,0.0300,100.0110,-0.1741,-3.6728,2
-0.5984,0.0000,-9.8689,0.0030,0.0060,0.0010,48.0000,21.9788,0.0600,99.9980,-0.1407,-3.7210,2
-0.5788,0.0098,-9.9571,0.0070,0.0110,0.0010,48.0000,21.9755,0.0300,99.9850,-0.1257,-3.6231,2
-0.5592,0.0392,-9.8394,0.0000,0.0000,0.0000,48.0000,22.0038,-0.0100,99.9800,-0.0896,-3.5351,2
-0.5592,0.0589,-9.9277,-0.0060,0.0060,0.0070,48.0000,22.0107,-0.0300,99.9830,-0.1247,-3.4908,2
-0.5788,-0.0098,-9.4274,0.0020,-0.0110,0.0010,48.0000,21.9891,0.0200,99.9890,-0.0616,-3.7278,2
-0.6671,-0.0589,-10.0651,0.0050,0.0200,0.0000,48.0000,21.9950,0.0300,99.9820,-0.0470,-3.6999,2
-0.6082,-0.0098,-10.1435,0.0010,0.0130,0.0010,48.0000,22.0210,-0.0700,99.9910,0.0162,-3.3960,2
-0.5886,0.0490,-9.5255,0.0000,-0.0170,0.0090,48.0000,22.0331,-0.0600,100.0110,-0.0071,-3.4726,2
-0.5395,0.0687,-9.4666,0.0120,-0.0080,0.0090,48.0000,22.0287,0.0600,100.0110,-0.1361,-3.7527,2
-0.6180,-0.0098,-10.0356,0.0020,0.0210,-0.0010,48.0000,21.9906,0.0800,99.9920,-0.1729,-3.7283,2
-0.6082,0.0196,-10.1533,-0.0010,0.0200,0.0080,48.0000,22.0193,0.0000,99.9800,-0.1829,-3.4992,2
-0.5886,0.0589,-9.4568,-0.0010,-0.0170,0.0120,48.0000,21.9867,-0.0200,99.9930,-0.2268,-3.5786,2
-0.5592,0.0981,-9.9375,0.0070,0.0100,0.0000,48.0000,21.9978,0.0000,99.9940,-0.0972,-3.6242,2
-0.6180,-0.0392,-9.8492,-0.0050,0.0010,-0.0030,48.0000,22.0392,0.0000,99.9990,-0.0269,-3.6371,2
-0.6082,-0.0098,-10.1730,-0.0100,0.0260,0.0000,48.0000,22.0120,-0.0200,100.0040,-0.1825,-3.4915,2
-0.5395,0.0490,-9.5942,0.0200,-0.0140,0.0110,47.0000,22.0221,-0.0800,100.0240,-0.1238,-3.4137,2
-0.5984,0.0687,-8.9075,0.0000,-0.0340,0.0070,47.0000,22.0101,0.0500,100.0350,-0.1049,-3.8213,2
-0.6278,-0.0294,-9.7315,0.0060,0.0030,-0.0010,47.0000,22.0122,0.1400,100.0100,-0.0378,-3.9200,2
-0.6278,-0.0196,-10.3397,-0.0040,0.0210,-0.0010,48.0000,22.0035,0.0000,99.9870,-0.0694,-3.5153,2
-0.5984,0.0000,-9.8885,-0.0050,0.0000,0.0020,48.0000,21.9877,-0.0600,99.9970,-0.0818,-3.4155,2
-0.5592,0.0000,-9.3685,-0.0010,-0.0120,0.0010,48.0000,22.0014,0.0000,100.0070,-0.1325,-3.6728,2
-0.6180,-0.0294,-9.9964,0.0050,0.0180,-0.0060,48.0000,21.9686,0.0200,99.9980,-0.2133,-3.6489,2
-0.5297,0.0294,-9.9081,0.0070,0.0040,-0.0070,48.0000,21.9316,-0.0600,100.0060,-0.1714,-3.4412,2
-0.5690,0.0392,-9.4863,0.0100,-0.0130,0.0120,48.0000,21.9825,-0.0300,100.0230,-0.0731,-3.5317,2
-0.5592,0.0294,-9.5255,0.0010,-0.0100,0.0110,48.0000,21.9765,0.0500,100.0220,-0.0383,-3.7427,2
-0.5494,-0.0687,-10.0160,0.0050,0.0210,0.0010,48.0000,21.9663,0.0700,100.0080,-0.1211,-3.7265,2
-0.5788,0.0687,-9.9473,0.0070,0.0070,0.0020,48.0000,21.9643,-0.0100,100.0060,-0.0359,-3.5189,2
-0.5101,0.0000,-9.5942,0.0050,-0.0020,0.0050,48.0000,21.9952,0.0000,100.0110,0.0142,-3.6134,2
-0.5395,-0.0490,-9.5942,-0.0080,0.0000,0.0050,48.0000,22.0022,0.0500,100.0070,0.0261,-3.7838,2
-0.5592,-0.0196,-10.1828,-0.0050,0.0260,0.0070,48.0000,22.0375,0.0300,99.9940,-0.0856,-3.6790,2
-0.6769,-0.0490,-9.9375,0.0100,0.0060,0.0010,48.0000,22.0338,-0.0700,100.0020,-0.0818,-3.4524,2
-0.5494,0.0000,-9.3980,0.0060,-0.0100,0.0100,48.0000,22.0093,0.0000,100.0120,-0.1110,-3.6703,2
-0.6278,0.0687,-9.8394,0.0010,0.0100,0.0100,48.0000,22.0107,0.0500,100.0030,-0.0502,-3.7425,2
-0.5494,0.0294,-9.9768,0.0110,0.0060,0.0120,48.0000,22.0099,0.0200,99.9920,-0.0201,-3.6211,2
-0.5984,0.0000,-9.6727,0.0040,0.0040,0.0010,48.0000,22.0000,0.0200,99.9880,0.0377,-3.6513,2
-0.5690,-0.0490,-10.0356,-0.0010,0.0140,0.0030,48.0000,21.9972,0.0000,99.9820,-0.0067,-3.5740,2
-0.5690,-0.0196,-9.7413,0.0020,0.0000,-0.0020,48.0000,21.9978,-0.0300,99.9870,-0.1313,-3.5522,2
-0.6278,-0.0490,-9.6628,0.0080,-0.0050,-0.0050,48.0000,21.9696,-0.0200,99.9940,-0.1874,-3.6152,2
-0.5788,-0.0883,-9.9375,0.0020,0.0040,0.0070,48.0000,21.9863,-0.0100,100.0000,-0.1269,-3.5958,2
-0.5395,0.1177,-9.7021,0.0130,0.0000,0.0170,48.0000,21.9786,0.0000,100.0010,-0.0399,-3.6587,2
-0.5395,-0.0785,-10.0552,-0.0100,0.0130,-0.0060,48.0000,22.0035,-0.0300,100.0000,0.0785,-3.4941,2
-0.5886,-0.0687,-9.4961,-0.0150,-0.0130,0.0090,48.0000,22.0200,-0.0100,100.0130,-0.0542,-3.5829,2
-0.5690,0.0098,-9.5942,0.0140,0.0050,0.0050,48.0000,22.0454,0.0700,100.0150,-0.1343,-3.7825,2
-0.5984,0.0000,-10.2220,0.0130,0.0230,0.0080,47.0000,22.0282,0.0000,100.0050,0.0550,-3.4977,2
-0.5494,0.0589,-9.7315,0.0000,-0.0080,-0.0090,48.0000,21.9921,-0.0700,100.0170,0.1068,-3.4278,2
-0.5690,0.0392,-9.3784,-0.0050,-0.0120,0.0100,48.0000,22.0035,0.0100,100.0240,-0.0178,-3.7145,2
-0.6180,-0.0687,-9.8394,-0.0030,0.0130,-0.0020,47.0000,21.9955,0.0500,100.0150,-0.1779,-3.7850,2
-0.5788,0.0196,-10.0160,-0.0050,0.0160,0.0040,48.0000,21.9860,0.0100,100.0070,-0.2935,-3.6495,2
-0.5592,0.0785,-9.8787,0.0140,0.0000,-0.0040,48.0000,21.9816,-0.0200,100.0110,-0.2209,-3.5351,2
-0.5297,-0.0392,-9.6236,0.0070,-0.0020,0.0000,48.0000,22.0017,-0.0100,100.0200,-0.1717,-3.5649,2
-0.5788,0.0294,-9.4765,0.0060,-0.0070,-0.0080,48.0000,21.9955,0.0500,100.0220,-0.1098,-3.7455,2
-0.5984,-0.0687,-9.9866,0.0120,0.0150,-0.0020,48.0000,21.9769,0.0300,100.0070,-0.0944,-3.6305,2
-0.5297,0.0000,-9.8100,0.0050,0.0020,0.0000,48.0000,22.0121,0.0000,100.0040,-0.0239,-3.5971,2
-0.6180,-0.0490,-9.8590,0.0130,0.0040,0.0000,48.0000,22.0129,0.0000,100.0080,0.0294,-3.6288,2
-0.6278,-0.0687,-9.8002,0.0040,0.0080,0.0090,47.0000,21.9855,-0.0100,100.0160,0.0685,-3.5919,2
-0.6082,0.0000,-9.9179,0.0040,0.0060,-0.0030,48.0000,22.0266,-0.0400,100.0270,0.0988,-3.5159,2
-0.5395,0.0000,-9.4961,0.0000,-0.0120,0.0000,47.0000,22.0131,-0.0100,100.0390,0.1066,-3.6192,2
-0.6082,0.0000,-9.8100,0.0000,0.0120,0.0010,47.0000,22.0138,0.0700,100.0260,0.0362,-3.7497,2
-0.5886,-0.0392,-9.9081,0.0000,0.0050,0.0040,48.0000,21.9681,0.0100,100.0180,-0.1420,-3.5970,2
-0.5199,0.0883,-9.5648,0.0210,-0.0120,0.0050,48.0000,22.0067,0.0100,100.0170,-0.0636,-3.6202,2
-0.5101,0.0000,-9.8983,0.0080,0.0150,-0.0040,48.0000,21.9719,0.0500,100.0050,0.1787,-3.6819,2
-0.5494,0.0000,-9.8885,0.0000,0.0030,0.0040,48.0000,21.9805,0.0100,99.9950,0.1577,-3.6242,2
-0.5690,0.0196,-9.8492,-0.0090,0.0020,0.0000,48.0000,21.9647,0.0000,99.9930,-0.0014,-3.6384,2
-0.6475,-0.0490,-9.9964,-0.0130,0.0080,0.0000,48.0000,21.9556,-0.0100,99.9910,-0.1247,-3.5891,2
-0.5494,0.0000,-9.9964,0.0070,0.0020,0.0060,48.0000,21.9644,-0.0600,99.9990,-0.1673,-3.4579,2
-0.5592,0.0392,-9.3882,0.0150,-0.0150,0.0000,48.0000,21.9780,0.0000,100.0080,-0.0409,-3.6333,2
-0.5494,-0.0490,-9.6825,0.0080,0.0000,0.0040,48.0000,21.9935,0.0600,99.9950,-0.0261,-3.7472,2
-0.6082,-0.0490,-10.1435,0.0190,0.0250,0.0050,48.0000,21.9722,0.0300,99.9790,0.1224,-3.6054,2
-0.6180,0.0785,-9.7413,-0.0020,-0.0070,0.0080,48.0000,21.9881,-0.0400,99.9830,0.1366,-3.4617,2
-0.5494,0.0392,-9.3980,-0.0030,-0.0100,-0.0060,48.0000,21.9924,0.0200,99.9870,0.0691,-3.6990,2
-0.6573,-0.0687,-10.0160,-0.0140,0.0180,-0.0020,48.0000,22.0571,0.0800,99.9680,-0.0784,-3.7979,2
-0.6475,0.0098,-10.5163,-0.0030,0.0260,0.0000,48.0000,22.0557,-0.0500,99.9590,-0.2420,-3.4354,2
-0.5886,-0.0490,-9.5746,0.0020,-0.0120,0.0120,48.0000,22.0668,-0.1000,99.9860,-0.1635,-3.4230,2
-0.6278,0.0098,-9.5353,0.0090,-0.0080,-0.0050,47.0000,22.0248,-0.0300,100.0050,-0.1240,-3.5649,2
-0.6671,-0.0294,-9.6530,0.0040,-0.0030,0.0070,47.0000,22.0305,0.0000,100.0110,-0.1210,-3.6186,2
-0.5886,-0.0098,-9.7904,0.0100,0.0110,-0.0040,47.0000,22.0450,0.0200,100.0070,-0.1236,-3.6195,2
-0.5984,0.0000,-9.7217,0.0010,0.0000,0.0040,47.0000,22.0116,0.0200,100.0010,-0.0564,-3.6389,2
-0.5592,-0.0687,-9.6040,-0.0030,0.0000,0.0080,48.0000,21.9939,0.0500,99.9890,-0.0678,-3.7446,2
-0.5886,0.0392,-9.9375,0.0030,0.0000,0.0060,48.0000,22.0112,0.0200,99.9720,-0.1010,-3.6762,2
-0.5788,0.0294,-10.0847,0.0090,0.0120,-0.0060,48.0000,22.0209,-0.0200,99.9680,-0.0319,-3.5600,2
-0.5297,0.0000,-9.8100,-0.0050,0.0000,0.0020,48.0000,22.0183,-0.0600,99.9780,0.0317,-3.4937,2
-0.5886,-0.0687,-9.6138,-0.0070,-0.0020,0.0040,48.0000,22.0025,-0.0400,99.9880,-0.0894,-3.5167,2
-0.5886,0.0294,-9.3685,0.0110,-0.0100,0.0120,48.0000,22.0005,0.0200,99.9880,-0.0917,-3.6920,2
-0.5395,0.0196,-9.9571,0.0190,0.0210,0.0010,48.0000,22.0060,0.0500,99.9730,0.0347,-3.6935,2
-0.5297,-0.0490,-10.1828,0.0110,0.0200,0.0050,48.0000,21.9613,-0.0200,99.9700,0.1692,-3.4752,2
-0.5199,-0.1079,-9.7021,-0.0010,-0.0020,0.0000,48.0000,21.9969,-0.0400,99.9860,0.1763,-3.4853,2
-0.5886,0.0490,-9.5844,-0.0030,-0.0120,0.0090,48.0000,21.9979,0.0000,99.9950,0.0728,-3.6497,2
-0.5690,0.0098,-9.9081,-0.0010,0.0130,-0.0150,48.0000,22.0070,0.0300,99.9820,0.0053,-3.7244,2
-0.5984,0.0000,-10.0651,-0.0010,0.0150,0.0030,48.0000,22.0193,-0.0300,99.9720,0.0092,-3.5477,2
-0.5592,-0.0392,-9.7119,0.0010,-0.0120,0.0050,48.0000,22.0025,-0.0800,99.9870,-0.1760,-3.4489,2
-0.5690,0.0000,-9.4274,0.0040,-0.0090,0.0020,48.0000,21.9873,0.0000,99.9970,-0.1385,-3.6672,2
-0.5690,0.0785,-9.8689,0.0080,0.0080,-0.0080,48.0000,21.9874,0.0200,99.9870,-0.0762,-3.6313,2
-0.5690,0.0196,-9.8787,0.0060,0.0080,0.0070,48.0000,21.9578,0.0000,99.9800,0.0803,-3.5356,2
-0.5395,0.0098,-9.8492,-0.0020,0.0050,0.0060,48.0000,21.9935,-0.0100,99.9840,0.1107,-3.5274,2
-0.5494,-0.0196,-9.7708,-0.0090,-0.0050,0.0080,48.0000,21.9884,-0.0500,99.9980,0.0335,-3.4784,2
-0.5592,-0.0098,-9.4765,0.0040,-0.0060,0.0080,48.0000,22.0308,0.0300,100.0080,-0.1221,-3.7467,2
-0.6082,0.0000,-9.8492,0.0000,0.0050,0.0040,47.0000,22.0019,0.0300,100.0000,-0.0693,-3.7219,2
-0.5984,0.0196,-10.1828,0.0120,0.0190,0.0010,48.0000,21.9797,-0.0200,100.0010,0.0142,-3.5425,2
-0.5886,0.0098,-9.6040,0.0000,-0.0200,0.0160,48.0000,21.9656,-0.0900,100.0210,0.1263,-3.4091,2
-0.5788,0.0000,-9.1723,0.0020,-0.0170,0.0000,48.0000,21.9732,0.0400,100.0270,0.1056,-3.7696,2
-0.6082,-0.0392,-10.1141,-0.0090,0.0200,-0.0020,48.0000,21.9906,0.1000,100.0020,0.0084,-3.8080,2
-0.5984,-0.0196,-10.4967,0.0010,0.0310,0.0080,48.0000,21.9929,-0.0400,99.9930,-0.0770,-3.3867,2
-0.5297,-0.0392,-9.4765,-0.0020,-0.0180,-0.0050,48.0000,21.9973,-0.1000,100.0210,-0.1258,-3.3842,2
-0.5101,0.0196,-8.9467,0.0050,-0.0240,0.0010,48.0000,22.0149,0.0600,100.0280,-0.1132,-3.8742,2
-0.5494,0.0000,-10.0160,0.0070,0.0190,0.0070,48.0000,21.9736,0.1200,99.9910,-0.1081,-3.9099,2
-0.5984,0.0294,-10.6046,-0.0030,0.0360,0.0060,48.0000,22.0071,-0.0400,99.9780,-0.1025,-3.4533,2
-0.5199,-0.0098,-9.2018,0.0010,-0.0370,0.0020,48.0000,22.0153,-0.1000,100.0060,-0.0689,-3.4525,2
-0.5003,0.0000,-9.1429,0.0010,-0.0230,0.0030,47.0000,22.0210,0.0700,100.0070,-0.0802,-3.8700,2
-0.6180,0.0098,-10.3299,0.0030,0.0270,-0.0030,47.0000,22.0362,0.0600,99.9810,-0.1188,-3.6724,2
-0.6475,0.0196,-10.2514,-0.0050,0.0130,0.0000,48.0000,22.0011,-0.0700,99.9810,-0.1614,-3.3468,2
-0.5690,0.0098,-9.4372,0.0120,-0.0180,-0.0010,48.0000,22.0004,-0.0400,100.0000,-0.1144,-3.5138,2
-0.5297,0.0392,-9.3293,0.0060,-0.0080,0.0040,48.0000,22.0275,0.0600,99.9950,-0.0015,-3.8150,2
-0.6180,0.0196,-10.4182,0.0040,0.0250,0.0030,48.0000,22.0215,0.0100,99.9760,-0.0059,-3.5897,2
-0.5494,0.0000,-10.1043,0.0060,0.0050,-0.0030,48.0000,21.9927,-0.0800,99.9840,-0.0152,-3.4007,2
-0.5101,-0.0392,-9.4666,-0.0150,-0.0230,0.0050,48.0000,21.9598,-0.0700,100.0130,-0.1393,-3.4779,2
-0.5395,0.0196,-9.3097,0.0090,-0.0150,-0.0010,48.0000,21.9369,0.0400,100.0210,-0.2090,-3.7481,2
-0.5984,-0.0196,-10.0651,0.0110,0.0120,0.0010,48.0000,21.9965,0.0500,100.0050,-0.1659,-3.6912,2
-0.5592,0.0000,-9.9571,-0.0060,0.0030,-0.0020,48.0000,21.9977,0.0100,99.9990,-0.1555,-3.5859,2
-0.5297,0.0196,-10.0356,0.0140,0.0040,0.0000,48.0000,22.0025,-0.0400,100.0060,-0.1440,-3.4272,2
-0.5788,-0.0392,-9.4372,0.0020,-0.0120,0.0020,48.0000,21.9974,-0.0200,100.0180,-0.1306,-3.5567,2
-0.5395,-0.0294,-9.6040,0.0000,-0.0060,-0.0040,48.0000,22.0208,0.0600,100.0100,-0.0762,-3.8051,2
-0.6376,-0.1177,-10.2514,-0.0010,0.0280,0.0020,48.0000,22.0023,0.0300,99.9940,-0.0876,-3.6516,2
-0.6671,0.0000,-10.0552,0.0060,0.0120,0.0090,48.0000,21.9784,-0.0700,100.0000,-0.0364,-3.4054,2
-0.5297,0.0785,-9.4372,0.0100,-0.0130,0.0060,48.0000,21.9769,-0.0300,100.0170,0.1189,-3.5507,2
-0.5592,0.0687,-9.5451,0.0020,0.0030,0.0120,48.0000,21.9829,0.0900,100.0090,0.1892,-3.8115,2
-0.6082,0.0883,-10.0945,-0.0050,0.0170,0.0050,48.0000,21.9987,0.0400,99.9940,0.1096,-3.6287,2
-0.5395,0.0687,-9.9179,0.0040,0.0000,0.0030,48.0000,22.0242,-0.0100,99.9940,0.0328,-3.5042,2
-0.5788,-0.0098,-9.5942,0.0000,-0.0070,0.0060,48.0000,21.9967,0.0000,99.9950,-0.0398,-3.5937,2
-0.5395,0.0098,-9.8885,-0.0050,0.0040,-0.0030,48.0000,22.0189,0.0000,99.9850,-0.1618,-3.6261,2
-0.5886,-0.0196,-9.7511,-0.0020,0.0060,0.0020,48.0000,22.0092,0.0200,99.9760,-0.2621,-3.6898,2
-0.5788,0.0392,-10.2514,0.0020,0.0170,0.0160,48.0000,21.9946,-0.0400,99.9690,-0.2081,-3.4718,2
-0.5886,0.0392,-9.7511,-0.0080,-0.0020,-0.0010,48.0000,21.9896,-0.0700,99.9830,-0.1965,-3.4189,2
-0.5886,-0.0098,-9.4863,0.0110,-0.0140,-0.0010,48.0000,22.0007,-0.0100,99.9940,-0.1358,-3.5840,2
-0.5984,-0.0981,-9.7315,0.0060,0.0030,-0.0120,48.0000,21.9923,0.0500,99.9870,-0.0956,-3.7025,2
-0.5788,0.0000,-10.1435,0.0090,0.0170,0.0050,48.0000,21.9803,0.0100,99.9770,-0.0567,-3.5671,2
-0.5886,0.0098,-9.7315,0.0120,-0.0010,-0.0060,48.0000,22.0168,-0.0100,99.9800,-0.0294,-3.5615,2
-0.5592,-0.0196,-9.8689,-0.0030,0.0030,0.0070,48.0000,21.9632,0.0200,99.9750,-0.0946,-3.6712,2
-0.5690,-0.0196,-9.9866,0.0230,0.0140,-0.0010,48.0000,21.9987,0.0000,99.9680,0.0395,-3.6292,2
-0.5788,-0.0392,-9.8689,0.0000,0.0110,0.0040,48.0000,22.0543,-0.0400,99.9730,0.1812,-3.5205,2
-0.6475,0.0196,-9.6923,0.0000,-0.0080,0.0010,48.0000,22.0626,-0.0700,99.9880,0.1163,-3.4508,2
-0.6082,-0.0294,-9.3882,-0.0050,-0.0120,-0.0010,47.0000,22.0207,0.0000,99.9990,0.0176,-3.6192,2
-0.6180,0.0392,-9.8296,0.0050,0.0110,0.0080,48.0000,21.9776,0.0700,99.9930,-0.0248,-3.7303,2
-0.5494,0.0687,-10.2220,0.0020,0.0080,0.0010,48.0000,22.0000,-0.0200,99.9920,-0.0190,-3.4510,2
-0.5592,-0.0687,-9.5942,-0.0070,-0.0100,0.0050,48.0000,21.9852,-0.0200,100.0060,-0.0968,-3.5234,2
-0.5690,0.0000,-9.6825,-0.0050,-0.0050,0.0090,48.0000,22.0142,0.0000,100.0120,-0.1500,-3.6080,2
-0.5494,0.0196,-9.6530,0.0080,-0.0020,0.0030,48.0000,22.0380,0.0400,100.0040,-0.1097,-3.7467,2
-0.6376,0.0490,-10.0749,-0.0030,0.0130,0.0020,48.0000,22.0052,0.0000,99.9940,-0.1595,-3.6212,2
-0.5592,0.0000,-9.9081,-0.0020,0.0020,0.0010,48.0000,21.9667,-0.0500,99.9970,-0.1800,-3.4926,2
-0.5592,0.0098,-9.5746,0.0010,-0.0110,0.0090,48.0000,21.9551,-0.0400,100.0110,-0.1046,-3.5221,2
-0.5003,-0.0098,-9.4961,-0.0050,-0.0110,-0.0020,48.0000,21.9700,0.0000,100.0160,-0.2101,-3.6472,2
-0.5297,0.0098,-9.9081,0.0110,0.0110,-0.0090,48.0000,22.0018,0.0300,100.0050,-0.1949,-3.6434,2
-0.5690,0.0000,-10.0062,-0.0010,0.0120,0.0030,48.0000,22.0044,0.0000,99.9960,-0.1919,-3.5564,2
-0.5690,0.0000,-9.6923,0.0080,-0.0040,0.0020,48.0000,22.0215,0.0300,99.9920,-0.0733,-3.6890,2
-0.6376,-0.0392,-9.9179,0.0020,0.0100,0.0000,48.0000,21.9727,0.0500,99.9810,0.0423,-3.7247,2
-0.5788,-0.0883,-9.9179,-0.0050,0.0120,0.0000,48.0000,21.9809,0.0100,99.9710,-0.0116,-3.6634,2
-0.5886,0.0294,-10.2613,0.0060,0.0150,0.0080,48.0000,22.0134,-0.0300,99.9670,-0.0048,-3.4987,2
-0.5297,-0.0196,-9.7708,0.0030,-0.0070,0.0030,48.0000,22.0206,-0.0800,99.9840,0.0594,-3.4206,2
-0.5494,-0.0687,-9.5255,-0.0050,-0.0030,-0.0050,48.0000,22.0272,0.0000,99.9970,0.0462,-3.6296,2
-0.5788,0.0196,-10.0258,0.0010,0.0150,0.0130,48.0000,22.0468,0.0000,99.9920,-0.0608,-3.5649,2
-0.6180,-0.0294,-9.7021,-0.0080,0.0000,0.0030,48.0000,22.0029,-0.0400,99.9990,-0.0558,-3.4682,2
-0.5984,0.0294,-9.5451,-0.0030,-0.0030,0.0040,48.0000,22.0207,0.0000,100.0100,-0.1681,-3.6052,2
-0.5984,0.0490,-9.6628,0.0000,-0.0060,0.0030,48.0000,22.0090,0.0400,100.0100,-0.1437,-3.7120,2
-0.5984,0.0098,-10.0454,-0.0060,0.0120,-0.0090,48.0000,22.0213,0.0100,100.0080,-0.1172,-3.6277,2
-0.5690,0.0589,-9.9375,0.0020,0.0060,0.0000,48.0000,22.0001,-0.0300,100.0160,-0.1391,-3.5490,2
-0.5690,-0.0490,-9.6628,0.0080,0.0000,-0.0020,48.0000,22.0093,-0.0400,100.0280,-0.1651,-3.5311,2
-0.5984,-0.0392,-9.6825,0.0000,-0.0020,-0.0020,47.0000,22.0050,0.0000,100.0370,-0.1224,-3.6122,2
-0.5592,0.0981,-9.8002,0.0010,0.0000,-0.0020,47.0000,22.0255,0.0100,100.0360,-0.1060,-3.6088,2
-0.6965,0.0589,-9.8787,0.0050,0.0120,0.0020,47.0000,22.0305,0.0200,100.0340,0.0045,-3.6028,2
-0.6475,0.0000,-9.7413,0.0080,-0.0020,0.0110,48.0000,21.9966,0.0000,100.0360,-0.0197,-3.5551,2
-0.5984,0.0490,-9.5451,-0.0110,-0.0090,-0.0080,48.0000,21.9708,0.0300,100.0320,-0.0087,-3.6941,2
-0.6180,0.0196,-9.9179,-0.0030,0.0090,0.0010,48.0000,21.9879,0.0400,100.0180,-0.1068,-3.6913,2
-0.5395,0.0196,-9.8296,0.0130,0.0020,-0.0010,48.0000,21.9916,0.0100,100.0120,-0.0898,-3.6674,2
-0.5592,0.0098,-10.0258,-0.0040,0.0140,0.0060,48.0000,21.9816,-0.0100,100.0160,-0.0833,-3.5433,2
-0.5788,-0.0490,-9.6236,0.0000,-0.0060,-0.0010,48.0000,21.9463,-0.0200,100.0270,-0.1382,-3.5675,2
-0.5788,0.0098,-9.5746,0.0080,-0.0030,0.0040,48.0000,21.9508,0.0400,100.0260,-0.0712,-3.7168,2
-0.5690,0.0392,-9.9670,-0.0110,0.0100,0.0050,48.0000,21.9738,0.0600,100.0130,-0.0293,-3.7093,2
-0.5592,-0.0785,-10.1926,-0.0090,0.0200,-0.0060,48.0000,22.0248,0.0000,100.0010,-0.1693,-3.5242,2
-0.5690,0.0687,-9.9375,0.0000,0.0010,0.0100,48.0000,22.0226,-0.0500,100.0050,-0.2250,-3.4343,2
-0.5395,0.0196,-9.5451,0.0060,-0.0030,0.0000,47.0000,22.0231,0.0100,100.0130,-0.1255,-3.6681,2
-0.6180,0.0294,-9.9081,0.0060,0.0140,0.0010,47.0000,22.0351,0.0200,100.0030,-0.0654,-3.6877,2
-0.5788,-0.0294,-10.1730,0.0060,0.0080,0.0060,48.0000,22.0286,-0.0600,100.0000,-0.0295,-3.4370,2
-0.5199,-0.0294,-9.3391,-0.0080,-0.0320,0.0010,47.0000,21.9873,-0.0400,100.0140,-0.1261,-3.5586,2
-0.5984,0.0294,-9.5746,0.0000,-0.0070,0.0000,47.0000,22.0126,0.0700,100.0050,-0.1901,-3.7756,2
-0.5690,0.0098,-9.8787,0.0050,0.0110,0.0010,48.0000,22.0152,0.0900,99.9800,-0.1674,-3.7629,2
-0.6082,0.0392,-10.2220,0.0160,0.0300,0.0030,48.0000,21.9977,0.0200,99.9650,0.0106,-3.5502,2
-0.5395,-0.0392,-10.0749,-0.0050,0.0070,-0.0020,48.0000,21.9803,-0.0900,99.9840,0.0211,-3.2856,2
-0.5494,0.0490,-9.1625,0.0010,-0.0280,0.0090,48.0000,21.9637,-0.0300,100.0150,-0.1062,-3.5914,2
-0.5788,0.0098,-9.5451,0.0050,-0.0030,-0.0060,48.0000,21.9886,0.0900,100.0030,-0.1390,-3.8813,2
-0.5984,0.0392,-10.3103,0.0110,0.0320,0.0030,48.0000,21.9771,0.0200,99.9800,-0.1106,-3.6311,2
-0.5395,0.0294,-9.9375,-0.0050,0.0000,0.0040,48.0000,22.0075,-0.0900,99.9950,-0.1463,-3.3854,2
-0.5199,-0.0392,-9.5353,0.0020,-0.0140,0.0010,48.0000,22.0156,-0.0600,100.0190,-0.2258,-3.4894,2
-0.5788,0.0098,-9.0841,0.0020,-0.0300,0.0070,47.0000,21.9855,0.0500,100.0240,-0.1946,-3.8150,2
-0.6573,-0.0294,-10.1828,0.0040,0.0230,-0.0060,48.0000,22.0030,0.1200,99.9890,-0.1398,-3.8323,2
-0.5592,0.0490,-10.3594,-0.0030,0.0230,0.0110,48.0000,21.9958,0.0000,99.9700,-0.2229,-3.5130,2
-0.5788,0.0196,-9.7904,0.0000,-0.0020,0.0020,48.0000,21.9719,-0.0600,99.9800,-0.2620,-3.4609,2
-0.5003,0.0098,-9.6040,0.0040,0.0000,0.0020,48.0000,21.9795,-0.0100,99.9850,-0.2045,-3.6128,2
-0.5494,0.0000,-9.9768,0.0000,0.0230,0.0030,48.0000,21.9960,0.0200,99.9770,-0.2253,-3.6759,2
-0.5690,0.0294,-10.3103,0.0010,0.0170,0.0040,48.0000,22.0082,-0.1000,99.9820,-0.1738,-3.3158,2
-0.5199,0.0196,-9.1527,-0.0050,-0.0380,0.0030,48.0000,21.9589,-0.0700,100.0100,-0.1699,-3.4928,2
-0.5199,0.0000,-9.2901,0.0000,-0.0060,0.0070,48.0000,21.9873,0.1200,100.0050,-0.2475,-3.9372,2
-0.6180,0.0098,-10.5065,0.0070,0.0350,-0.0070,48.0000,22.0136,0.0700,99.9730,-0.1956,-3.6645,2
-0.6082,-0.0490,-10.0847,0.0020,0.0050,0.0090,48.0000,22.0285,-0.0700,99.9750,-0.2203,-3.3370,2
-0.5101,-0.0098,-9.3587,-0.0020,-0.0230,0.0000,48.0000,22.0251,-0.0400,99.9970,-0.1861,-3.5133,2
-0.5395,0.0883,-9.4961,0.0000,-0.0090,0.0030,48.0000,22.0011,0.0700,99.9910,-0.2012,-3.8156,2
-0.6082,-0.0196,-10.4378,0.0030,0.0310,0.0130,48.0000,22.0408,0.0200,99.9650,-0.2219,-3.6341,2
-0.6082,-0.0294,-10.2318,0.0030,0.0130,0.0000,48.0000,22.0384,-0.0900,99.9710,-0.1987,-3.3769,2
-0.5592,-0.0883,-9.4470,0.0010,-0.0130,0.0060,48.0000,22.0156,-0.0800,99.9970,-0.1652,-3.4555,2
-0.5984,0.0000,-9.2410,0.0110,-0.0120,0.0070,48.0000,22.0202,0.0400,100.0010,-0.0603,-3.7647,2
-0.5690,0.0589,-10.0847,-0.0090,0.0160,-0.0050,48.0000,22.0133,0.0400,99.9830,-0.0619,-3.6668,2
-0.5788,-0.0490,-10.1043,-0.0030,0.0080,0.0060,48.0000,22.0380,-0.0600,99.9880,-0.0963,-3.3759,2
-0.5494,-0.0883,-9.5648,0.0000,-0.0170,-0.0020,48.0000,21.9948,-0.0900,100.0150,-0.1206,-3.3883,2
-0.5395,0.0098,-9.1920,0.0020,-0.0280,0.0000,48.0000,21.9759,0.0300,100.0240,-0.1921,-3.7723,2
-0.5984,0.0196,-10.3201,0.0000,0.0290,0.0060,48.0000,21.9598,0.0900,100.0010,-0.2598,-3.8096,2
-0.6278,0.0687,-10.2613,0.0120,0.0180,0.0010,48.0000,21.9603,-0.0400,99.9930,-0.1535,-3.4848,2
-0.5101,0.0098,-9.7217,-0.0030,-0.0100,-0.0070,48.0000,22.0142,-0.0800,100.0150,-0.1761,-3.4348,2
-0.5494,-0.0392,-9.4568,0.0110,-0.0060,0.0100,47.0000,22.0211,0.0000,100.0280,-0.2115,-3.6173,2
-0.5886,0.0490,-9.6236,0.0090,-0.0080,0.0100,47.0000,21.9894,0.0400,100.0200,-0.0510,-3.6960,2
-0.5984,0.0000,-9.8983,0.0140,0.0130,0.0010,48.0000,21.9919,0.0700,100.0030,0.0669,-3.7111,2
-0.6180,0.0490,-9.9670,-0.0100,0.0100,0.0000,48.0000,22.0059,0.0100,99.9940,0.0135,-3.5727,2
-0.5297,0.0000,-9.8002,-0.0120,0.0060,-0.0050,48.0000,22.0285,0.0000,99.9970,-0.1026,-3.5713,2
-0.5984,-0.0392,-9.6530,-0.0040,-0.0020,0.0040,48.0000,22.0216,0.0000,100.0000,-0.2214,-3.5996,2
-0.5690,-0.0098,-9.7904,0.0110,-0.0050,-0.0020,48.0000,21.9904,-0.0100,100.0070,-0.1510,-3.6036,2
-0.5886,0.0490,-9.8394,0.0030,-0.0010,0.0010,48.0000,21.9855,0.0000,100.0110,-0.0594,-3.6045,2
-0.6475,-0.0392,-9.8296,-0.0140,0.0070,-0.0050,48.0000,21.9853,0.0000,100.0150,-0.1369,-3.5953,2
-0.6180,0.0000,-9.6825,0.0030,-0.0100,0.0010,48.0000,21.9754,0.0000,100.0130,-0.2577,-3.5920,2
-0.5395,0.0687,-9.6727,0.0190,0.0040,0.0040,48.0000,21.9746,0.0500,100.0040,-0.1338,-3.7150,2
-0.6180,-0.0687,-10.0356,0.0060,0.0100,-0.0100,48.0000,22.0265,0.0000,99.9930,0.0165,-3.5443,2
-0.6082,-0.0687,-9.9670,0.0040,-0.0050,0.0020,48.0000,21.9995,-0.0400,100.0010,0.0066,-3.4668,2
-0.6082,0.0098,-9.5059,0.0090,-0.0020,-0.0040,48.0000,21.9721,0.0300,100.0110,0.0396,-3.7262,2
-0.5494,-0.0490,-9.9081,-0.0140,0.0070,0.0000,48.0000,21.9864,0.0200,100.0040,-0.0309,-3.7033,2
-0.5886,0.0785,-10.0651,0.0120,0.0130,0.0100,48.0000,21.9770,-0.0400,100.0080,0.0346,-3.5170,2
-0.5494,0.0098,-9.4765,0.0060,-0.0130,0.0040,48.0000,22.0232,-0.0100,100.0200,0.1836,-3.6270,2
-0.5886,0.0294,-9.6628,0.0040,0.0050,0.0010,48.0000,21.9991,0.0400,100.0180,0.1186,-3.7182,2
-0.5984,-0.0392,-10.1141,0.0000,0.0140,0.0000,48.0000,21.9977,-0.0100,100.0130,0.0341,-3.5141,2
-0.5395,-0.0392,-9.5648,-0.0090,-0.0120,0.0020,48.0000,21.9787,-0.0200,100.0190,-0.1739,-3.5548,2
-0.5101,-0.0392,-9.2901,0.0020,-0.0130,-0.0040,48.0000,22.0180,0.0900,100.0100,-0.1564,-3.8628,2
-0.6082,0.0294,-10.3397,0.0110,0.0320,-0.0010,48.0000,22.0356,0.0500,99.9870,-0.0676,-3.6842,2
-0.5494,-0.0392,-10.2318,0.0080,0.0140,-0.0070,48.0000,22.0302,-0.0800,99.9940,0.1605,-3.3798,2
-0.5199,-0.0490,-9.5648,-0.0070,-0.0070,0.0130,48.0000,22.0013,-0.1100,100.0250,0.0610,-3.3717,2
-0.5690,0.0589,-9.1429,0.0010,-0.0240,0.0020,47.0000,22.0066,0.0000,100.0400,0.0253,-3.7106,2
-0.5690,-0.1373,-9.7708,-0.0070,0.0130,0.0060,47.0000,21.9525,0.1100,100.0170,0.0271,-3.8495,2
-0.5984,-0.0687,-10.5457,0.0020,0.0290,0.0090,48.0000,21.9643,-0.0300,100.0060,-0.0521,-3.4059,2
-0.5199,0.0883,-9.2312,0.0010,-0.0360,0.0000,48.0000,21.9667,-0.0400,100.0260,0.1113,-3.5227,2
-0.5395,0.0490,-9.1920,0.0000,-0.0210,0.0060,48.0000,21.9550,0.1000,100.0170,0.1241,-3.8800,2
-0.5494,0.0687,-10.3594,-0.0090,0.0290,0.0000,48.0000,21.9891,0.0800,99.9780,0.0516,-3.7262,2
-0.5199,-0.0392,-10.0749,-0.0020,0.0110,0.0090,48.0000,22.0082,-0.0200,99.9690,-0.0446,-3.5085,2
-0.5101,0.0000,-9.6628,0.0130,-0.0030,0.0070,48.0000,21.9727,-0.0300,99.9840,-0.0774,-3.5526,2
-0.5690,0.0000,-9.6138,0.0130,0.0000,-0.0060,48.0000,21.9956,0.0000,99.9890,0.0604,-3.6789,2
-0.5788,-0.0098,-10.1239,-0.0050,0.0120,0.0010,48.0000,21.9704,-0.0200,99.9900,0.0450,-3.5064,2
-0.4905,0.0294,-9.7609,0.0090,-0.0080,0.0070,48.0000,21.9761,-0.0700,100.0050,0.0298,-3.4209,2
-0.5788,-0.0294,-8.9565,0.0000,-0.0250,0.0040,48.0000,21.9854,0.0600,100.0080,-0.0093,-3.8223,2
-0.5101,0.0294,-9.8983,0.0030,0.0140,0.0050,48.0000,22.0276,0.1100,99.9790,-0.1070,-3.8183,2
-0.5494,0.0589,-10.2416,0.0000,0.0250,0.0000,48.0000,21.9938,0.0100,99.9560,-0.1073,-3.5579,2
-0.5788,-0.0785,-9.9768,-0.0110,-0.0010,0.0010,48.0000,22.0446,-0.0800,99.9690,-0.1787,-3.3885,2
-0.5101,-0.0294,-9.3097,0.0080,-0.0170,0.0120,48.0000,22.0566,-0.0200,99.9920,-0.2703,-3.6416,2
-0.5886,0.0098,-9.9670,0.0090,0.0200,-0.0030,47.0000,22.0383,0.0200,99.9940,-0.1072,-3.6747,2
-0.6671,-0.0883,-10.1435,-0.0040,0.0080,0.0030,48.0000,22.0429,-0.0800,100.0050,-0.0482,-3.3715,2
-0.5297,0.1079,-9.1429,0.0060,-0.0360,-0.0110,48.0000,22.0298,-0.0500,100.0290,-0.0798,-3.5342,2
-0.6180,-0.0294,-9.6432,-0.0010,0.0050,0.0000,47.0000,22.0546,0.1100,100.0150,-0.1427,-3.8795,2
-0.6573,-0.0098,-10.4967,-0.0030,0.0450,0.0030,47.0000,22.0295,0.0600,99.9900,-0.2232,-3.6203,2
-0.6278,0.0000,-10.0552,0.0030,0.0090,-0.0090,48.0000,22.0080,-0.1100,100.0030,-0.1539,-3.2606,2
-0.5003,-0.0196,-8.9271,-0.0030,-0.0410,0.0090,48.0000,21.9935,-0.0400,100.0250,-0.1653,-3.6061,2
-0.5395,-0.0392,-9.5648,0.0060,0.0050,-0.0050,48.0000,22.0090,0.1300,100.0040,-0.0693,-3.9908,2
-0.6475,-0.0196,-10.6537,0.0000,0.0420,0.0030,48.0000,21.9999,0.0300,99.9760,0.0017,-3.5993,2
-0.5984,-0.0392,-10.1141,0.0040,0.0060,-0.0040,48.0000,21.9589,-0.1200,99.9910,0.0049,-3.2750,2
-0.5199,-0.0294,-9.1331,0.0070,-0.0260,-0.0050,48.0000,21.9629,-0.0500,100.0140,-0.0043,-3.5247,2
-0.5395,-0.0196,-9.3195,0.0030,-0.0150,0.0000,48.0000,21.9716,0.0900,100.0060,0.0256,-3.8626,2
-0.6376,0.0098,-10.4575,0.0090,0.0330,0.0040,48.0000,21.9958,0.0700,99.9810,0.0160,-3.6738,2
-0.5788,0.0000,-10.0356,0.0060,0.0020,-0.0010,48.0000,22.0101,-0.0700,99.9860,0.0839,-3.3662,2
-0.5494,-0.0392,-9.5844,-0.0020,-0.0060,-0.0020,48.0000,22.0227,-0.0300,100.0050,0.0631,-3.5343,2
-0.5494,0.0000,-9.4961,0.0020,-0.0050,0.0030,48.0000,22.0163,0.0700,100.0030,-0.0201,-3.8399,2
-0.5886,0.0000,-10.2416,0.0150,0.0280,0.0060,48.0000,22.0053,0.0100,99.9930,0.0162,-3.6461,2
-0.6376,0.4905,-10.1141,-0.8530,-0.0010,-0.1610,48.0000,22.0121,-0.1000,100.0160,-3.6602,-3.4215,2
-0.5886,-1.0987,-9.9964,-1.5780,-0.0380,-0.0870,49.0000,21.9760,-0.0900,100.0530,-22.4238,-4.0318,2
-0.0490,0.0000,-11.2521,-1.6020,0.1750,-0.1400,55.0000,22.0290,0.3800,100.0250,-46.2936,-4.3510,3
1.1772,0.4316,-18.0798,-0.9520,0.6540,-0.1340,77.0000,22.0866,0.8500,99.8790,-64.5624,-3.1011,1
1.9424,2.3446,-34.2271,0.1480,1.3500,-0.1840,70.0000,22.5798,0.4900,99.6660,-68.8225,0.6388,3
2.7468,2.7174,-41.1039,1.3230,1.3070,-0.1250,85.0000,22.9438,-1.6800,99.7850,-59.6472,6.7051,3
1.2066,3.5610,-19.3944,1.7060,0.1490,-0.1930,59.0000,23.4561,-4.9900,100.7440,-37.2989,11.3481,3
-0.2256,2.9822,3.1686,1.6870,-0.7220,-0.1670,35.0000,23.5372,-4.1900,101.9870,-13.9285,5.2919,2
-3.0313,1.8737,6.3863,1.5780,-0.6660,-0.0800,9.0000,23.1234,0.1000,102.5240,10.5127,-6.5008,2
-6.1705,0.5395,-6.1999,0.7740,0.0170,-0.0470,3.0000,22.5460,2.3600,102.1450,27.4063,-10.0468,1
-5.1699,-1.3832,-11.6739,-0.1100,0.1420,0.0950,17.0000,21.4722,2.2400,101.5140,30.6225,-8.0957,1
-3.0215,-1.6186,-7.0240,-0.1440,-0.1040,0.1930,27.0000,20.8651,2.3600,100.9800,27.8680,-9.2246,1
-2.0895,-1.0595,-8.9565,0.1870,0.0940,0.2020,30.0000,20.2752,3.0200,100.2570,27.8886,-11.1886,1
-1.6579,-0.8829,-15.3723,0.3610,0.3860,0.1710,37.0000,20.0536,2.5900,99.5460,31.3047,-9.2127,1
-0.8437,-1.0987,-15.7745,0.3450,0.3350,0.1780,42.0000,19.9592,1.4500,99.0240,35.9764,-5.8790,1
-0.0098,-1.3145,-11.4875,0.2810,0.1480,0.1970,48.0000,20.0302,1.1200,98.7380,39.9951,-5.1734,1
0.3826,-1.4813,-11.1834,0.2350,0.2150,0.2170,50.0000,20.3004,1.3600,98.4140,43.4526,-5.5414,1
0.4414,-1.5892,-15.0191,0.2280,0.4020,0.2360,54.0000,20.5271,1.2300,98.0850,46.1189,-4.5882,1
0.7259,-1.7167,-17.1086,0.2230,0.4580,0.2350,57.0000,20.9802,0.6000,97.8400,48.9762,-2.6291,3
0.8535,-1.7069,-15.8824,0.1830,0.4060,0.2350,61.0000,21.2696,0.1400,97.7540,51.5571,-1.4251,3
1.0006,-1.8933,-15.8137,0.1170,0.4300,0.2380,62.0000,21.7415,-0.1000,97.7440,53.6359,-0.6472,3
1.0006,-1.9031,-16.5789,0.1010,0.4620,0.2410,63.0000,22.0542,-0.3400,97.7950,55.1288,0.1511,3
0.8240,-2.0012,-16.8045,0.0720,0.4700,0.2500,63.0000,22.4734,-0.6400,97.9230,56.4934,0.9259,3
0.6278,-2.0601,-16.7457,0.0290,0.4740,0.2400,63.0000,22.7181,-0.8700,98.1040,57.3944,1.5446,3
0.4218,-2.1680,-16.2944,-0.0010,0.4410,0.2570,61.0000,23.0294,-1.1000,98.3580,57.6270,2.0805,3
0.0981,-2.1680,-14.8916,0.0040,0.3830,0.2500,59.0000,23.1552,-1.1500,98.6280,57.9127,2.1053,3
-0.2256,-2.1386,-13.9008,-0.0270,0.3470,0.2470,57.0000,23.2995,-1.0200,98.9120,57.8120,1.8400,3
-0.5788,-2.2072,-13.8223,-0.0350,0.3470,0.2550,54.0000,23.3506,-0.8900,99.1400,57.4810,1.5818,3
-0.8240,-2.1778,-13.5280,-0.0470,0.3290,0.2510,52.0000,23.3004,-0.7400,99.3510,56.8715,1.1972,3
-0.9712,-2.1484,-12.6745,-0.0470,0.2910,0.2480,49.0000,23.2482,-0.5400,99.5010,56.1878,0.7241,3
-1.1674,-2.1386,-12.5666,-0.0580,0.2870,0.2470,48.0000,23.1251,-0.2900,99.5990,55.4594,0.1449,3
-1.2459,-2.1484,-13.1552,-0.0570,0.3110,0.2430,47.0000,23.0374,-0.1100,99.6280,54.6379,-0.2559,3
-1.3538,-2.0209,-12.2919,-0.0660,0.2710,0.2470,46.0000,22.8606,0.0600,99.6240,53.6294,-0.7645,3
-1.4813,-2.1288,-12.9590,-0.0780,0.3020,0.2400,44.0000,22.7355,0.2000,99.5800,52.5207,-1.0223,3
-1.4715,-2.0405,-12.6941,-0.0800,0.2710,0.2500,43.0000,22.5255,0.2500,99.5190,51.1937,-1.2542,3
-1.4813,-2.0209,-11.9486,-0.0930,0.2350,0.2350,43.0000,22.4004,0.3600,99.4420,49.8453,-1.6348,3
-1.4224,-1.9522,-11.5660,-0.0990,0.2140,0.2340,42.0000,22.1523,0.5300,99.3130,48.1707,-2.1216,3
-1.4421,-1.9228,-11.7916,-0.0950,0.2150,0.2230,42.0000,22.0448,0.6200,99.1590,46.5754,-2.4231,3
-1.2851,-1.8933,-11.6543,-0.0860,0.2090,0.2390,42.0000,21.8979,0.6800,98.9620,44.9981,-2.6760,3
-1.2164,-1.8148,-11.7818,-0.0950,0.2000,0.2240,43.0000,21.8122,0.7200,98.7580,43.5135,-2.8666,3
-1.1183,-1.7756,-11.9976,-0.0940,0.1980,0.2160,43.0000,21.7552,0.6900,98.5380,41.9146,-2.8149,3
-1.0006,-1.7364,-11.9486,-0.1030,0.1960,0.2110,44.0000,21.6946,0.6200,98.3600,40.3287,-2.7466,3
-0.9123,-1.7167,-11.4581,-0.1080,0.1600,0.2120,44.0000,21.6518,0.5400,98.1960,38.6133,-2.7100,3
-0.8044,-1.5304,-11.2619,-0.0890,0.1450,0.2060,44.0000,21.6032,0.5100,98.0590,37.1638,-2.7837,3
-0.8142,-1.5794,-11.3305,-0.0880,0.1410,0.1900,45.0000,21.5773,0.4600,97.9250,35.6060,-2.7370,3
-0.7652,-1.4126,-11.2815,-0.0730,0.1320,0.1810,45.0000,21.5752,0.3700,97.8180,34.3655,-2.6437,3
-0.6573,-1.3832,-10.6929,-0.0540,0.1100,0.1780,46.0000,21.5607,0.3500,97.7110,33.2516,-2.7411,3
-0.6278,-1.4519,-11.0951,-0.0380,0.1270,0.1710,47.0000,21.5393,0.3200,97.6080,32.3904,-2.6604,3
-0.5690,-1.3342,-11.2913,-0.0340,0.1300,0.1700,47.0000,21.5531,0.2300,97.5240,31.6814,-2.5305,3
-0.5101,-1.3047,-11.2815,-0.0210,0.1310,0.1630,48.0000,21.5887,0.1000,97.4820,31.2198,-2.2570,3
-0.4218,-1.2459,-10.7321,-0.0200,0.1060,0.1650,48.0000,21.6663,0.0200,97.4750,30.6697,-2.1482,3
-0.4022,-1.2851,-10.9185,-0.0210,0.1070,0.1720,48.0000,21.7098,-0.0200,97.4820,30.1765,-2.0324,3
-0.3924,-1.2557,-10.5556,-0.0170,0.0900,0.1540,48.0000,21.7633,-0.0800,97.5030,29.8404,-1.9624,3
-0.4611,-1.2851,-10.5752,0.0160,0.0910,0.1670,48.0000,21.7788,-0.0700,97.5210,29.7869,-2.0329,3
-0.4905,-1.2262,-10.8597,0.0240,0.1010,0.1610,48.0000,21.8045,-0.1100,97.5470,29.9886,-1.9562,3
-0.4218,-1.1968,-11.1736,0.0270,0.1240,0.1590,49.0000,21.8492,-0.1800,97.5790,30.1574,-1.7409,3
-0.3630,-1.2459,-10.7223,0.0110,0.0990,0.1630,49.0000,21.8291,-0.2400,97.6250,30.3488,-1.6411,3
-0.3728,-1.2557,-10.6733,0.0220,0.0980,0.1570,49.0000,21.8479,-0.2600,97.6740,30.5308,-1.5939,3
-0.3532,-1.2753,-10.7419,0.0370,0.1010,0.1700,49.0000,21.8852,-0.3000,97.7440,30.8632,-1.4871,3
-0.3041,-1.2164,-10.6046,0.0430,0.0980,0.1540,50.0000,21.9289,-0.2900,97.8170,31.3456,-1.5247,3
-0.3630,-1.2557,-10.8008,0.0350,0.1080,0.1650,50.0000,21.9769,-0.2900,97.8960,31.8479,-1.4817,3
-0.3924,-1.3145,-10.9480,0.0280,0.1150,0.1750,50.0000,22.0140,-0.3200,97.9720,32.1784,-1.3552,3
-0.4316,-1.3930,-10.8891,0.0240,0.1110,0.1730,50.0000,21.9867,-0.3500,98.0640,32.4234,-1.2560,3
-0.4218,-1.2753,-10.6340,0.0320,0.1080,0.1660,49.0000,21.9798,-0.3200,98.1470,32.8459,-1.3863,3
-0.3630,-1.3930,-11.0657,0.0360,0.1280,0.1730,50.0000,22.0523,-0.3400,98.2240,33.3167,-1.2382,3
-0.3532,-1.3342,-10.8793,0.0340,0.1060,0.1750,50.0000,22.0205,-0.3600,98.3050,33.7668,-1.2368,3
-0.4120,-1.4617,-11.0068,0.0380,0.1230,0.1740,50.0000,22.0667,-0.3400,98.3960,34.2402,-1.2169,3
-0.4218,-1.3636,-11.0362,0.0370,0.1290,0.1770,50.0000,22.0404,-0.3500,98.4840,34.6383,-1.1494,3
-0.4218,-1.4126,-10.9676,0.0310,0.1320,0.1790,50.0000,22.0238,-0.3800,98.5840,35.1016,-1.0522,3
-0.3433,-1.4224,-10.8302,0.0170,0.1250,0.1790,50.0000,22.0417,-0.3500,98.6740,35.3087,-1.0702,3
-0.4611,-1.4421,-10.5948,0.0330,0.1150,0.1800,49.0000,22.0511,-0.2800,98.7600,35.5175,-1.2553,3
-0.4218,-1.4421,-11.0362,0.0370,0.1450,0.1810,49.0000,22.0775,-0.2100,98.8200,35.9028,-1.3819,3
-0.4120,-1.4911,-11.4679,0.0420,0.1500,0.1780,50.0000,22.0882,-0.2800,98.8780,36.4649,-1.1421,3
-0.4120,-1.5402,-11.0951,0.0070,0.1300,0.1770,50.0000,22.1357,-0.3100,98.9450,36.8289,-1.0338,3
-0.4807,-1.5794,-10.8204,0.0160,0.1250,0.1910,49.0000,22.1464,-0.2700,99.0170,36.9180,-1.1693,3
-0.5199,-1.5009,-10.9872,0.0320,0.1320,0.1870,49.0000,22.1530,-0.2200,99.0780,37.1983,-1.2815,3
-0.5886,-1.5205,-11.5366,0.0360,0.1650,0.1840,49.0000,22.1211,-0.2300,99.1370,37.5664,-1.1393,3
-0.5101,-1.5107,-11.5071,0.0120,0.1600,0.1920,49.0000,22.1158,-0.3000,99.2000,37.7670,-0.9475,3
-0.4709,-1.4519,-10.6929,-0.0010,0.1250,0.1940,49.0000,22.1073,-0.2500,99.2800,37.8560,-1.1260,3
-0.5199,-1.5304,-10.8302,0.0030,0.1390,0.1980,49.0000,22.0795,-0.1400,99.3310,37.7650,-1.3629,3
-0.5690,-1.5696,-11.4188,0.0250,0.1610,0.1810,49.0000,22.0875,-0.1300,99.3650,37.9675,-1.3013,3
-0.5984,-1.5402,-11.4385,0.0280,0.1550,0.1900,49.0000,22.0921,-0.1800,99.4020,38.1739,-1.2180,3
-0.5297,-1.4715,-11.1147,0.0160,0.1500,0.1910,49.0000,22.0512,-0.1300,99.4440,38.4349,-1.3368,3
-0.5199,-1.5696,-11.2423,0.0040,0.1660,0.1890,49.0000,22.0319,-0.0900,99.4730,38.4702,-1.3637,3
-0.4807,-1.5009,-11.6543,0.0250,0.1610,0.2040,49.0000,22.0700,-0.1600,99.5140,38.5714,-1.1808,3
-0.5494,-1.4519,-11.4679,0.0170,0.1570,0.2020,49.0000,22.0918,-0.1900,99.5700,38.6759,-1.1169,3
-0.5494,-1.6873,-10.8989,-0.0050,0.1360,0.1880,48.0000,22.1074,-0.1200,99.6230,38.6204,-1.2373,3
-0.5788,-1.5598,-10.7910,0.0020,0.1380,0.1970,48.0000,22.0889,-0.0500,99.6500,38.5080,-1.4901,3
-0.6082,-1.4421,-11.3109,0.0210,0.1590,0.1920,48.0000,22.0665,0.0000,99.6530,38.5398,-1.6060,3
-0.6180,-1.4813,-11.9290,0.0190,0.1820,0.1880,48.0000,22.0828,-0.0500,99.6530,38.7355,-1.3624,3
-0.5297,-1.6579,-11.1540,-0.0070,0.1420,0.1950,49.0000,22.0409,-0.1000,99.6650,38.6726,-1.2611,3
-0.5199,-1.5598,-10.9774,0.0070,0.1430,0.2020,48.0000,22.0022,-0.0200,99.6720,38.5425,-1.5136,3
-0.5199,-1.5402,-11.5758,0.0130,0.1750,0.2010,48.0000,22.0604,0.0000,99.6750,38.5669,-1.5335,3
-0.5199,-1.5304,-11.6641,0.0280,0.1650,0.1960,49.0000,22.0222,-0.0400,99.6870,38.8283,-1.3795,3
-0.5690,-1.6285,-11.3894,-0.0050,0.1520,0.1950,49.0000,22.0572,-0.0800,99.7090,38.7441,-1.2318,3
-0.5297,-1.4911,-10.9970,-0.0060,0.1370,0.1980,48.0000,22.0664,-0.0700,99.7320,38.4579,-1.3938,3
-0.6376,-1.5990,-11.2521,0.0060,0.1550,0.1860,48.0000,22.0608,-0.0100,99.7450,38.4423,-1.4761,3
-0.5788,-1.5009,-11.3796,0.0020,0.1520,0.1910,48.0000,22.0351,-0.0100,99.7440,38.4568,-1.4545,3
-0.5592,-1.5598,-11.1049,0.0050,0.1500,0.1920,48.0000,22.0253,0.0100,99.7420,38.5015,-1.5510,3
-0.5592,-1.5500,-11.5562,0.0200,0.1690,0.1910,48.0000,22.0539,0.0200,99.7360,38.5471,-1.5513,3
-0.5984,-1.5696,-11.5464,0.0090,0.1640,0.1880,48.0000,22.0235,-0.0200,99.7460,38.6791,-1.3762,3
-0.5592,-1.5794,-10.9774,-0.0100,0.1410,0.1930,48.0000,22.0289,-0.0400,99.7690,38.5079,-1.3804,3
-0.6278,-1.5009,-11.4385,0.0060,0.1570,0.2000,48.0000,22.0035,-0.0500,99.7900,38.3255,-1.3999,3
-0.5592,-1.5009,-11.4973,0.0070,0.1590,0.1870,48.0000,21.9936,-0.0600,99.8170,38.4344,-1.3469,3
-0.5886,-1.5892,-10.7714,-0.0040,0.1330,0.1850,48.0000,22.0342,-0.0400,99.8420,38.3211,-1.4128,3
-0.5494,-1.5892,-10.9381,0.0100,0.1370,0.1960,48.0000,22.0318,0.0300,99.8400,38.2256,-1.5961,3
-0.6082,-1.4813,-11.4090,0.0190,0.1650,0.1970,48.0000,22.0145,0.0700,99.8230,38.2501,-1.6983,3
-0.6082,-1.4911,-11.4090,0.0220,0.1610,0.1850,48.0000,22.0221,0.0300,99.8130,38.4558,-1.5567,3
-0.5690,-1.5500,-11.2325,-0.0030,0.1490,0.1910,48.0000,21.9934,-0.0100,99.8200,38.3892,-1.4434,3
-0.5297,-1.5794,-11.0166,0.0120,0.1420,0.1950,48.0000,21.9721,0.0000,99.8360,38.3260,-1.5026,3
-0.6082,-1.5696,-11.3796,0.0110,0.1610,0.2010,48.0000,21.9731,0.0200,99.8470,38.2203,-1.5463,3
-0.5788,-1.5500,-11.3894,0.0030,0.1640,0.1890,48.0000,21.9859,0.0000,99.8560,38.2337,-1.4958,3
-0.5494,-1.4911,-10.9970,0.0190,0.1400,0.1940,48.0000,21.9833,0.0000,99.8700,38.2405,-1.5430,3
-0.5690,-1.6088,-11.1736,-0.0210,0.1470,0.1940,48.0000,21.9898,0.0300,99.8720,38.0972,-1.5934,3
-0.6278,-1.5500,-11.4286,0.0060,0.1640,0.1830,48.0000,21.9832,0.0300,99.8630,37.9802,-1.5986,3
-0.5886,-1.4715,-11.3600,0.0130,0.1580,0.1950,48.0000,22.0052,0.0200,99.8530,38.0800,-1.6273,3
-0.6475,-1.4715,-11.4385,0.0200,0.1590,0.1920,48.0000,22.0239,0.0100,99.8490,38.2710,-1.5632,3
-0.6671,-1.5892,-11.7033,-0.0060,0.1780,0.1860,48.0000,22.0251,-0.0100,99.8600,38.2752,-1.4005,3
-0.5886,-1.5598,-11.1343,-0.0060,0.1470,0.1980,48.0000,22.0305,-0.0800,99.8920,38.0244,-1.3479,3
-0.5592,-1.5598,-10.8204,0.0000,0.1260,0.2010,48.0000,22.0308,-0.0400,99.9180,37.8103,-1.4867,3
-0.6082,-1.5304,-11.2423,0.0250,0.1580,0.1960,48.0000,21.9705,0.0300,99.9270,37.8410,-1.6648,3
-0.6082,-1.4421,-11.2325,0.0080,0.1480,0.1930,48.0000,21.9808,0.0300,99.9220,37.8634,-1.6629,3
-0.5494,-1.6481,-11.1245,-0.0050,0.1540,0.1900,48.0000,21.9755,0.0700,99.9040,37.8003,-1.7426,3
-0.6180,-1.5402,-11.5954,0.0030,0.1670,0.1890,48.0000,21.9905,0.0300,99.8840,37.7254,-1.6356,3
-0.6082,-1.5107,-11.5267,0.0230,0.1600,0.1860,48.0000,22.0277,-0.0300,99.8870,37.8928,-1.4676,3
-0.5886,-1.5009,-11.1245,0.0100,0.1410,0.1970,48.0000,22.0161,-0.0500,99.9060,37.8630,-1.4712,3
-0.5984,-1.6088,-11.0559,0.0020,0.1400,0.1950,48.0000,21.9908,-0.0100,99.9230,37.7378,-1.5642,3
-0.6376,-1.4911,-11.2226,0.0180,0.1490,0.2010,48.0000,21.9666,0.0000,99.9280,37.7990,-1.6260,3
-0.5592,-1.5304,-11.0657,0.0050,0.1440,0.1880,48.0000,21.9697,0.0400,99.9280,37.7559,-1.7068,3
-0.6180,-1.5402,-11.3992,0.0050,0.1540,0.1860,48.0000,21.9867,0.0200,99.9240,37.7476,-1.6214,3
-0.5984,-1.5107,-11.1442,0.0100,0.1550,0.1910,48.0000,21.9741,0.0100,99.9200,37.8367,-1.6319,3
-0.5395,-1.4421,-11.3207,0.0040,0.1490,0.1940,48.0000,21.9322,0.0000,99.9120,37.7957,-1.6205,3
-0.5788,-1.4813,-11.3305,0.0090,0.1570,0.2030,48.0000,21.9294,0.0000,99.9080,37.7978,-1.6192,3
-0.5690,-1.5304,-11.3600,0.0060,0.1530,0.1800,48.0000,21.9538,-0.0100,99.9190,37.7955,-1.5482,3
-0.4807,-1.4617,-11.0461,0.0150,0.1420,0.1890,48.0000,21.9750,0.0000,99.9300,37.7923,-1.6281,3
-0.5984,-1.5598,-11.2325,0.0070,0.1490,0.1900,48.0000,22.0240,0.0000,99.9400,37.8688,-1.6145,3
-0.5984,-1.5304,-11.3207,0.0000,0.1610,0.1880,48.0000,22.0290,0.0000,99.9490,37.7412,-1.6075,3
-0.6671,-1.5205,-11.3894,0.0200,0.1570,0.1890,48.0000,22.0248,-0.0400,99.9630,37.7786,-1.5104,3
-0.6867,-1.5205,-10.9283,-0.0040,0.1330,0.1950,48.0000,22.0200,-0.0400,99.9770,37.7798,-1.5214,3
-0.6278,-1.4911,-10.9283,-0.0070,0.1390,0.1970,48.0000,21.9661,0.0400,99.9720,37.6687,-1.7769,3
-0.6278,-1.4911,-11.5856,0.0240,0.1740,0.1870,48.0000,21.9604,0.0500,99.9500,37.7053,-1.7747,3
-0.5788,-1.5402,-11.7229,0.0270,0.1720,0.1800,48.0000,21.9538,-0.0300,99.9500,37.9053,-1.4741,3
-0.5297,-1.5500,-10.8793,-0.0020,0.1310,0.1880,48.0000,21.9806,-0.0600,99.9750,37.8912,-1.4771,3
-0.5395,-1.6186,-10.6438,0.0000,0.1280,0.2050,48.0000,21.9962,0.0200,99.9900,37.7435,-1.7239,3
-0.5494,-1.4911,-11.0755,0.0080,0.1510,0.2070,48.0000,21.9788,0.0700,99.9840,37.7703,-1.8676,3
-0.6867,-1.5304,-11.7033,0.0250,0.1680,0.1860,48.0000,21.9746,0.0200,99.9770,37.8925,-1.6936,3
-0.6278,-1.4715,-11.2815,0.0070,0.1480,0.2030,48.0000,21.9497,-0.0300,99.9800,38.1031,-1.5553,3
-0.5494,-1.5107,-10.7812,-0.0080,0.1290,0.1960,48.0000,21.9779,0.0300,99.9790,37.9661,-1.7577,3
-0.5592,-1.5696,-11.4090,0.0080,0.1620,0.1850,48.0000,21.9619,0.0700,99.9500,37.7598,-1.8192,3
-0.5886,-1.5402,-11.6445,0.0170,0.1680,0.1960,48.0000,21.9765,-0.0100,99.9370,37.8423,-1.5744,3
-0.6180,-1.4813,-11.1638,0.0090,0.1360,0.1810,48.0000,21.9791,-0.0700,99.9560,38.0559,-1.4635,3
-0.5592,-1.5205,-10.5948,0.0020,0.1290,0.1950,48.0000,22.0053,0.0100,99.9730,37.8884,-1.7266,3
-0.6180,-1.6285,-11.6641,0.0010,0.1700,0.1910,48.0000,21.9773,0.0000,99.9750,37.7777,-1.5868,3
-0.6475,-1.5794,-11.3698,0.0030,0.1460,0.1950,48.0000,21.9632,-0.0900,99.9950,37.8249,-1.4032,3
-0.4807,-1.5598,-10.6046,0.0000,0.1190,0.1960,48.0000,21.9584,-0.0100,100.0150,37.7332,-1.6657,3
-0.5690,-1.4126,-11.1343,0.0150,0.1560,0.1990,48.0000,21.9903,0.0600,100.0020,37.7450,-1.8693,3
-0.6180,-1.4911,-11.7622,0.0240,0.1770,0.1860,48.0000,21.9831,0.0300,99.9850,37.9423,-1.6851,3
-0.5690,-1.5205,-11.2325,-0.0030,0.1470,0.1930,48.0000,21.9776,-0.0100,99.9840,38.0002,-1.6118,3
-0.6082,-1.5402,-11.2423,0.0070,0.1490,0.1970,48.0000,22.0035,-0.0100,99.9920,37.8966,-1.6457,3
-0.5690,-1.5205,-11.2423,0.0020,0.1540,0.1860,48.0000,22.0156,0.0000,100.0030,37.9215,-1.6654,3
-0.6278,-1.4911,-11.1932,0.0010,0.1500,0.1960,48.0000,22.0309,0.0000,100.0110,37.8162,-1.6763,3
-0.5788,-1.5009,-11.0461,0.0110,0.1440,0.2070,48.0000,22.0113,0.0000,100.0170,37.7667,-1.6903,3
-0.6082,-1.5304,-10.9970,0.0200,0.1410,0.1870,48.0000,21.9805,0.0300,100.0190,37.7609,-1.7646,3
-0.6180,-1.5402,-11.3992,0.0030,0.1590,0.1810,48.0000,21.9555,0.0400,100.0080,37.8110,-1.7383,3
-0.5788,-1.4519,-11.3011,0.0110,0.1480,0.1950,48.0000,21.9527,0.0100,100.0020,37.9087,-1.7078,3
-0.6180,-1.5500,-11.1147,0.0060,0.1430,0.1950,48.0000,21.9817,0.0400,99.9900,37.7839,-1.8142,3
-0.5984,-1.5304,-11.4581,0.0260,0.1630,0.2060,48.0000,21.9654,0.0200,99.9710,37.9342,-1.7368,3
-0.5297,-1.5696,-11.4188,0.0080,0.1560,0.1870,48.0000,22.0089,-0.0100,99.9700,38.0344,-1.6121,3
-0.6082,-1.5696,-11.3698,0.0000,0.1530,0.1970,48.0000,22.0134,-0.0400,99.9780,37.9636,-1.5019,3
-0.5592,-1.5107,-11.1932,0.0020,0.1490,0.2000,48.0000,21.9785,-0.0300,99.9900,37.8397,-1.5923,3
-0.5395,-1.5205,-11.2521,0.0070,0.1530,0.1880,48.0000,22.0268,0.0000,99.9970,37.8932,-1.6416,3
-0.6180,-1.4911,-11.0362,0.0140,0.1460,0.1960,48.0000,22.0062,0.0400,99.9970,37.9279,-1.7787,3
-0.5984,-1.5009,-11.2717,0.0000,0.1590,0.1990,48.0000,22.0295,0.0700,99.9750,37.8641,-1.8684,3
-0.6180,-1.5304,-11.8897,0.0150,0.1790,0.1960,48.0000,22.0516,0.0100,99.9530,37.9641,-1.6509,3
-0.5788,-1.4715,-11.4777,0.0010,0.1600,0.2030,48.0000,22.0347,-0.0500,99.9540,37.9225,-1.5330,3
-0.5886,-1.5598,-11.0657,-0.0030,0.1430,0.1760,48.0000,21.9882,-0.0500,99.9700,37.8582,-1.5067,3
-0.5690,-1.4617,-10.7714,0.0080,0.1340,0.2060,48.0000,22.0332,-0.0100,99.9880,37.7241,-1.6775,3
-0.6278,-1.4911,-10.9872,0.0120,0.1480,0.1970,48.0000,22.0027,0.0400,99.9910,37.7576,-1.7902,3
-0.5886,-1.5205,-11.3404,0.0170,0.1550,0.1820,48.0000,22.0200,0.0200,99.9860,37.7595,-1.7174,3
-0.6278,-1.4519,-11.3992,0.0110,0.1560,0.1930,48.0000,22.0026,0.0000,99.9820,37.8508,-1.6376,3
-0.5494,-1.6186,-11.1736,0.0000,0.1480,0.1950,48.0000,21.9942,-0.0100,99.9730,37.8060,-1.5881,3
-0.5592,-1.5990,-11.2030,0.0040,0.1550,0.1810,48.0000,22.0250,0.0000,99.9670,37.7364,-1.6353,3
-0.5395,-1.5009,-11.1736,0.0250,0.1450,0.1930,48.0000,22.0154,0.0000,99.9640,37.9489,-1.6621,3
-0.5592,-1.5205,-11.3109,0.0010,0.1590,0.1910,48.0000,21.9909,0.0200,99.9650,38.0553,-1.6556,3
-0.5788,-1.5107,-11.1932,0.0060,0.1410,0.1830,48.0000,21.9870,0.0000,99.9690,37.9879,-1.6105,3
-0.5690,-1.5107,-11.3011,0.0060,0.1500,0.1840,48.0000,21.9686,-0.0200,99.9790,37.9744,-1.5364,3
-0.5494,-1.4617,-11.0657,0.0000,0.1360,0.1950,48.0000,22.0074,-0.0200,99.9940,37.9550,-1.6018,3
-0.5886,-1.5205,-10.9381,0.0030,0.1420,0.1930,48.0000,22.0274,0.0500,99.9940,37.9269,-1.7943,3
-0.6376,-1.5598,-11.8112,0.0000,0.1650,0.1910,48.0000,22.0365,0.0000,99.9770,37.8640,-1.5607,3
-0.5494,-1.5794,-11.4679,0.0090,0.1540,0.1880,48.0000,22.0467,-0.0500,99.9830,37.9061,-1.4528,3
-0.5199,-1.5009,-10.9970,0.0060,0.1390,0.1900,48.0000,22.0209,-0.0200,99.9980,37.9707,-1.5893,3
-0.6278,-1.5205,-10.9087,0.0160,0.1340,0.1920,48.0000,21.9749,0.0200,100.0040,37.9117,-1.7214,3
-0.5690,-1.5696,-11.4286,0.0190,0.1570,0.1910,48.0000,21.9596,0.0400,100.0010,37.9605,-1.7056,3
-0.5592,-1.5107,-11.3404,0.0160,0.1510,0.1850,49.0000,21.9833,0.0000,99.9990,38.1834,-1.6163,3
-0.5690,-1.6186,-11.0559,-0.0120,0.1410,0.1820,48.0000,22.0059,0.0000,100.0060,38.1214,-1.5820,3
-0.5690,-1.5696,-11.3109,0.0060,0.1600,0.2030,48.0000,22.0372,0.0000,100.0120,37.8600,-1.6009,3
-0.6082,-1.5009,-11.2815,0.0170,0.1510,0.1840,48.0000,22.0055,0.0000,100.0160,38.0171,-1.6091,3
-0.6180,-1.5500,-11.4385,0.0040,0.1620,0.1920,48.0000,22.0266,-0.0100,100.0170,38.0323,-1.5431,3
-0.6082,-1.5107,-11.1638,0.0030,0.1510,0.1870,48.0000,21.9918,0.0100,100.0140,38.0025,-1.6566,3
-0.5788,-1.5304,-11.1540,0.0200,0.1430,0.1970,48.0000,22.0042,0.0300,100.0050,38.0404,-1.7221,3
-0.5592,-1.5205,-11.5464,0.0030,0.1650,0.1850,48.0000,21.9901,0.0300,100.0030,38.1216,-1.6655,3
-0.6376,-1.5696,-11.6641,0.0080,0.1650,0.1940,48.0000,22.0226,-0.0500,100.0110,38.0466,-1.4158,3
-0.5101,-1.5598,-10.3495,0.0060,0.1140,0.1850,48.0000,22.0308,-0.0300,100.0330,37.9770,-1.5650,3
-0.6376,-1.5500,-10.6046,0.0040,0.1300,0.1900,48.0000,22.0233,0.0900,100.0280,37.9056,-1.8762,3
-0.6965,-1.5598,-11.7328,0.0290,0.1800,0.1910,48.0000,22.0271,0.0700,99.9990,37.9809,-1.7140,3
-0.5886,-1.5598,-11.4090,0.0150,0.1540,0.1940,48.0000,22.0437,0.0000,99.9880,38.0877,-1.5363,3
-0.5592,-1.5892,-11.0461,-0.0020,0.1500,0.1890,48.0000,22.0208,0.0300,99.9810,38.1405,-1.6620,3
-0.6376,-1.5009,-11.2128,0.0070,0.1480,0.2020,48.0000,22.0079,0.0300,99.9690,38.0363,-1.6862,3
-0.6082,-1.4617,-11.3109,0.0240,0.1540,0.2070,48.0000,21.9706,0.0200,99.9710,38.0428,-1.6785,3
-0.6475,-1.5304,-11.4875,0.0080,0.1610,0.1820,48.0000,21.9775,0.0000,99.9780,38.1498,-1.5721,3
-0.6082,-1.6285,-11.3600,-0.0170,0.1510,0.2000,48.0000,21.9770,-0.0500,99.9940,37.8885,-1.4783,3
-0.5886,-1.5107,-10.9480,0.0050,0.1380,0.1860,48.0000,22.0033,-0.0300,100.0120,37.8440,-1.5989,3
-0.6082,-1.5598,-11.1147,0.0060,0.1480,0.1850,48.0000,22.0207,0.0000,100.0190,37.7695,-1.6133,3
-0.5984,-1.4911,-11.2815,0.0100,0.1550,0.2050,48.0000,22.0314,0.0100,100.0120,37.8058,-1.6848,3
-0.5592,-1.5009,-11.3600,0.0120,0.1570,0.1920,48.0000,22.0086,0.0100,99.9940,37.9081,-1.6613,3
-0.6082,-1.5304,-11.4679,0.0050,0.1600,0.1830,48.0000,22.0040,0.0000,99.9820,37.9738,-1.5851,3
-0.5886,-1.5990,-11.3502,0.0100,0.1580,0.2010,48.0000,22.0086,-0.0100,99.9810,37.9559,-1.5413,3
-0.5984,-1.4813,-11.3502,0.0050,0.1540,0.1930,48.0000,21.9619,-0.0200,99.9890,38.0320,-1.5599,3
-0.5690,-1.5598,-11.3796,0.0130,0.1500,0.1950,48.0000,21.9528,-0.0200,99.9970,37.9738,-1.5402,3
-0.5592,-1.5794,-11.2325,0.0020,0.1490,0.1970,48.0000,21.9797,-0.0200,100.0060,37.9653,-1.5236,3
-0.5788,-1.4519,-11.2717,0.0140,0.1560,0.1860,48.0000,21.9759,0.0000,100.0140,37.9404,-1.6482,3
-0.5494,-1.5402,-11.0461,0.0060,0.1400,0.2030,48.0000,22.0177,0.0000,100.0150,37.8973,-1.5978,3
-0.5984,-1.4911,-11.1736,0.0000,0.1540,0.1920,48.0000,21.9959,0.0300,100.0060,37.8746,-1.7342,3
-0.6180,-1.5304,-11.4777,0.0170,0.1660,0.1940,48.0000,21.9972,0.0300,99.9880,37.9299,-1.6589,3
-0.5592,-1.4421,-11.1736,0.0180,0.1510,0.2000,48.0000,22.0073,0.0000,99.9790,38.0539,-1.6412,3
-0.5984,-1.6088,-11.3796,-0.0050,0.1650,0.1890,48.0000,21.9869,0.0000,99.9810,37.9943,-1.5459,3
-0.6180,-1.5500,-11.1638,0.0000,0.1430,0.2020,48.0000,21.9689,-0.0200,99.9980,37.8855,-1.5668,3
-0.5494,-1.5009,-11.1932,0.0030,0.1480,0.1950,48.0000,22.0181,0.0000,100.0130,37.8798,-1.6458,3
-0.6573,-1.5598,-11.2423,0.0080,0.1520,0.1890,48.0000,21.9800,0.0000,100.0210,37.8284,-1.6062,3
-0.6180,-1.5794,-11.1638,-0.0010,0.1450,0.1930,48.0000,21.9868,0.0000,100.0280,37.7314,-1.5894,3
-0.5788,-1.5205,-11.0362,0.0100,0.1450,0.1900,48.0000,21.9763,0.0400,100.0220,37.6498,-1.7698,3
-0.6376,-1.5500,-11.1343,0.0170,0.1580,0.1990,48.0000,21.9894,0.0600,100.0030,37.8048,-1.7922,3
-0.5886,-1.4911,-11.2128,0.0180,0.1480,0.2000,48.0000,22.0182,0.0400,99.9850,37.9193,-1.7608,3
-0.6278,-1.4617,-11.7131,0.0130,0.1700,0.1940,48.0000,21.9857,0.0100,99.9770,38.0352,-1.6362,3
-0.5984,-1.5304,-11.5562,-0.0020,0.1580,0.1840,48.0000,21.9612,-0.0600,99.9870,38.0274,-1.4329,3
-0.4905,-1.5598,-10.8106,-0.0120,0.1200,0.1790,48.0000,21.9777,-0.0500,100.0110,37.8832,-1.5096,3
-0.6180,-1.5794,-10.8989,0.0000,0.1430,0.1990,48.0000,21.9718,0.0400,100.0180,37.6181,-1.8061,3
-0.5592,-1.5205,-11.2815,0.0180,0.1530,0.1860,48.0000,22.0227,0.0500,100.0100,37.6239,-1.8252,3
-0.6769,-1.4715,-11.5660,0.0310,0.1680,0.1890,48.0000,22.0038,0.0200,99.9950,37.8887,-1.7091,3
-0.5984,-1.5107,-11.3011,0.0130,0.1550,0.1890,48.0000,22.0394,0.0000,99.9840,38.0838,-1.6474,3
-0.5690,-1.5205,-11.1147,0.0000,0.1410,0.1930,48.0000,22.0553,0.0000,99.9780,37.9858,-1.6506,3
-0.7063,-1.6285,-11.6248,0.0130,0.1680,0.1880,48.0000,21.9946,-0.0300,99.9760,37.9556,-1.5291,3
-0.5886,-1.5990,-11.3011,0.0080,0.1390,0.1900,48.0000,21.9789,-0.0800,99.9890,37.9324,-1.4473,3
-0.5395,-1.5205,-10.7518,0.0080,0.1240,0.1980,48.0000,22.0124,-0.0300,100.0080,37.9018,-1.6350,3
-0.5395,-1.4519,-10.9087,0.0120,0.1510,0.1910,48.0000,22.0301,0.0500,100.0080,37.9398,-1.8670,3
-0.6475,-1.4813,-11.6935,0.0120,0.1790,0.1900,48.0000,22.0200,0.0100,100.0000,37.9911,-1.6642,3
-0.5886,-1.5402,-11.6052,-0.0100,0.1650,0.1960,48.0000,21.9864,-0.0500,100.0060,37.9000,-1.4515,3
-0.5494,-1.5304,-10.8400,0.0030,0.1320,0.1820,48.0000,21.9592,-0.0200,100.0170,37.8208,-1.6374,3
-0.5494,-1.5598,-11.0755,0.0040,0.1410,0.1990,48.0000,21.9822,0.0200,100.0090,37.7234,-1.7374,3
-0.6376,-1.3930,-11.4385,0.0250,0.1570,0.1940,48.0000,21.9625,0.0300,99.9980,37.8396,-1.7584,3
-0.4611,-1.4617,-11.3207,0.0330,0.1590,0.1940,48.0000,21.9738,0.0100,99.9960,38.2088,-1.7141,3
-0.5395,-1.5794,-11.3207,-0.0190,0.1630,0.1850,49.0000,22.0080,0.0000,99.9930,38.1366,-1.6081,3
-0.6376,-1.5794,-11.3502,-0.0030,0.1490,0.1920,48.0000,22.0061,-0.0400,100.0020,37.8019,-1.5094,3
-0.6573,-1.5205,-11.0068,0.0110,0.1450,0.1890,48.0000,21.9773,-0.0200,100.0180,37.7754,-1.6422,3
-0.5984,-1.4813,-11.2226,0.0130,0.1490,0.1870,48.0000,21.9738,0.0000,100.0230,37.7905,-1.6730,3
-0.5886,-1.4911,-10.8597,0.0050,0.1300,0.1830,48.0000,21.9791,0.0300,100.0190,37.8711,-1.7811,3
-0.5984,-1.5598,-11.4581,0.0110,0.1650,0.1970,48.0000,21.9874,0.0500,100.0030,37.9163,-1.7526,3
-0.6376,-1.5107,-11.4679,0.0090,0.1600,0.1970,48.0000,21.9852,0.0000,99.9940,37.9785,-1.6452,3
-0.5690,-1.5107,-11.3600,0.0000,0.1620,0.1910,48.0000,21.9679,-0.0300,100.0020,38.0117,-1.5726,3
-0.5395,-1.5598,-11.0559,0.0050,0.1340,0.1890,48.0000,21.9720,-0.0400,100.0160,37.9099,-1.5683,3
-0.5395,-1.5107,-10.9774,0.0010,0.1390,0.1910,48.0000,21.9753,0.0000,100.0250,37.9315,-1.7013,3
-0.6475,-1.4911,-11.3698,0.0000,0.1660,0.1910,48.0000,21.9892,0.0400,100.0200,37.9081,-1.8050,3
-0.5984,-1.4715,-11.3207,0.0040,0.1540,0.1910,48.0000,22.0315,0.0000,100.0200,37.8636,-1.6747,3
-0.6573,-1.5009,-11.0068,0.0050,0.1430,0.1940,48.0000,22.0163,0.0200,100.0140,37.9158,-1.7561,3
-0.5788,-1.5794,-11.2717,0.0060,0.1520,0.1950,48.0000,22.0326,0.0500,99.9920,37.9224,-1.7752,3
-0.5984,-1.5598,-11.4090,0.0080,0.1540,0.1810,48.0000,22.0483,0.0100,99.9730,37.9882,-1.6551,3
-0.6573,-1.5205,-11.5562,0.0090,0.1600,0.1990,48.0000,22.0389,-0.0400,99.9770,37.9283,-1.5345,3
-0.5984,-1.5598,-11.2815,0.0090,0.1480,0.2030,48.0000,22.0561,-0.0600,100.0020,37.9429,-1.5213,3
-0.6376,-1.5892,-10.8499,-0.0010,0.1340,0.1900,48.0000,21.9993,-0.0100,100.0270,37.9019,-1.6164,3
-0.6278,-1.5598,-10.8695,0.0060,0.1370,0.1910,48.0000,22.0070,0.0400,100.0300,37.8152,-1.7838,3
-0.6376,-1.5107,-11.6641,0.0150,0.1670,0.1920,48.0000,21.9690,0.0300,100.0170,37.8200,-1.7234,3
-0.6082,-1.4813,-11.2521,0.0170,0.1460,0.1940,48.0000,21.9951,-0.0100,100.0130,37.9521,-1.6316,3
-0.5395,-1.5696,-11.1442,-0.0060,0.1450,0.1990,48.0000,21.9636,0.0000,100.0070,37.7327,-1.6726,3
-0.6180,-1.4911,-11.1932,0.0080,0.1540,0.1890,48.0000,21.9808,0.0300,99.9960,37.7248,-1.7608,3
-0.5984,-1.5107,-11.5464,0.0060,0.1730,0.1880,48.0000,22.0030,0.0000,99.9860,37.8462,-1.6749,3
-0.4905,-1.5009,-11.0853,0.0170,0.1330,0.1990,48.0000,21.9823,-0.0300,99.9930,37.8657,-1.6184,3
-0.5395,-1.5696,-11.1834,0.0050,0.1440,0.1970,48.0000,22.0103,0.0000,100.0020,37.7692,-1.6962,3
-0.6278,-1.5892,-11.3502,0.0080,0.1570,0.1930,48.0000,22.0076,0.0000,100.0090,37.7486,-1.6103,3
-0.5690,-1.5107,-10.9970,0.0160,0.1430,0.2010,48.0000,21.9516,0.0000,100.0160,37.8494,-1.6991,3
-0.6082,-1.4911,-11.1049,0.0030,0.1350,0.2060,48.0000,21.9316,0.0100,100.0100,37.8326,-1.7160,3
-0.5592,-1.4715,-11.2913,0.0100,0.1550,0.1920,48.0000,21.9612,0.0200,99.9930,37.7814,-1.7339,3
-0.5297,-1.5009,-11.3109,0.0160,0.1500,0.1850,49.0000,21.9755,0.0300,99.9740,37.8371,-1.7692,3
-0.6278,-1.5990,-11.4777,0.0120,0.1690,0.1910,49.0000,21.9920,0.0100,99.9610,37.9835,-1.6919,3
-0.5690,-1.4813,-11.4679,0.0150,0.1610,0.1970,49.0000,22.0144,-0.0200,99.9620,38.0382,-1.6104,3
-0.5886,-1.5304,-11.3698,0.0050,0.1590,0.1970,48.0000,22.0355,-0.0400,99.9770,38.0112,-1.5351,3
-0.6278,-1.5598,-11.2913,0.0060,0.1500,0.1910,48.0000,22.0331,-0.0500,99.9980,37.8829,-1.5246,3
-0.6278,-1.4715,-10.8204,0.0080,0.1320,0.1930,48.0000,21.9763,-0.0200,100.0190,37.8151,-1.6411,3
-0.6278,-1.4813,-11.1245,0.0070,0.1540,0.1850,48.0000,21.9682,0.0400,100.0190,37.8115,-1.7759,3
-0.5886,-1.5304,-11.3894,0.0130,0.1550,0.1940,48.0000,21.9782,0.0100,100.0060,37.8954,-1.6684,3
-0.5297,-1.4813,-11.0951,0.0020,0.1460,0.1930,48.0000,22.0050,0.0100,100.0020,38.0297,-1.6928,3
-0.5788,-1.5205,-11.1540,0.0090,0.1430,0.1880,48.0000,21.9819,0.0300,99.9890,37.9481,-1.7707,3
-0.6376,-1.5402,-11.6641,0.0100,0.1770,0.1930,48.0000,21.9824,0.0200,99.9810,37.9860,-1.6566,3
-0.5494,-1.4911,-11.2521,0.0080,0.1480,0.1970,48.0000,22.0009,-0.0500,99.9940,38.0134,-1.5576,3
-0.5199,-1.5696,-11.1638,-0.0090,0.1320,0.1970,48.0000,21.9911,-0.0600,100.0110,37.8987,-1.4894,3
-0.5984,-1.5304,-10.7321,0.0170,0.1340,0.1920,48.0000,21.9858,0.0100,100.0220,37.8090,-1.7404,3
-0.5788,-1.5009,-11.3502,0.0130,0.1520,0.1880,48.0000,21.9938,0.0500,100.0150,37.9303,-1.7372,3
-0.6671,-1.5892,-11.6641,-0.0010,0.1720,0.1840,48.0000,21.9763,0.0100,100.0050,37.9128,-1.5800,3
-0.5690,-1.6186,-11.2128,0.0070,0.1360,0.1900,48.0000,21.9968,-0.0400,100.0010,37.8660,-1.5298,3
-0.5494,-1.5205,-10.8695,0.0100,0.1350,0.1830,48.0000,22.0616,0.0300,99.9930,37.9101,-1.7410,3
-0.6180,-1.5892,-11.4679,0.0050,0.1560,0.1920,48.0000,22.0221,0.0300,99.9730,37.9378,-1.6765,3
-0.5886,-1.4617,-11.4777,0.0280,0.1620,0.1880,48.0000,22.0083,0.0000,99.9740,38.1199,-1.6089,3
-0.5592,-1.5205,-11.2619,0.0110,0.1540,0.1890,49.0000,22.0428,-0.0100,99.9840,38.2706,-1.5339,3
-0.6180,-1.4715,-11.0166,-0.0010,0.1390,0.2030,48.0000,22.0599,-0.0100,99.9980,38.0861,-1.5678,3
-0.6475,-1.5402,-11.1736,0.0040,0.1450,0.1830,48.0000,22.0565,0.0000,100.0020,37.9277,-1.6295,3
-0.6965,-1.4617,-11.4581,0.0090,0.1610,0.1910,48.0000,22.0587,0.0100,99.9970,37.9524,-1.6383,3
-0.6475,-1.5794,-11.2128,0.0060,0.1420,0.1830,48.0000,22.0232,0.0000,99.9900,38.0898,-1.5818,3
-0.5592,-1.5205,-11.2226,0.0020,0.1490,0.1950,48.0000,22.0276,0.0300,99.9790,37.8561,-1.6844,3
-0.6180,-1.5009,-11.5071,0.0190,0.1620,0.1930,48.0000,21.9871,0.0100,99.9680,37.9409,-1.6455,3
-0.5984,-1.5107,-11.4385,0.0150,0.1680,0.1850,48.0000,22.0252,0.0000,99.9680,38.1051,-1.5466,3
-0.5199,-1.5304,-11.2521,-0.0010,0.1480,0.1900,48.0000,21.9962,-0.0200,99.9790,38.0734,-1.4994,3
-0.5592,-1.5304,-11.1343,-0.0080,0.1560,0.1830,48.0000,21.9917,0.0000,99.9910,37.8752,-1.5513,3
-0.6376,-1.5402,-11.4581,0.0000,0.1570,0.1960,48.0000,21.9898,-0.0300,100.0020,37.7513,-1.4735,3
-0.6082,-1.5304,-10.8302,0.0150,0.1270,0.1920,48.0000,22.0070,-0.0100,100.0220,37.8149,-1.6083,3
-0.6376,-1.5205,-10.9480,0.0130,0.1430,0.1970,48.0000,21.9869,0.0600,100.0130,37.9240,-1.7603,3
-0.5984,-1.5402,-11.3109,0.0000,0.1530,0.1920,48.0000,22.0009,0.0800,99.9920,37.8278,-1.7920,3
-0.5886,-1.5009,-11.8603,0.0140,0.1700,0.1960,48.0000,21.9961,0.0200,99.9760,37.9091,-1.6353,3
-0.5788,-1.4911,-11.5366,0.0140,0.1600,0.1870,48.0000,21.9815,-0.0400,99.9830,38.0542,-1.4724,3
-0.5101,-1.5794,-11.1834,-0.0050,0.1450,0.1820,48.0000,21.9971,-0.0400,100.0060,37.9619,-1.4534,3
-0.5297,-1.5892,-10.8008,0.0060,0.1270,0.1930,48.0000,22.0000,0.0000,100.0250,37.8725,-1.6228,3
-0.5886,-1.5990,-11.1834,0.0060,0.1540,0.1930,48.0000,22.0157,0.0300,100.0230,37.8355,-1.6680,3
-0.6180,-1.4224,-11.1442,0.0320,0.1470,0.1830,48.0000,22.0153,0.0500,100.0190,38.0569,-1.7707,3
-0.6082,-1.5304,-11.6445,-0.0060,0.1560,0.1950,48.0000,22.0054,0.0300,100.0060,38.1342,-1.6232,3
-0.5494,-1.5107,-11.4679,0.0020,0.1510,0.1990,48.0000,21.9963,0.0000,99.9990,37.8926,-1.6201,3
-0.6082,-1.4126,-11.3992,0.0070,0.1540,0.1980,48.0000,22.0091,0.0000,99.9990,37.9692,-1.6256,3
-0.6278,-1.5107,-11.3011,0.0170,0.1530,0.1860,48.0000,21.9960,0.0000,99.9980,37.9917,-1.6276,3
-0.5494,-1.5696,-11.4188,0.0070,0.1560,0.1850,48.0000,21.9783,0.0000,100.0030,38.0448,-1.5802,3
-0.5788,-1.5304,-11.0264,0.0000,0.1430,0.2020,48.0000,21.9921,0.0000,100.0130,37.8393,-1.6839,3
-0.6082,-1.5598,-11.4090,0.0040,0.1580,0.1770,48.0000,21.9831,0.0000,100.0200,37.8005,-1.5586,3
-0.5788,-1.5107,-11.2913,0.0010,0.1440,0.1950,48.0000,21.9778,-0.0500,100.0330,37.8154,-1.5055,3
-0.5984,-1.5205,-10.8499,0.0080,0.1250,0.1830,48.0000,21.9957,0.0000,100.0390,37.7694,-1.6761,3
-0.5984,-1.5402,-11.1638,0.0070,0.1520,0.1890,48.0000,21.9826,0.0600,100.0190,37.6472,-1.7815,3
-0.6475,-1.5794,-11.6052,0.0190,0.1560,0.1940,48.0000,21.9680,0.0000,99.9990,37.7851,-1.6260,3
-0.5297,-1.4519,-10.8695,0.0160,0.1300,0.1980,48.0000,21.9274,0.0200,99.9970,37.9751,-1.7183,3
-0.5788,-1.5990,-11.3796,-0.0010,0.1590,0.1890,48.0000,21.9415,0.0300,99.9950,37.9298,-1.6852,3
-0.5494,-1.5402,-11.4973,0.0170,0.1580,0.2010,48.0000,21.9894,-0.0100,99.9980,37.8767,-1.5791,3
-0.5886,-1.5304,-11.2521,0.0180,0.1480,0.2000,48.0000,22.0038,-0.0200,100.0130,38.0236,-1.5707,3
-0.5788,-1.4813,-11.1932,-0.0060,0.1510,0.1890,48.0000,22.0198,0.0100,100.0220,37.9460,-1.6676,3
-0.6180,-1.5892,-11.3207,-0.0020,0.1550,0.1880,48.0000,22.0117,0.0000,100.0250,37.8214,-1.6004,3
-0.5886,-1.5009,-11.2128,0.0140,0.1500,0.1910,48.0000,21.9839,0.0000,100.0260,37.7867,-1.6580,3
-0.6475,-1.4519,-11.1343,0.0070,0.1410,0.2100,48.0000,21.9630,0.0000,100.0200,37.7592,-1.6987,3
-0.5690,-1.4911,-11.0559,0.0120,0.1490,0.1880,48.0000,21.9652,0.0600,100.0060,37.8579,-1.8580,3
-0.6376,-1.5107,-11.6445,0.0140,0.1700,0.1870,48.0000,22.0150,0.0300,99.9870,37.9912,-1.7257,3
-0.5690,-1.5696,-11.2913,0.0110,0.1420,0.1820,48.0000,21.9948,-0.0300,99.9950,38.0198,-1.5784,3
-0.5984,-1.5990,-11.1932,-0.0030,0.1520,0.1890,48.0000,21.9958,-0.0100,100.0070,37.9791,-1.5777,3
-0.6082,-1.4911,-11.0461,0.0020,0.1440,0.1940,48.0000,22.0007,-0.0100,100.0180,37.8367,-1.6673,3
-0.5886,-1.5304,-10.9480,0.0160,0.1310,0.2060,48.0000,22.0422,0.0100,100.0210,37.8472,-1.7402,3
-0.6278,-1.4715,-11.3992,0.0090,0.1650,0.1890,48.0000,22.0050,0.0600,100.0020,37.9330,-1.8017,3
-0.6082,-1.4224,-11.7328,0.0050,0.1740,0.1940,48.0000,22.0309,0.0100,99.9810,37.9478,-1.6898,3
-0.6180,-1.5598,-11.4679,-0.0030,0.1610,0.1890,48.0000,22.0441,-0.0400,99.9810,37.9349,-1.5132,3
-0.6475,-1.4617,-10.9087,0.0000,0.1290,0.1890,48.0000,22.0130,-0.0500,99.9950,37.7937,-1.5822,3
-0.5984,-1.4813,-11.0068,0.0080,0.1420,0.1900,48.0000,21.9890,0.0000,100.0060,37.7594,-1.7007,3
-0.6769,-1.4813,-11.3305,0.0230,0.1500,0.1940,48.0000,21.9780,-0.0100,100.0120,37.8173,-1.6633,3
-0.6769,-1.4911,-11.0853,0.0010,0.1440,0.1890,48.0000,21.9638,0.0000,100.0210,37.7911,-1.6817,3
-0.6082,-1.5696,-11.2815,0.0060,0.1450,0.1910,48.0000,21.9234,-0.0100,100.0240,37.7094,-1.6256,3
-0.5395,-1.4617,-11.1049,0.0090,0.1400,0.1870,48.0000,21.9407,0.0000,100.0230,37.6235,-1.6992,3
-0.4807,-1.5500,-11.0657,0.0190,0.1490,0.1720,48.0000,21.9909,0.0500,100.0080,37.7086,-1.8086,3
-0.5494,-1.5304,-11.3796,0.0160,0.1530,0.1960,48.0000,21.9984,0.0200,99.9800,37.7620,-1.7294,3
-0.5592,-1.4617,-11.2717,0.0190,0.1410,0.1990,48.0000,22.0276,0.0000,99.9660,37.8834,-1.7241,3
-0.6278,-1.6088,-11.4875,0.0100,0.1570,0.1840,48.0000,21.9897,-0.0200,99.9680,37.9486,-1.5650,3
-0.5984,-1.5009,-11.0657,0.0130,0.1340,0.1970,48.0000,21.9554,-0.0400,99.9880,37.9124,-1.5963,3
-0.5788,-1.4911,-11.2128,0.0080,0.1490,0.2000,48.0000,22.0098,-0.0100,100.0000,37.8727,-1.6502,3
-0.6278,-1.5205,-11.0166,-0.0010,0.1390,0.1900,48.0000,22.0165,0.0200,100.0020,37.8439,-1.7834,3
-0.6180,-1.6088,-11.6445,0.0190,0.1590,0.1840,48.0000,22.0150,0.0000,99.9920,37.8120,-1.6040,3
-0.6082,-1.5500,-11.3894,0.0140,0.1530,0.1970,48.0000,21.9756,-0.0400,99.9860,37.8797,-1.5475,3
-0.5101,-1.5696,-11.0068,0.0060,0.1430,0.1910,48.0000,21.9680,-0.0100,99.9790,37.8288,-1.6747,3
-0.5494,-1.5205,-11.1638,0.0170,0.1560,0.1930,48.0000,21.9943,0.0100,99.9700,37.9234,-1.7345,3
-0.6180,-1.5402,-11.4875,0.0120,0.1660,0.1800,48.0000,21.9751,0.0000,99.9690,38.0056,-1.6599,3
-0.5395,-1.5304,-11.2717,0.0100,0.1470,0.2000,48.0000,22.0084,-0.0500,99.9830,38.1191,-1.5173,3
-0.5984,-1.5107,-11.5366,0.0110,0.1610,0.1950,48.0000,21.9972,-0.0500,100.0020,38.1078,-1.4937,3
-0.5788,-1.5402,-10.9185,-0.0030,0.1460,0.1880,48.0000,22.0383,-0.0200,100.0160,38.0311,-1.5993,3
-0.5984,-1.5304,-11.0657,-0.0010,0.1470,0.2020,48.0000,21.9958,0.0100,100.0200,37.8907,-1.7258,3
-0.6475,-1.5696,-11.6935,0.0050,0.1650,0.1840,48.0000,22.0269,-0.0100,100.0150,37.8491,-1.5889,3
-0.6278,-1.4617,-11.0951,0.0090,0.1410,0.1930,48.0000,22.0148,-0.0200,100.0150,37.9423,-1.6460,3
-0.5788,-1.5598,-11.0461,0.0040,0.1510,0.1900,48.0000,21.9779,0.0300,100.0070,37.9570,-1.7659,3
-0.5984,-1.6186,-11.3207,0.0070,0.1600,0.2010,48.0000,22.0109,0.0200,99.9950,37.8794,-1.7249,3
-0.5788,-1.5402,-11.2521,0.0140,0.1490,0.1960,48.0000,21.9922,0.0000,99.9930,38.0022,-1.6466,3
-0.6180,-1.5598,-11.0853,0.0040,0.1500,0.1850,48.0000,22.0080,0.0000,99.9980,38.0753,-1.6714,3
-0.6180,-1.5500,-11.2913,0.0000,0.1480,0.1950,48.0000,22.0205,-0.0100,99.9990,37.9484,-1.6328,3
-0.6082,-1.3832,-11.3011,0.0190,0.1460,0.2020,48.0000,21.9952,-0.0100,100.0080,37.9626,-1.6999,3
-0.6082,-1.4813,-11.1245,0.0100,0.1470,0.1930,48.0000,21.9979,0.0000,100.0120,38.0620,-1.6885,3
-0.6376,-1.5009,-11.4875,0.0000,0.1570,0.1990,48.0000,22.0005,0.0000,100.0040,37.9722,-1.6318,3
-0.5886,-1.5205,-11.2423,0.0070,0.1500,0.2020,48.0000,22.0283,-0.0100,100.0000,37.8788,-1.6544,3
-0.5690,-1.5304,-11.2521,0.0060,0.1520,0.1860,48.0000,21.9784,0.0000,100.0010,37.9335,-1.6718,3
-0.5395,-1.4519,-11.0559,0.0080,0.1290,0.1960,48.0000,21.9745,-0.0100,100.0090,37.9905,-1.6921,3
-0.5886,-1.5402,-11.1245,0.0000,0.1510,0.1890,48.0000,21.9849,0.0300,100.0120,37.9109,-1.7612,3
-0.5984,-1.4028,-11.5464,0.0140,0.1630,0.2020,48.0000,21.9854,0.0000,100.0110,37.9625,-1.6627,3
-0.5886,-1.5205,-11.2521,0.0040,0.1450,0.1910,48.0000,22.0173,-0.0200,100.0200,37.9199,-1.6036,3
-0.5690,-1.5107,-11.1540,-0.0130,0.1470,0.1960,48.0000,22.0228,0.0000,100.0250,37.7584,-1.6951,3
-0.6082,-1.5107,-10.9480,0.0100,0.1350,0.1980,48.0000,22.0196,0.0100,100.0190,37.6243,-1.7702,3
-0.6376,-1.5107,-11.4581,0.0100,0.1530,0.1900,48.0000,22.0001,0.0100,100.0100,37.6562,-1.7045,3
-0.6376,-1.4519,-11.1834,0.0160,0.1490,0.1930,48.0000,21.9710,0.0200,100.0010,37.8472,-1.7612,3
-0.5592,-1.4617,-11.1834,0.0140,0.1410,0.1800,48.0000,21.9831,0.0200,99.9920,37.8930,-1.7180,3
-0.5788,-1.5696,-11.5169,0.0050,0.1560,0.1870,48.0000,22.0013,0.0000,99.9910,37.8699,-1.6553,3
-0.5886,-1.5500,-11.3305,0.0030,0.1530,0.1850,48.0000,21.9983,0.0000,99.9900,37.8269,-1.6007,3
-0.5494,-1.4911,-11.1932,0.0140,0.1550,0.2020,48.0000,22.0408,0.0100,99.9890,37.8053,-1.6704,3
-0.6082,-1.4323,-11.1147,0.0090,0.1460,0.1960,48.0000,22.0342,0.0200,99.9900,37.8431,-1.7172,3
-0.6082,-1.4813,-11.2913,0.0150,0.1490,0.1970,48.0000,22.0046,0.0200,99.9890,37.7597,-1.7031,3
-0.6965,-1.5205,-11.3600,0.0060,0.1490,0.1890,48.0000,22.0099,0.0100,99.9840,37.8435,-1.6751,3
-0.5984,-1.5892,-11.2423,-0.0040,0.1440,0.1810,48.0000,21.9722,0.0100,99.9780,37.7178,-1.6369,3
-0.6180,-1.6285,-11.4188,0.0220,0.1630,0.2000,48.0000,21.9945,-0.0100,99.9790,37.6779,-1.5814,3
-0.5690,-1.5107,-10.8891,0.0230,0.1270,0.2040,48.0000,21.9966,-0.0100,99.9890,37.9520,-1.6578,3
-0.5984,-1.5107,-11.2226,0.0070,0.1620,0.1840,48.0000,21.9610,0.0600,99.9820,38.0231,-1.7931,3
-0.5788,-1.5990,-11.7524,0.0010,0.1690,0.1930,48.0000,21.9736,-0.0100,99.9800,37.9480,-1.4840,3
-0.5788,-1.5598,-11.4286,0.0060,0.1510,0.1920,48.0000,21.9857,-0.0800,99.9960,37.9285,-1.3835,3
-0.5494,-1.5892,-10.7419,0.0010,0.1200,0.1830,48.0000,22.0033,-0.0300,100.0110,37.8673,-1.5414,3
-0.5788,-1.5892,-10.9970,0.0130,0.1400,0.1890,48.0000,21.9782,0.0500,100.0000,37.8040,-1.7518,3
-0.6376,-1.5304,-11.4483,0.0190,0.1600,0.1980,48.0000,21.9801,0.0700,99.9730,37.9205,-1.7884,3
-0.5690,-1.4323,-11.8014,0.0250,0.1760,0.1920,49.0000,21.9963,0.0000,99.9570,38.1550,-1.5767,3
-0.5199,-1.5107,-11.2325,0.0070,0.1400,0.1890,49.0000,22.0217,-0.0500,99.9760,38.2450,-1.4628,3
-0.5592,-1.5402,-11.0362,-0.0030,0.1400,0.1980,48.0000,22.0001,-0.0200,99.9940,38.1094,-1.5521,3
-0.6278,-1.4813,-11.2913,0.0130,0.1580,0.1880,48.0000,22.0153,0.0000,100.0000,38.0607,-1.6012,3
-0.5886,-1.4519,-11.1147,0.0130,0.1460,0.1960,48.0000,22.0097,0.0000,100.0040,38.0191,-1.6299,3
-0.6573,-1.5304,-11.1147,0.0040,0.1370,0.1950,48.0000,22.0595,0.0200,100.0070,37.9255,-1.7013,3
-0.6278,-1.5500,-11.3207,0.0070,0.1500,0.1880,48.0000,22.0433,0.0100,100.0020,37.9731,-1.6237,3
-0.6278,-1.5500,-11.2815,0.0080,0.1520,0.1930,48.0000,22.0168,-0.0100,99.9990,37.9463,-1.5583,3
-0.6475,-1.5304,-11.4483,0.0230,0.1620,0.1950,48.0000,21.9705,-0.0200,99.9960,37.9358,-1.5320,3
-0.6082,-1.5794,-11.2128,0.0070,0.1460,0.1850,48.0000,22.0118,-0.0300,100.0030,37.9507,-1.5300,3
-0.5690,-1.5205,-11.0657,0.0110,0.1460,0.1960,48.0000,22.0269,0.0100,100.0110,37.8967,-1.6548,3
-0.5494,-1.5205,-11.1343,0.0150,0.1460,0.1950,48.0000,21.9875,0.0300,100.0130,38.0142,-1.7298,3
-0.5984,-1.4126,-11.7229,0.0150,0.1740,0.2030,48.0000,21.9657,0.0100,100.0090,38.0570,-1.6498,3
-0.6082,-1.4715,-11.2030,0.0010,0.1500,0.1880,48.0000,21.9887,0.0000,100.0170,38.0655,-1.5942,3
-0.6376,-1.5696,-10.9774,-0.0160,0.1410,0.1890,48.0000,21.9633,0.0100,100.0150,37.8523,-1.6475,3
-0.5788,-1.5402,-11.2423,0.0100,0.1510,0.1850,48.0000,21.9860,0.0200,100.0000,37.7231,-1.7145,3
-0.5788,-1.4519,-11.0068,0.0230,0.1360,0.1900,48.0000,21.9959,0.0300,99.9870,37.9038,-1.7682,3
-0.5199,-1.5107,-11.4483,0.0100,0.1540,0.1830,48.0000,22.0470,0.0400,99.9660,38.0646,-1.7068,3
-0.5788,-1.5990,-11.8309,0.0110,0.1740,0.1860,48.0000,22.0406,-0.0100,99.9590,38.0642,-1.4838,3
-0.5886,-1.5205,-11.2226,0.0000,0.1430,0.1930,48.0000,22.0266,-0.0900,99.9780,38.0225,-1.4030,3
-0.5788,-1.5794,-10.7910,-0.0080,0.1310,0.1870,48.0000,22.0237,-0.0100,100.0000,37.8043,-1.6220,3
-0.6573,-1.5794,-11.2619,0.0060,0.1510,0.1940,48.0000,22.0294,0.0100,100.0030,37.7412,-1.6685,3
-0.5788,-1.5598,-10.9480,0.0230,0.1320,0.1820,48.0000,21.9878,0.0300,100.0030,37.7574,-1.7554,3
-0.5984,-1.5402,-11.2423,0.0190,0.1520,0.1900,48.0000,21.9881,0.0500,99.9880,37.9212,-1.7483,3
-0.5886,-1.5205,-11.4581,0.0060,0.1550,0.1910,48.0000,21.9782,0.0100,99.9720,37.9729,-1.6640,3
-0.5690,-1.5205,-11.3305,0.0070,0.1550,0.1970,48.0000,22.0044,-0.0100,99.9700,38.0007,-1.5939,3
-0.5101,-1.5402,-11.1442,0.0100,0.1470,0.1900,48.0000,22.0110,0.0000,99.9770,38.0612,-1.6161,3
-0.5984,-1.5205,-11.5169,0.0040,0.1630,0.1950,48.0000,21.9803,-0.0200,99.9850,37.9524,-1.5072,3
-0.5690,-1.5107,-11.0559,0.0020,0.1310,0.1930,48.0000,21.9553,-0.0500,100.0040,37.8851,-1.4739,3
-0.5690,-1.4617,-11.0755,0.0010,0.1480,0.1970,48.0000,22.0001,0.0000,100.0190,37.7585,-1.6697,3
-0.5984,-1.4323,-11.2325,0.0230,0.1520,0.1930,48.0000,22.0349,0.0300,100.0170,37.8927,-1.7510,3
-0.6769,-1.5990,-11.3011,0.0020,0.1570,0.1990,48.0000,22.0143,0.0200,100.0060,37.8347,-1.6776,3
-0.6376,-1.5402,-11.3404,0.0120,0.1450,0.1860,48.0000,21.9902,-0.0100,99.9920,37.8995,-1.5995,3
-0.5690,-1.5107,-10.9676,0.0000,0.1340,0.1930,48.0000,22.0301,0.0100,99.9780,37.8405,-1.6858,3
-0.6180,-1.5990,-11.6248,0.0160,0.1620,0.1820,48.0000,22.0464,0.0000,99.9630,37.8011,-1.5627,3
-0.6376,-1.5304,-11.2423,0.0130,0.1440,0.1900,48.0000,22.0272,-0.0400,99.9710,37.9246,-1.5049,3
-0.5101,-1.5500,-10.8891,0.0030,0.1410,0.1920,48.0000,22.0280,-0.0100,99.9830,37.9013,-1.5825,3
-0.5788,-1.5500,-11.2521,0.0190,0.1530,0.1860,48.0000,22.0024,0.0000,99.9930,37.9258,-1.6098,3
-0.6573,-1.4715,-11.3796,0.0000,0.1510,0.2020,48.0000,22.0021,-0.0200,100.0030,37.9208,-1.5751,3
-0.6180,-1.5205,-11.0657,0.0030,0.1440,0.1900,48.0000,21.9614,0.0100,100.0060,37.9328,-1.6754,3
-0.5690,-1.6285,-11.6150,0.0010,0.1660,0.1890,48.0000,21.9907,-0.0100,99.9940,37.8452,-1.5128,3
-0.5101,-1.4715,-10.9970,0.0100,0.1400,0.1870,48.0000,22.0166,-0.0100,99.9930,37.8668,-1.6070,3
-0.5690,-1.5402,-11.0755,0.0110,0.1430,0.1880,48.0000,21.9922,0.0300,99.9900,37.8874,-1.7079,3
